,umbreon_vmax_215,rayquaza_vmax_218,giratina_v_186,gengar_vmax_271,charizard_v_154,magikarp_203,greninja_ex_214,latias_latios_170,charizard_gx_sv49,lugia_v_186,blaziken_vmax_201,charizard_ex_199,pikachu_ex_238,galarian_moltres_v_177,charmander_4,latias_ex_239,aerodactyl_v_180,milotic_ex_237,bulbasaur_1,snorlax_224,celebi_v_245,zapdos_ex_202,venusaur_ex_198,blastoise_ex_200,zeraora_v_166,shadow_rider_calyrex_vmax_205,groudon_199,charizard_ex_223,galarian_articuno_v_170,ice_rider_calyrex_vmax_203,raging_bolt_ex_208,eevee_188,squirtle_148,perrin_220,tornadus_v_185,galarian_zapdos_v_174,arceus_v_166,galarian_rapidash_v_168,pikachu_ex_247,alakazam_ex_201,charmander_168,galarian_slowking_v_179,bulbasaur_143,pikachu_173,squirtle_170,tyranitar_222,umbreon_130,iron_crown_ex_206,charizard_vstar_174,carmine_217,walking_wake_ex_205,teal_mask_ogerpon_24,bulbasaur_166,hydreigon_ex_240,raging_bolt_111,mortys_conviction_211,gastly_177,leafeon_v_167,glaceon_v_174,glaceon_v_175,espeon_v_180,sylveon_v_184,umbreon_v_189,dragonite_v_192,rayquaza_v_194,noivern_v_196,leafeon_vmax_205,sylveon_vmax_212,glaceon_vmax_209,umbreon_vmax_214,rayquaza_vmax_217,origin_forme_palkia_v_167,machamp_v_172,origin_forme_dialga_v_177,gyarados_21,m_tyranitar_ex_43,m_sceptile_ex_85,m_ampharos_ex_88,tyranitar_ex_91,m_tyranitar_ex_92,giratina_ex_93,lugia_ex_94,primal_kyogre_ex_96,primal_groudon_ex_97,hex_maniac_75a,empoleon_v_146,tyranitar_v_155,rapid_strike_urshifu_vmax_170,mew_25,gyarados_gx_18,gyarados_gx_112,charizard_vmax_20,charizard_11,m_charizard_ex_13,gyarados_34,m_charizard_ex_101,m_blastoise_ex_102,dragonite_ex_106,m_charizard_ex_13_flashfire,m_charizard_ex_69,charizard_ex_100,m_charizard_ex_107,m_charizard_ex_108,m_kangaskhan_ex_109,bosss_orders_189,m_rayquaza_ex_61,m_rayquaza_ex_76,shaymin_ex_77a,m_latios_ex_102,rayquaza_ex_104,m_rayquaza_ex_105,winona_108,cynthia_148,lillie_151,lusamine_153,mars_154,leafeon_gx_157,solgaleo_gx_173,slowpoke_psyduck_gx_35,mewtwo_mew_gx_71,umbreon_darkrai_gx_125,rowlet_alolan_exeggutor_gx_215,slowpoke_psyduck_gx_217,slowpoke_psyduck_gx_218,raichu_alolan_raichu_gx_221,mewtwo_mew_gx_222,mega_sableye_tyranitar_gx_226,garchomp_giratina_gx_228,mistys_favor_235,slowpoke_psyduck_gx_239,raichu_alolan_raichu_gx_241,mewtwo_mew_gx_242,mega_sableye_tyranitar_gx_245,garchomp_giratina_gx_247,dragonite_gx_248,blastoise_piplup_gx_38,togepi_cleffa_igglybuff_gx_143a,reshiram_zekrom_gx_157,vileplume_gx_211,charizard_braixen_gx_212,blastoise_piplup_gx_214,blastoise_piplup_gx_215,solgaleo_lunala_gx_216,arceus_dialga_palkia_gx_220,arceus_dialga_palkia_gx_221,reshiram_zekrom_gx_222,naganadel_guzzlord_gx_224,mega_lopunny_jigglypuff_gx_226,silvally_gx_227,cynthia_caitlin_228,lillies_full_force_230,mallow_lana_231,ns_resolve_232,professor_oaks_setup_233,red_blue_234,rosa_236,pikachu_241,lugia_gx_207,mina_211,professor_elms_lecture_213,whitney_214,suicune_gx_220,zeraora_gx_221,mimikyu_gx_226,lugia_gx_227,pheromosa_buzzwole_gx_192,reshiram_charizard_gx_194,muk_alolan_muk_gx_197,marshadow_machamp_gx_199,greninja_zoroark_gx_200,greninja_zoroark_gx_201,gardevoir_sylveon_gx_204,greens_exploration_209,reds_challenge_213,reshiram_charizard_gx_217,blastoise_gx_218,marshadow_machamp_gx_221,greninja_zoroark_gx_222,gardevoir_sylveon_gx_225,pikachu_vmax_188,clefable_1,flareon_3,jolteon_4,snorlax_11,meowth_56,aerodactyl_1,articuno_2,dragonite_4,gengar_5,kabutops_9,moltres_12,raichu_14,alakazam_1,blastoise_2,charizard_4,venusaur_18,dark_alakazam_1,dark_blastoise_3,dark_charizard_4,dark_dragonite_5,dark_dugtrio_6,dark_gyarados_8,dark_machamp_10,dark_slowbro_12,dark_vileplume_13,here_comes_team_rocket_15,dark_charizard_21,dark_raichu_83,blaine_17,giovanni_18,koga_19,sabrina_20,ampharos_1,blissey_2,celebi_3,crobat_4,entei_6,houndoom_8,misdreavus_11,raikou_13,suicune_14,shining_gyarados_65,shining_magikarp_66,dark_ampharos_1,dark_crobat_2,dark_espeon_4,dark_feraligatr_5,dark_gengar_6,dark_houndoom_7,dark_porygon2_8,dark_scizor_9,dark_typhlosion_10,dark_tyranitar_11,light_arcanine_12,light_dragonite_14,light_togetic_15,shining_celebi_106,shining_charizard_107,shining_kabutops_108,shining_mewtwo_109,shining_noctowl_110,shining_raichu_111,shining_steelix_112,shining_tyranitar_113,alakazam_1_legendary_collection,charizard_3,dark_blastoise_4,dark_dragonite_5_legendary_collection,dark_vaporeon_9,gengar_11,venusaur_18_legendary_collection,dark_dragonair_38,full_heal_energy_100,ampharos_H1,arcanine_H2,ariados_H3,azumarill_H4,bellossom_H5,blissey_H6,electrode_H7,entei_H8,espeon_H9,exeggutor_H10,houndoom_H11,hypno_H12,jumpluff_H13,kingdra_H14,lanturn_H15,magneton_H16,muk_H17,nidoking_H18,ninetales_H19,octillery_H20,scizor_H21,slowking_H22,steelix_H23,sudowoodo_H24,suicune_H25,togetic_H27,tyranitar_H28,umbreon_H29,victreebel_H30,vileplume_H31,zapdos_H32,scizor_32,umbreon_41,kingdra_148,lugia_149,nidoking_150,alakazam_H1,arcanine_H2_skyridge,articuno_H3,beedrill_H4,crobat_H5,dewgong_H6,flareon_H7,forretress_H8,gengar_H9,gyarados_H10,houndoom_H11_skyridge,jolteon_H12,ledian_H14,machamp_H15,magcargo_H16,magcargo_H17,magneton_H18,magneton_H19,moltres_H20,nidoqueen_H21,piloswine_H22,politoed_H23,poliwrath_H24,raichu_H25,raikou_H26,rhydon_H27,starmie_H28,steelix_H29,umbreon_H30,vaporeon_H31,xatu_H32,gengar_10,gyarados_11,machamp_16,umbreon_32,celebi_145,charizard_146,crobat_147,golem_148,ho_oh_149,kabutops_150,gyarados_8,jirachi_9,crobat_ex_96,deoxys_ex_97,deoxys_ex_98,deoxys_ex_99,manectric_ex_101,rayquaza_ex_102,salamence_ex_103,sharpedo_ex_104,rockets_raikou_ex_108,rayquaza_9,professor_birch_82,altaria_ex_90,cacturne_ex_91,camerupt_ex_92,deoxys_ex_93,dusclops_ex_94,medicham_ex_95,milotic_ex_96,raichu_ex_97,regice_ex_98,regirock_ex_99,registeel_ex_100,flareon_5,houndoom_7,blissey_ex_101,espeon_ex_102,ho_oh_ex_104,lugia_ex_105,politoed_ex_107,scizor_ex_108,steelix_ex_109,tyranitar_ex_111,umbreon_ex_112,entei_113,raikou_114,suicune_115,celebi_ex_117,dragonite_3,espeon_4,flareon_5_delta_species,jolteon_7,mewtwo_12,rayquaza_13,umbreon_17,vaporeon_18,flareon_ex_108,jolteon_ex_109,vaporeon_ex_110,groudon_111,kyogre_112,azumarill_114,gengar_5_legend_maker,mew_10,arcanine_ex_83,armaldo_ex_84,banette_ex_85,flygon_ex_87,mew_ex_88,regirock_91,registeel_92,pikachu_93,gyarados_8_holon_phantoms,rayquaza_16,crawdaunt_ex_99,mew_ex_100,mightyena_ex_101,gyarados_102,mew_111,blastoise_2_crystal_guardians,charizard_4_crystal_guardians,exploud_ex_92,groudon_ex_93,kyogre_ex_95,sceptile_ex_96,shiftry_ex_97,swampert_ex_98,altaria_ex_90_dragon_frontiers,dragonite_ex_91,flygon_ex_92,gardevoir_ex_93,latias_ex_95,latios_ex_96,rayquaza_ex_97,salamence_ex_98,tyranitar_ex_99,charizard_6,absol_ex_92,metagross_ex_95,salamence_ex_96,vaporeon_102,lucario_lvx_122,magmortar_lvx_123,mesprit_lvx_143,mewtwo_lvx_144,uxie_lvx_146,raichu_lvx_99,charizard_103,duskull_SH2,floatzel_gl_lvx_104,flygon_lvx_105,luxray_gl_lvx_109,snorlax_lvx_111,pikachu_112,flying_pikachu_113,surfing_pikachu_114,zekrom_ex_97,mewtwo_ex_98,emboar_100,chandelure_101,zoroark_102,hydreigon_103,victini_ex_131,articuno_ex_132,lugia_ex_134,colress_135,charizard_136,blastoise_137,genesect_ex_97,jirachi_ex_98,dialga_ex_99,palkia_ex_100,iris_101,exeggcute_102,virizion_103,dusknoir_104,rare_candy_105,charizard_19,zekrom_115,shaymin_ex_RC21,reshiram_RC22,emolga_RC23,mew_ex_RC24,venusaur_ex_141,blastoise_ex_142,m_manectric_ex_24a,m_gengar_ex_35,gengar_ex_114,m_gengar_ex_121,dialga_ex_122,kyogre_ex_148,primal_kyogre_ex_149,groudon_ex_150,m_aggron_ex_154,gardevoir_ex_155,m_gardevoir_ex_156,m_houndoom_ex_154,mewtwo_ex_157,mewtwo_ex_158,m_mewtwo_ex_159,m_mewtwo_ex_160,mewtwo_ex_163,mewtwo_ex_164,espeon_ex_52,delinquent_98b,m_gyarados_ex_115,espeon_ex_117,ho_oh_ex_121,skyla_122,gyarados_ex_123,zygarde_ex_54a,umbreon_ex_55,n_105a,shauna_111a,m_alakazam_ex_118,umbreon_ex_119,alakazam_ex_125,sylveon_gx_158,lucario_gx_135,dialga_gx_138,energy_recycler_143,rayquaza_gx_160,lisia_164,tate_liza_166,rayquaza_gx_177,ionos_bellibolt_ex_183,lillies_clefairy_ex_184,ns_zoroark_ex_185,hops_zacian_ex_186,salamence_ex_187,mistys_psyduck_193,ethans_ho_oh_ex_230,team_rockets_mewtwo_ex_231,cynthias_garchomp_ex_232,team_rockets_nidoking_ex_233,team_rockets_crobat_ex_234,arvens_mabosstiff_ex_235,ethans_adventure_236,team_rockets_giovanni_238,team_rockets_mewtwo_ex_240,walrein_39,seviper_102,galarian_rapidash_v_167,bounsweet_13,carvanha_35,sylveon_vmax_211,fletchinder_139,eiscue_47,claydol_145,phantump_16,farewell_bell_234,drakloak_129,staryu_52,wormadam_10,torkoal_23,haxorus_112,gabite_108,charizard_vstar_18,gallade_62,quilava_24,gapejaw_bog_142,shieldon_109,hisuian_lilligant_16,pidgey_162,capsakid_23,whiscash_109,altaria_160,cursed_duster_161,shauntal_243,toedscool_16,whismur_148,hand_trimmer_150,gastly_102,shaymin_13,zeraora_57,torterra_ex_12,bug_catching_set_143,darmanitan_35,wattrel_75,sandshrew_27,caterpie_10,energy_recycler_72,regice_24,entei_14,hex_maniac_75,dialga_20,surfing_pikachu_v_8,groudon_17,flying_pikachu_vmax_7,probopass_141,bewear_182,rowlet_17,clefairy_144,sawsbuck_16,bird_keeper_159,dracovish_53,galarian_stunfisk_v_128,dunsparce_137,diglett_55,m_venusaur_ex_100,electabuzz_41,machamp_break_60,charizard_spirit_link_75,scrafty_59,golem_47,dusclops_39,shinx_32,magnezone_ex_101,dialga_127,xatu_88,morty_186,larvitar_115,clefairy_74,capacious_bucket_156,eldegoss_v_19,litwick_31,durant_132,cramorant_v_54,buizel_22,crobat_v_44,horsea_20,team_yell_towel_63,leafeon_gx_139,dawn_wings_necrozma_gx_143,heatran_88,lickilicky_153,meltan_128,persian_gx_149,gardevoir_sylveon_gx_205,lucario_117,steenee_18,rowlet_alolan_exeggutor_gx_214,camerupt_24,keldeo_gx_240,dusclops_70,excadrill_122,allister_179,ampharos_v_171,skiddo_17,pidgeot_8,nidorina_40,oddish_58,gloom_37,cubone_50,zubat_57,slowbro_43,hypno_23,recycle_61,magnemite_60,dark_wartortle_46,dark_dragonite_22,sleep_79,fighting_energy_127,erika_16,croconaw_32,togepi_51,mantine_64,meganium_11,light_dragonair_22,unown_p_58,light_vaporeon_52,ledyba_71,dark_haunter_36,azumarill_4,grimer_79,smeargle_109,tyranitar_40,magikarp_75,golbat_60,cyclone_energy_143,houndour_66,raikou_28,masquerain_20,metagross_11,rain_castform_23,castform_30,ancient_technical_machine_rock_85,dark_ariados_30,dark_ampharos_2,larvitar_63,mudkip_107,slowpoke_76,seaking_24,lombre_34,magcargo_37,altaria_1,ludicolo_19,makuhita_54,torchic_69,electrike_48,whismur_73,tyrogue_33,unown_O,slowking_14,zubat_88,darkness_energy_103,koffing_72,clamperl_51,gastly_52,wailord_14,sentret_62,react_energy_82,nosepass_25,kabutops_9_holon_phantoms_ctrl,igglybuff_21,cacturne_15,aron_44,double_full_heal_77,nidoqueen_7,cloyster_14,ampharos_1_dragon_frontiers_ctrl,copycat_73,mantine_20,abra_69,meganium_13,cyndaquil_79,gardevoir_7,suicune_19,lombre_54,unown_s_39,slowpoke_82,arbok_33,makuhita_78,bronzong_16,aerodactyl_15,eevee_63,gastly_62,torterra_11,gyarados_19,cherrim_14,vaporeon_34,sandslash_42,magmortar_6,mime_jr_47,palkia_19,fire_energy_89,slowpoke_70,espeon_4_call_of_legends_ctrl,plusle_39,eevee_83,cresselia_ex_67,scizor_94,weezing_58,scramble_switch_129,scraggy_85,dragonair_82,vanilluxe_29,steelix_79,team_plasma_badge_104,ghetsis_101,swablu_103,ralts_59,zekrom_ex_52,stunfisk_RC12,spritzee_92,zorua_72,muscle_band_121,amaura_25,battle_reporter_88,noivern_77,machoke_45,mienshao_57,diggersby_90,m_aggron_ex_94,ninetales_21,chinchou_57,combusken_27,haunter_59,teddiursa_121,magnemite_51,hawlucha_87,magneton_53,aegislash_62,ferrothorn_80,splash_energy_113,ferroseed_79,potion_106,shuckle_1,minccino_87,binacle_22,grumpig_31,chandelure_50,gardevoir_spirit_link_101,rufflet_92,hawlucha_97,volcanion_ex_26,altar_of_the_sunne_118,heliolisk_44,patrat_107,tapu_koko_gx_153,pangoro_82,froakie_22,ultra_space_115,beast_ring_102,froakie_21,rainbow_brush_182,wailord_40,gorebyss_43,treecko_8,dunsparce_120,furret_168,wingull_38,swellow_157,electivire_ex_212,spikemuth_gym_169
2021-01-01,,,,,,,,,,,,,,,,,,,,,,,,,,,,,,,,,,,,,,,,,,,,,,,,,,,,,,,,,,,,,,,,,,,,,,,,,,,,,,,,,,,,,,,,,,,,,,,,,,,,,,,,,,,,,,,,,,,,,,,,,,,,,,,,,,,,,,,,,,,,,,,,,,,,,,,,,,,,,,,,,,,,,,,,,,,,,,,,,,,,,,,,,,,,,,,,,,,,,,,,,,,,,,,,,,,,,,,,,,,,,,,,,,,,,,,,,,,,,,,,,,,,,,,,,,,,,,,,,,,,,,,,,,,,,,,,,,,,,,,,,,,,,,,,,,,,,,,,,,,,,,,,,,,,,,,,,,,,,,,,,,,,,,,,,,,,,,,,,,,,,,,,,,,,,,,,,,,,,,,,,,,,,,,,,,,,,,,,,,,,,,,,,,,,,,,,,,,,,,,,,,,,,,,,,,,,,,,,,,,,,,,,,,,,,,,,,,,,,,,,,,,,,,,,,,,,,,,,,,,,,,,,,,,,,,,,,,,,,,,,,,,,,,,,,,,,,,,,,,,,,,,,,,,,,,,,,,,,,,,,,,,,,,,,,,,,,,,,,,,,,,,,,,,,,,,,,,,,,,,,,,,,,,,,,,,,,,,,,,,,,,,,,,,,,,,,,,,,,,,,,,,,,,,,,,,,,,,,,,,,,,,,,,,,,,,,,,,,,,,,,,,,,,,,,,,,,,,,,,,,,,,,,,,,,,,,,,,,,,,,,,,,,,,,,,,,,,,,,,,,,,,,,,,,,,,,,,,,,,,,,,,,,,,,,,,,,,,,,,,,,,,,,,,,,,,,,,,,,,,,,,,,,,,,,,,,,,,,,,,,,,,,,,
2021-02-01,,,,,,,,,,,,,,,,,,,,,,,,,,,,,,,,,,,,,,,,,,,,,,,,,,,,,,,,,,,,,,,,,,,,,,,,,,,,,,,,,,,,,,,,,,,,,,,,,,,,,,,,,,,,,,,,,,,,,,,,,,,,,,,,,,,,,,,,,,,,,,,,,,,,,,,,,,,,,,,,,,,,,,,,,,,,,,,,,,,,,,,,,,,,,,,,,,,,,,,,,,,,,,,,,,,,,,,,,,,,,,,,,,,,,,,,,,,,,,,,,,,,,,,,,,,,,,,,,,,,,,,,,,,,,,,,,,,,,,,,,,,,,,,,,,,,,,,,,,,,,,,,,,,,,,,,,,,,,,,,,,,,,,,,,,,,,,,,,,,,,,,,,,,,,,,,,,,,,,,,,,,,,,,,,,,,,,,,,,,,,,,,,,,,,,,,,,,,,,,,,,,,,,,,,,,,,,,,,,,,,,,,,,,,,,,,,,,,,,,,,,,,,,,,,,,,,,,,,,,,,,,,,,,,,,,,,,,,,,,,,,,,,,,,,,,,,,,,,,,,,,,,,,,,,,,,,,,,,,,,,,,,,,,,,,,,,,,,,,,,,,,,,,,,,,,,,,,,,,,,,,,,,,,,,,,,,,,,,,,,,,,,,,,,,,,,,,,,,,,,,,,,,,,,,,,,,,,,,,,,,,,,,,,,,,,,,,,,,,,,,,,,,,,,,,,,,,,,,,,,,,,,,,,,,,,,,,,,,,,,,,,,,,,,,,,,,,,,,,,,,,,,,,,,,,,,,,,,,,,,,,,,,,,,,,,,,,,,,,,,,,,,,,,,,,,,,,,,,,,,,,,,,,,,,,,,,,,,,,,,,,,,,,
2021-03-01,,,,,,,,,,,,,,,,,,,,,,,,,,,,,,,,,,,,,,,,,,,,,,,,,,,,,,,,,,,,,,,,,,,,,,,,,,,,,,,,,,,,,,,,,,,,,,,,,,,,,,,,,,,,,,,,,,,,,,,,,,,,,,,,,,,,,,,,,,,,,,,,,,,,,,,,,,,,,,,,,,,,,,,,,,,,,,,,,,,,,,,,,,,,,,,,,,,,,,,,,,,,,,,,,,,,,,,,,,,,,,,,,,,,,,,,,,,,,,,,,,,,,,,,,,,,,,,,,,,,,,,,,,,,,,,,,,,,,,,,,,,,,,,,,,,,,,,,,,,,,,,,,,,,,,,,,,,,,,,,,,,,,,,,,,,,,,,,,,,,,,,,,,,,,,,,,,,,,,,,,,,,,,,,,,,,,,,,,,,,,,,,,,,,,,,,,,,,,,,,,,,,,,,,,,,,,,,,,,,,,,,,,,,,,,,,,,,,,,,,,,,,,,,,,,,,,,,,,,,,,,,,,,,,,,,,,,,,,,,,,,,,,,,,,,,,,,,,,,,,,,,,,,,,,,,,,,,,,,,,,,,,,,,,,,,,,,,,,,,,,,,,,,,,,,,,,,,,,,,,,,,,,,,,,,,,,,,,,,,,,,,,,,,,,,,,,,,,,,,,,,,,,,,,,,,,,,,,,,,,,,,,,,,,,,,,,,,,,,,,,,,,,,,,,,,,,,,,,,,,,,,,,,,,,,,,,,,,,,,,,,,,,,,,,,,,,,,,,,,,,,,,,,,,,,,,,,,,,,,,,,,,,,,,,,,,,,,,,,,,,,,,,,,,,,,,,,,,,,,,,,,,,,,,,,,,,,,,,,,,,,,,,,
2021-04-01,,,,,,,,,,,,,,,,,,,,,,,,,,,,,,,,,,,,,,,,,,,,,,,,,,,,,,,,,,,,,,,,,,,,,,,,,,,,,,,,,,,,,,,,,,,,,,,,,,,,,,,,,,,,,,,,,,,,,,,,,,,,,,,,,,,,,,,,,,,,,,,,,,,,,,,,,,,,,,,,,,,,,,,,,,,,,,,,,,,,,,,,,,,,,,,,,,,,,,,,,,,,,,,,,,,,,,,,,,,,,,,,,,,,,,,,,,,,,,,,,,,,,,,,,,,,,,,,,,,,,,,,,,,,,,,,,,,,,,,,,,,,,,,,,,,,,,,,,,,,,,,,,,,,,,,,,,,,,,,,,,,,,,,,,,,,,,,,,,,,,,,,,,,,,,,,,,,,,,,,,,,,,,,,,,,,,,,,,,,,,,,,,,,,,,,,,,,,,,,,,,,,,,,,,,,,,,,,,,,,,,,,,,,,,,,,,,,,,,,,,,,,,,,,,,,,,,,,,,,,,,,,,,,,,,,,,,,,,,,,,,,,,,,,,,,,,,,,,,,,,,,,,,,,,,,,,,,,,,,,,,,,,,,,,,,,,,,,,,,,,,,,,,,,,,,,,,,,,,,,,,,,,,,,,,,,,,,,,,,,,,,,,,,,,,,,,,,,,,,,,,,,,,,,,,,,,,,,,,,,,,,,,,,,,,,,,,,,,,,,,,,,,,,,,,,,,,,,,,,,,,,,,,,,,,,,,,,,,,,,,,,,,,,,,,,,,,,,,,,,,,,,,,,,,,,,,,,,,,,,,,,,,,,,,,,,,,,,,,,,,,,,,,,,,,,,,,,,,,,,,,,,,,,,,,,,,,,,,,,,,,,,,,
2021-05-01,,,,,,,,,,,,,,,,,,,,,,,,,,,,,,,,,,,,,,,,,,,,,,,,,,,,,,,,,,,,,,,,,,,,,,,,,,,,,,,,,,,,,,,2.3587059942911512,6.244291151284491,,,,,,,,,,,0.03225654234088987,0.08467784746662471,0.09153182202473407,0.03467883053813334,0.08483907119403865,0.014934822358978389,,,,,,,,,,,,,,,,,,,,,,,,,,,,,,,,,,,,,,,,,,,,,,,,,,,,,,,,,,,,,,,,,,,,,,,,,,,,2.060560181680545,0.014153742215955821,0.02981729526495124,0.03192779931852896,0.03433791563858536,0.005423863235812478,0.018004436588128545,0.0351875103694494,0.05040832587415738,0.03445217558729489,0.017893829127860174,0.025751055379516725,0.0248477611206584,,,,,0.007177939973892859,0.03301994605878678,0.036124359384602886,,0.010852240693616956,0.010447935554979911,0.01125045077991274,0.011663898497061677,0.007708209527582652,0.00666697141928373,0.01466672761719008,0.019478771440616414,,,,,,,,,,,,,,,,,,,,,,,,,,,,,,,,,,,,,,,,,,,,,,,,,,,,,,,,,,,,,,,,,,,,,,,,,,,,,,,,,,,,,,,,,,,,,,,,,,,,,,,,,,,,,,,,,,,,,,,,,,,,,,,,,,,,,,,,,,,,,,,,,,,,,,,,,,,,,,,,,,,,,,,,,,,,,,,,,,,,,,,,,,,,,,,,,,,,,,,,,,,,,,,,,,,,,,,,,,,,,,,,,,,,,,,,,,,,,,,,,,,,,,,,,,,,,,,,,,,,,,,,,,,,,,,,,,,,,,,,,,,,,,,,,,,,,,,,,,,,,,,,,,,,,,,,,,,,,,,,,,,,,,,,,,,,,,,,,,,,,,,,,,,,,,,,,,,,,,,,,,,,,,,,,,,,,,,,,,,,,0.014030396571046577,,,,,,,,,,,,,,,,,,,,,,,,,,,,,,,,0.016377335213253436,,0.004216602044413113,,,,,,0.005223130068228416,,,0.019829236950238978,,,,,,,,,,,,,,,,,,,,,,,,,,,,,,,,,,,,,,,,,,,,,,,,,,,,,,,,,,,,,,,,,,,,,,,,,,,,,,,,,,,,,,,,,,,,,,,,,,,,,,,,,,,,,,,,,,,,,,,,,,,,,,,,,,,,,,,,,,,,,,,,,,,,,,,,,,
2021-06-01,,,,,,,,,,,,,,,,,,,,,,,,,,,,,,,,,,,,,,,,,,,,,,,,,,,,,,,,,,,,,,,,,,,,,,,,,,,0.9754993032977242,0.6045053413841152,,,1.091848583372039,0.6438690199721319,1.0,,1.1578030654900138,2.1951927542963308,,,2.1219228982814675,6.243961913608918,,,0.9818479277033343,0.802245831091985,0.2997405189620758,0.1299800399201597,0.08888223552894212,0.17021956087824353,0.12898203592814372,0.12760479041916167,0.03076911808866721,0.0759889550511598,0.0808302754645397,0.03307625262756989,0.08338277193059554,0.014436070400562502,0.5078969243557772,0.1820314504600271,,,0.18478061654631428,0.5224148674901947,0.32649096440746306,0.23870092738535978,,1.6525520796048394,0.26766411339394375,0.22857756460734482,0.28541771064499966,0.1984751950748085,0.09288646770882679,0.1558897836728249,,,0.18904942365387653,0.2306568766777199,0.277435654508132,0.25540817937786203,,,,,0.32338544133901787,0.8231091110058424,,,0.49751302700142114,4.620957309184993,,5.5433376455368695,,6.451487710219921,8.159120310478654,10.86934023285899,6.739974126778784,,13.913324708926261,8.261319534282018,,,,9.565329883570504,21.73868046571798,7.11901681759379,6.141009055627425,,9.36869340232859,27.267787839586028,11.059508408796894,0.49300274777941083,0.21959869640232602,,0.2507188957760879,0.56709693910154,0.13087098217138474,,0.8926129465141542,0.0854828162464579,0.26462253869069247,0.15258301242461672,0.23352466758700866,0.09768945724042724,0.15265567100196178,0.1373610404708276,0.3876698394245441,0.5268836736176706,0.6648986412846037,0.546392501634818,0.19145535130422148,0.20449756593765894,,2.0706434222502272,0.012647554806070826,0.03016341443828796,0.026234355462252352,0.02925714974016588,0.006022645145748013,0.01620468894090941,0.03445768603248918,0.05323606086401362,0.037858232247996025,0.01862319997162517,0.029565244378236506,0.021411913882386325,,,,,0.009374733446930399,0.03320829721435925,0.03399977386381444,,0.010852553256063524,0.010231670571152561,0.011250275231541634,0.011912814582213396,0.00770846681649842,0.004820271323749656,0.011885043471706198,0.01947945037005005,,,,,,,,,,,,,,,,,,,,,,,,,,,,,,,,,,,,,,,,,,,,,,,,,,,,,,,,,,,,,,,,,,,,,,,,,,,,,,,,,,,,,,,,,,,,,,,,,,,,,,,,,,,,,,,,,,,,,,,,,,,,,,,,,,,,,,,,,,,,,,,,,,,,,,,,,,,,,,,,,,,,,,,,,,,,,,,,,,,,,,,,,,,,,,,,,,,,,,,,,,,,,,,,,,,,,,,,,,,52.009523809523806,,,,,,,,,,,0.0739109735777196,0.07826293946575867,0.17192593895863303,0.09006654730240213,0.09966053631123024,0.09761133477536404,,,,,,,,,,,,,,,,,,,,,,,,,0.10703079353400706,0.16224492004068294,0.06751639220099111,0.37525697344788034,,,,,,,,0.18602814676932622,,0.2647714132611332,0.20529091575711428,0.30016639873649775,0.3377048255633584,,,,,,,,,,,,0.15223647280349592,0.24443102284435284,0.48744093509077335,0.6409236614033005,,,,,0.2657739350485028,,0.22147827920708563,,,,,,,,,,,,,,,,,,,,,,,,,,,,,,,,,,,,,,,,,,,,,,,,,,,,,,,,,,,,,,,,,,,,,,,,,,,0.11117764471057885,,0.07115768463073852,0.11403193612774451,,,,,0.012308379659130028,,,,,,,,,,,,,,,0.25939580499677856,0.11353711790393013,,,,,,,,0.15257381967471972,,,,,,0.19386683469859273,,0.018086576957933257,,0.004217285565153548,,,,,,0.005796889409094133,,,0.019829564727515816,,,,,,,,,,,,,,,,,,,,,,,,,,,,,,,,,,,,,,,,,,,,,,,,,,,,,,,,,,,,,,,,,,,,,,,,,,,,,,,,,,,,,,,,,,,,,,,,,,,,,,,,,,,,,,,,,,,,,,,,,,,,,,,,,,,,,,,,,,,0.25436305354386796,,,,,,0.03411008013496415,,,,,,,,,
2021-07-01,,,,,,,,,14.43690525444766,,2.8000951474785922,,,,,,,,,0.9000000000000001,,,,,,,,,,,,,,,,,,,,,,,,,,,,,,,,,,,,,,,,,,,,,,,,,,,,,,,0.9754031790230885,0.6044784777816452,,,1.097459101983989,0.8389604362455042,1.0,2.438798004408864,1.178907065784894,1.9510384035270913,,,2.5798648167911775,4.439819755721571,,,0.7867110688233429,0.6628205128205129,0.22174185564359297,0.10134841934395139,0.0583725751755838,0.13681875893990772,0.09535365873258224,0.09143215313157936,0.03149488320522617,0.07871473307262403,0.08250176053700124,0.03603482117439056,0.08976491212298288,0.013544897439355118,0.5078909612625538,0.22447988904299584,,,0.17493065187239948,0.3644244105409154,0.3360263522884882,0.2259361997226075,,1.606697878124292,0.28252661783583777,0.2349165596919127,0.3012534924110851,0.20950690931057916,0.09442060085836909,0.15599053387349082,,,0.1922506116882596,0.23934058000080222,0.34102121856323453,0.25967670771328866,,,,,0.32882756407685215,0.5939994384501224,0.23950102282299146,0.17199470538686776,0.505876218362681,4.582687338501292,,5.757105943152455,,6.501291989664082,8.155038759689923,10.863049095607234,6.397932816537468,,13.364341085271317,8.255813953488373,,,,11.11498708010336,21.72739018087855,7.390180878552972,7.279069767441861,,10.041343669250645,24.779069767441857,13.844961240310077,0.4832866009262468,0.2181090702876406,,0.2480073091585016,0.5596232002772439,0.12715415393339843,,0.7053022904130304,0.0790968045428581,0.2175330130035953,0.10171029199287658,0.15822721010718727,0.08618662007325022,0.14129229528577666,0.1391418299116293,0.34256241389738246,0.5058969792681698,0.5961829239608885,0.5057289741608144,0.1497261516750109,0.14408118006787407,,2.43745919223953,0.011251056756795483,0.020481737809683476,0.023340354497127052,0.027680580034102797,0.006022439066328505,0.017370941396415058,0.028126629934341143,0.04480857192531332,0.028800604430631066,0.018680254908315857,0.030146407007617625,0.023589107370147223,,,,,0.009374656218006596,0.025541205771672265,0.03133309613408167,,0.006836492080749498,0.010000029732496729,0.011249785678252761,0.008755229202861852,0.007708645318073295,0.004165522791445366,0.011115989442981497,0.01938459678274564,,,,,,,,,,,,,,,,,,,,,,,,,,,,,,,,,,,,,,,,,,,,,,,,,,,,,,,,,,,,,,,,,,,,,,,,,,,,,,,,,,,,0.007222222148808645,0.0024166574936402186,,0.003388844128630982,0.006555421311488624,0.0026944251036375797,0.01282025700243291,0.010270926492409557,0.006777820401700592,0.00407031299863878,,,0.0019528305140537592,0.0020000060786441766,0.0034555770701384355,0.0026833249707927755,0.005833384098821839,,,0.0025814416086101083,0.0032514139124572164,0.0026821356708451177,0.00597226790382052,,0.004308437277047555,0.002858416351975698,0.013333373857627845,,0.00283330890863626,0.002222273024417517,0.003694494215178982,0.0008889356386547325,0.003217320647291032,0.011244434571786607,0.0743333610396173,0.007485718159434115,0.00558614185414769,0.019132003969090358,0.006444419983040583,,,,,,,,,,,,,,,,,,,,,,,,,,,,,,,,,,,,,,,,,,,,,,,,,,,,,,,,,,,,,,,,,,,,,,,,,,,,,,,,,,,,,,,,,,,,,,,,,52.050000000000004,,,,,,,,,,,0.07391243646291709,0.07826113934981462,0.16183793454710924,0.0899214544627206,0.07934702235367726,0.0971503327455776,,,,,,,,,,,,,,,,0.06701118454987874,0.10371419326107643,,,,,,,,0.10702662961801689,0.15921549123698522,0.0663632137180915,0.3744364316528095,,,,,,,,0.19006284699715356,0.3198996702646338,0.20801510582532481,0.2258546346137587,0.27252487106501705,0.3199278527745681,,,0.26445919972042636,0.20688450113576795,0.19098374978158308,0.7091123536606676,0.3711340206185567,,,,,0.17413376881567735,0.30910962794660607,0.4507242260721386,0.7555206080859707,0.27564046895353883,0.24463742943986105,,,0.8093600334286908,,0.6756774131336183,,,,,,,,,,,,,,,,,,,,,,,,,,,,,,,,,,,,,,,,,,,,,,,,,,,,,,,,,,,,,,,,,,,,,,,,,,,0.09189823371530512,,0.058115427267321315,0.09189823371530512,,,,,0.01259720411740909,,,,,,,,,,,,,,,0.17930227289888997,0.11983689496337686,,,,,0.22035549880716374,0.11800569572018772,,0.1551482090569973,,,,,,0.2584646954575133,,0.019536030033386352,,0.004216996947943086,,,,,0.008843232244313609,0.005617169607613766,,,0.007088227219704321,,,,,,,,,,,,,,,,,0.0019472804476313573,0.001366637784297197,,,0.0016660770822296519,,,,,,,,,,,,,,,,,,,,,,,,,,,,,,,,,,,,,,,,,,,,,,,,,,,,,,,,,,,,,,,,,,,,,,,,,,,,,,,,,0.009428854280469167,,,,,,,,,,,,,,,,,,,,,,,,,,,,,,,,,,,,,0.2809776554616342,,,,,,0.10404680016714345,,,,,,,,,
2021-08-01,,,,,,,,,6.079665643125213,,2.7422650321074142,,,,,,,,,0.927806966335863,,,,,,,,,,,,,,,,,,,,,,,,,,,,,,,,,,,,,,,,,,,,,,,,,,,,,,,1.6565772816204396,0.6044423984348026,,,1.0974795718724824,0.838991828748993,1.0,2.2132581424789963,1.1877085970767638,1.9510875820002302,,,2.919632606199771,4.333639494833525,,0.27178559684314374,0.6986188753699442,0.7813078575131452,0.2449966176640433,0.0726624758699203,0.5118876734478377,0.12446996320678447,0.09412793479516242,0.07482387104225445,0.031496735887403905,0.06251788109489892,0.09448649211002494,0.033859827078201225,0.08535366483489944,0.013409427842118758,0.2905982905982906,0.20700263233008784,,,0.16130157622657068,0.44359519203323716,0.3224762931717992,0.24626557990548986,,1.2739495168901207,0.28252565350910047,0.23492622275484984,0.29832971313010265,0.16508126732079995,0.09242748686003503,0.15024333268444617,,,0.18812536499902666,0.19439361495036012,0.2673155538251898,0.21121277009927972,,,,,0.32178314191162155,0.6452014794627213,0.23433910842904415,0.16830835117773016,0.495036013237298,4.584615384615384,,5.75,,6.564102564102565,8.158974358974358,10.867948717948718,6.367948717948718,,13.31025641025641,8.25897435897436,5.433333333333334,,,10.912820512820513,21.735897435897435,6.96025641025641,5.976923076923077,6.519230769230769,11.13974358974359,20.901282051282053,11.683333333333334,0.5041618687284093,0.23237374568185556,0.3323243954597796,0.20638262872182925,0.6085211383451226,0.13387070241816088,,0.8506004277019248,0.07144101152948554,0.2424675188965133,0.10334738235396566,0.16534884530983315,0.10418335713539309,0.16388588944233515,0.14469330175206382,0.3653209794837856,0.4334180918875615,0.6330070709533596,0.4577658573966352,0.15650144553972622,0.11811627015918352,,2.401610334454079,0.016475350105699095,0.02354420242278194,0.028897699150799778,0.03842143996075064,0.0076442449910173816,0.014999203457197418,0.026749722218301124,0.03969808002936117,0.028205681467574656,0.019828874374108928,0.02350507065032174,0.025497435938801313,,,,,0.010321308355354221,0.024436304580344785,0.02895451900088083,,0.007250180885868881,0.009033479614949038,0.009214365483830377,0.00991628130111992,0.007583443437775261,0.004166273436516925,0.014501344847112118,0.01760294765320247,,,,,,,,,,,,,,,,,,,,,,,,,,,,,,,,,,,,,,,,,,,,,,,,,,,,,,,,,,,,,,,,,,,,,,,,,,,,,,,,,,,,0.007222193166894806,0.002416660473294244,,0.003388856097876519,0.006555406171849635,0.00269441192650846,0.015612541572602775,0.010062362344924835,0.006777712195753038,0.004444285404757532,,,0.0019527801557269427,0.0019999677551404012,0.003455574120380547,0.0026832704099802825,0.005055495893826853,0.0021610609764713454,,0.002373405173831907,0.0033088993322037148,0.002844756861306339,0.005833304824158688,,0.004431439891583869,0.002833353191448087,0.01512493637866371,,0.002589943824473665,0.001327806616828697,0.0036943958040786605,0.000888830865618499,0.0032172767433425835,0.011244411710231963,0.0777693582866602,0.006962792446785824,0.00556669488747265,0.019158034285198966,0.0055451983144065185,,,,,,,,,,,,,,,,,,,,,,,,,,,,,,,,,,,,,,,,,,,,,,,,,,,,,,,,,,,,,,,,,,,,,,,,,,,,,,,,,,,,,,,,,,,,,,,,,51.97877358490565,,,,,,,,,,,0.07391545192495103,0.07825979914446622,0.15476544628294164,0.08998492044766779,0.07934716822420318,0.0976067622046921,,,,,,,,,,,0.1418533697043348,0.11096171995190754,0.10479502527439853,0.09178291166242196,0.027944047265064446,0.06622861253758658,0.10819627565583799,,,,,,,,0.10702986755322,0.15461418842833394,0.06338141455305914,0.3753552469301303,0.2947655274213694,0.14919950039741117,0.2742988531849665,0.09305098217327128,0.17085840808447827,0.11067900533666403,0.23694509672369451,0.19193782846919377,0.31991501733199146,0.2128480375712848,0.2354914458235491,0.27250363412725037,0.3199429721569943,,,0.20283786927192368,0.16944139833183797,0.14647924766557005,0.4547569202140032,0.28451799421792445,,0.21332447831102103,,,0.181306581844874,0.3274144499982523,0.3859275053304904,0.7555411114722131,0.2683262985614609,0.24459471100008612,,0.17284522706209454,0.6785912882298425,,0.6546802594995366,,,,,,,,,,,,,,,,,,,,,,,,,,,,,,,,,,,,,,,,,,,,,,,,,,,,,,,,,,,,,,,,,,,,,,,,0.13663630304376803,,,0.062234981603392234,0.04055503308089557,0.06013958323021334,0.09510138758270223,,,,,0.012599437465398919,,,,,,,,,,,,,,,0.17773949516890122,0.11984121039622501,,,,,0.23031105228325616,0.1154759587307767,,0.15180066186490168,,0.11882421646875607,,,,0.24721288267563266,,0.022626099378792362,,0.005351692989228073,,,,,0.007693191878086603,0.005319695982802741,,,0.006978852082546873,,,,,,,,,,,,,,,,,0.0019472749357953728,0.0013666053096797629,,0.0005555029064284322,0.0016661154892901845,,,,,,,,,,,,,,,,,,,,,,,,,,,,,,,,,,,,,,,,,,,,,,,,,,,,,,,,,,,,,,,,,,,,,,,,,,,,,,,,,0.011241989543723083,,,,,,,,,,,0.11791756557283979,,,,,,,,,,,,,,,,,,,,,,,,,,0.2809879753006175,,,,,,0.10083410565338277,,,,,,,,,
2021-09-01,,,,,,,,,2.841814690350456,,2.470518653321201,,,1.194449499545041,,,,,,1.6078252957233847,,,,,0.6010009099181073,0.9020928116469518,,,0.5929936305732484,0.5780709736123749,,,,,0.35714285714285715,0.6774340309372157,,0.4295723384895359,,,,0.36715195632393083,,,,,,,,,,,,,,,,,,,,,,,,,,,,,,,,,1.341482739105829,0.6045274476513866,0.7589134125636673,0.3153367289190719,1.094510469722694,0.8390492359932088,0.6341822297679683,2.044142614601019,1.190265987549519,2.0975664968873797,,0.3976037051953283,2.6036045106725734,3.362968183648812,,0.2519484412470024,0.6475569544364508,0.6869325442195171,0.24403275741536007,0.0717400712407204,0.5251007024201871,0.11549985019474683,0.07573487799194381,0.07891407836479243,0.03435150203945522,0.061517126950495944,0.08456724102172031,0.027869165795712875,0.09472995010146443,0.015054961589921067,0.2832672482157018,0.15604415168239275,0.1713548157379384,,0.15346270251023678,0.42199276007358616,0.3069550768500386,0.2424188475461397,0.5437368789363191,1.3733932451843394,0.30783396559979376,0.23490847482597327,0.29682147987182794,0.16190932194026003,0.09030688622754492,0.14827844311377245,0.06444610778443113,0.09592065868263473,0.2419535928143713,0.22256736526946108,0.2613023952095808,0.2290419161676647,0.2290419161676647,0.13712574850299403,0.9516467065868264,0.18585329341317364,0.31452095808383235,0.5849550898203594,0.2290793413173653,0.16452095808383235,0.4838697604790419,2.8272000000000004,,3.0463999999999998,2.336,4.7928,5.354400000000001,5.5168,4.4144,2.5424,8.4784,5.2408,3.448,2.8192000000000004,3.6048,5.92,8.9992,4.2063999999999995,4.62,4.1368,7.068,13.179200000000002,6.2472,0.49636904571483415,0.18433091269714322,0.3285773697175214,0.21136312741930324,0.6014907706580506,0.15301193256342174,0.3593525064781343,0.7688025848555616,0.0717452367254391,0.24501675183593355,0.09658533283698263,0.16335578192155403,0.0996311211885343,0.16190057193136825,0.1385495279028055,0.3704693898270669,0.42174016041151985,0.5331144877999255,0.4542962536803276,0.15066499712342213,0.13364242444752783,0.2042031879251413,2.1219987527284063,0.015674082051855203,0.023567005176714437,0.028950314040462027,0.03612523686389661,0.0072968474029217875,0.013418186938388588,0.02641197363958901,0.03542353755446304,0.023223022324642382,0.019855584928635317,0.024046041476198883,0.017473787335817597,,,,,0.010538120927354643,0.02375041089003616,0.030978208326082335,,0.005882011717617031,0.008124987914998938,0.010312856507531373,0.006539435775470348,0.007125316627027864,0.004165941566602859,0.012708587118355666,0.014987334918885474,,,,,,,,,,,,,,,,,,,,,,,,,,,,,,,,,,,,,,,,,,,,,,,,,,,,,,,,,,,,,,,,,,,,,,,,,,,,,,,,,,0.0071178391221662606,0.006724158178270437,0.0072222535178950165,0.002456058619530829,0.003499944763495593,0.0033888272213743746,0.006555419358506313,0.0026944070364474564,0.017352383503505164,0.010167770730737059,0.006777783349410142,0.004306255930512091,,0.0025581526953545003,0.001952807013450508,0.001999986851520538,0.0034556008719762205,0.002683321063567613,0.005000031582132042,0.002161120178262444,,0.0023734294495775794,0.003405971807339714,0.0025780043212091036,0.005937569730447148,,0.004438900885086029,0.002833368417429676,0.01512500530128645,,0.0025898637340573075,0.0013277386123533058,0.0032235688814678757,0.0010646401164491218,0.0032173813617209866,0.011244399166695779,0.07776797084543821,0.0072222535178950165,0.005585396731520038,0.019166615855957633,0.0055277754538771325,,,,,,,,,,,,,,,,,,,,,,,,,,,,,,,,,,,,,,,,,,,,,,,,,,,,,,,,,,,,,,,,,,,,,,,,,,,,,,,,,,,,,,,,,,,,,,,25.491879350348032,29.67517401392112,51.9953596287703,,,,,,,,,,,0.07391210043934648,0.07826016776881599,0.17766041695040075,0.09023500749058003,0.07934970668200092,0.08315300455487795,,,,,,,0.04050703723952043,0.04795112710258986,0.07507024525447217,0.07507024525447217,0.1442856597968291,0.09726266003839651,0.10849554371734071,0.07567416373183478,0.0279455329103785,0.0533948453776307,0.07587825831798249,0.005806693510261969,0.013083807443392074,0.006507669986795559,0.02409728901423145,0.09569909185780581,0.1399515953549304,,0.10702947845804989,0.15454305753309075,0.06377682856088172,0.37538364182882455,0.19251277183774881,0.149186231540158,0.27391753440719135,0.09304597861589571,0.17084950168895344,0.025264509645180205,0.3207905314872711,0.24389608456156023,0.4330802441566175,0.3015483102575554,0.320827750483847,0.4266785767455709,0.3929953848444246,0.10478756612887327,,0.20392337265468408,0.1593007590444583,0.1477015082311964,0.4516478822331022,0.2860710413038478,,0.19555876387886287,,,0.20442748616410572,0.33085834106768414,0.334055206077481,0.5481493981325234,0.24910542251582715,0.22708505367464904,0.07624552711257913,0.17838329361595384,0.7637024959237426,0.1006208453530666,0.6402232534804967,,,,,,,,,,,,,,,,0.08962693357597816,0.09008189262966333,0.2183803457688808,0.08789808917197452,,,,,,,,,,,,,,,,,,,,,,,,,,,,,,,,,,,,,,0.144538766270515,0.1633276740237691,0.12156196943972836,0.13389926428975665,,,,,0.7992,0.836,0.8320000000000001,0.8815999999999999,0.9456,0.06967516309099468,0.0702804492568431,0.1275136189387316,0.08642141367946735,0.017427344452212126,0.06306801158493958,0.03552049002962815,0.06168647425014149,0.09755650987050168,0.006209866652568738,0.004514048450786705,0.0051037214466101944,0.004884119089544895,0.014022017169650954,0.03266259317316613,0.032374676093285135,0.03467801273233309,,0.07954004758128469,0.08350515463917525,0.0879460745440127,0.07850911974623316,0.07946074544012688,0.22832749562171628,0.2119089316987741,0.22548161120840632,0.21409807355516636,0.2143169877408056,0.1415785790578616,0.08887333799860042,0.049942911863283125,0.03499272395004907,0.034552776743713834,0.020575992419371213,0.227520389860909,0.11287425149700599,0.03884730538922156,0.05,0.039146706586826355,0.10160928143712575,0.07904583723105707,0.07795447458684128,0.2082943560960399,0.2214686623012161,0.07772061116308077,0.01900330043063084,0.00802839487984502,0.005108978559901377,0.006423054583263481,0.006423054583263481,0.002112085292548603,0.0036847459845589705,0.007522196727358545,0.005640160161510072,0.0019065297677746196,0.001982906974495814,0.006374112960921941,0.001354486919194849,,,,,,,,,,,,,,,,0.0010783042225568354,0.0014639929534462615,0.0005004156595296635,0.0005554588039446986,0.0016661185985113087,,,,,,,,,,,,,,,,,,,,,,,,,,,,,,,,,,,,,,,,,,,,,,,,,,,,,,,,,,,,,,,,,,,,,,,,,,0.008002536387174805,0.008172803118816822,,0.007045519930014502,0.0067343427997721955,0.0037461487048236963,0.0037005037249563926,0.011241706470175895,,0.015209716455358926,0.014987676799076316,0.017541132846326354,0.014478798074134231,0.015325714948662916,0.018365334416149428,0.015302511746621032,0.01500087012007657,0.03140615839870467,0.11791965606766981,0.030401161329946125,0.030317411574216243,0.02981491303983697,0.040940896233437545,0.044625576894446926,0.04343456900401965,0.04343456900401965,0.04149918118207533,0.039660894423816255,0.03545493378897907,0.0384779679952683,0.04074524364998522,0.02852167055498965,0.040699872812897456,0.03341239558626379,0.03636863634801141,0.0368155099515314,0.07220889954702904,0.07587263522515321,0.07007727151612043,0.07001065814015454,0.11484146016520116,0.059680503993700076,0.06794915063561706,0.060017999775002814,0.24727190910113625,0.07464281696478793,0.04325429593802839,0.04010852896071723,0.05115803546852267,0.04010852896071723,0.1351122538567666,0.03709394205443371,0.03201429825661608,0.03182616330114135,,,,,,
2021-10-01,,,,,,,,,2.5256833176248823,,2.4370423935641328,,,1.1782518304257434,,,,,,1.5860074120943688,,,,,0.6415077284642502,0.8608876434963392,,,0.49588719153936545,0.49218114435505744,,,,,0.31844888366627494,0.816234294495164,,0.4163427641688512,,,,0.3189912320347103,,,,,,,,,,,,,,,,,,,,,,,,,,,,,,,,,1.1891029294426079,0.6044682548729055,0.7589194118317565,0.41946882480337394,1.0861734868346062,0.8390516357004445,0.780462783540408,1.6317109312663856,0.9756069759489342,1.2219309244272198,,0.33304246655031994,2.1471785922047704,3.2156292418072523,,0.27171347171347177,0.5712657712657714,0.6729292929292929,0.2214220792840663,0.06526602810599176,0.5475424736069356,0.11369992309305739,0.0713311892609942,0.0822729497308257,0.03128109987590765,0.06833269853751234,0.09859402964291711,0.038120512915023365,0.09499412301933464,0.018228878704852704,0.2501996486184315,0.16712548015364917,0.158898847631242,,0.167797695262484,0.43828425096030726,0.23562740076824584,0.2739756722151089,0.44633512643173423,1.2058403776484796,0.3058513558019541,0.24115343799172984,0.2943242946536393,0.31005964796721197,0.0924839879620341,0.14557450420557141,0.06597731306427966,0.10371170615016591,0.24766571494714096,0.2278725210278571,0.26749749209043905,0.2473956323790416,0.23447025233428506,0.12879080175939503,0.7962034107570028,0.18161123543483293,0.32197700439848753,0.640635851531754,0.19970676749749208,0.168415772821977,0.4953700131182961,2.759065269943594,,2.482675261885576,2.6204673650282033,4.98952457695407,3.0193392425463337,4.137792103142627,4.54955680902498,2.9097502014504433,8.802578565672844,5.24174053182917,3.448831587429492,3.0193392425463337,3.3094278807413375,6.896857373086221,8.621273166800966,4.621273166800967,3.8331990330378725,4.137792103142627,7.069298952457696,13.182111200644641,5.069298952457695,0.4287188828172435,0.16369156041287192,0.3096235579842137,0.24845173041894356,0.38973891924711596,0.13485124468731027,0.3386156648451731,0.7320279295689132,0.08349362399373085,0.25279618152026784,0.09621001638526751,0.1707273633967372,0.10365462705706348,0.169195697086272,0.14800170976704421,0.3497186008406355,0.24894920567072737,0.523651777445323,0.461886442972145,0.1585096530597706,0.14102016100306333,0.21340029920923273,1.8184743655379214,0.015737528637815957,0.023725296138132727,0.023456468807468264,0.026031731898674356,0.0036642706217959032,0.015901882176521866,0.029877494955734406,0.03689578029150064,0.023121328556943814,0.01575558323495407,0.02422466640793428,0.015712912710330127,,,,,0.012397269543492675,0.02601936945576834,0.03058376116391989,,0.006070602026519817,0.008124967748405433,0.010854061169469595,0.006249750506532591,0.007630362162283209,0.0041661757933405446,0.012749724705256937,0.01536879759240021,,,,,,,,,,,,,,,,,,,,,,,,,,,,,,,,,,,,,,,,,,,,,,,,,,,,,,,,,,,,,,,,,,,,,,,,,,,,,,,,,,0.00710362899116655,0.006739619932481771,0.007222282443248534,0.002972178102206837,0.0032499881541274587,0.00338889318008777,0.0065554085008577715,0.002694497868067487,0.01723603663717423,0.01021588047936514,0.00677778636017554,0.003944383466147741,,0.0038333892631607644,0.0019528488836644444,0.001999972738265933,0.0034556195196612273,0.0021500420934155774,0.004444441559604861,0.002161076604823639,,0.0023734584949835166,0.003333201351922374,0.0024799090756259974,0.005833362001426697,,0.004443532835135961,0.0028332730762465263,0.01333332467881458,,0.0025898647363628044,0.001664653409242117,0.0015554766551929382,0.0013155733954035417,0.002944397097014775,0.011244426760377796,0.07600000259635561,0.0068111495299622675,0.0055669759142579515,0.019660513520197376,0.006844382881967726,,,,,,,,,,,,,,,,,,,,,,,,,,,,,,,,,,,,,,,,,,,,,,,,,,,,,,,,,,,,,,,,,,,,,,,,,,,,,,,,,,,,,,,,,,,,,,,74.96028037383176,33.50700934579439,51.992990654205606,,,,,,,,,,,0.0739115195294046,0.13174029879557242,0.11078600202177215,0.06848118177153975,0.08668221094500068,0.0831517294279604,,,,,,,0.03279727532297922,0.0482388189651861,0.09588865699542899,0.09253402645292634,0.14169472862063226,0.09702820706521044,0.10849412939655062,0.0753447459059423,0.027944584576381864,0.05107662807572842,0.06263092572284133,0.006011912188651243,0.014131769557594185,0.0065635240115313135,0.025764868893689955,0.13796827648462184,0.2047681991101941,,0.09916305969803416,0.1653397347371933,0.10946956707107967,0.31136403659180856,0.19249367444475682,0.17981445037953334,0.19822884453190892,0.0930559460219286,0.1816699465842002,0.02527410739387124,0.32096913325582266,0.16371001012639239,0.43337208866219107,0.27487529535311106,0.3049544312342947,0.42692120166522896,0.39324157071597343,0.0963924284705645,,0.20717479743132836,0.15250647211108495,0.1577177823353394,0.38234206367884876,0.2946239451299465,,0.19555509398691454,,,0.19783985875999585,0.31079724443521306,0.3037006265794302,0.5256310174342961,0.24098831641447996,0.21968971461405862,0.07377896954606397,0.17520081878237137,0.5928108426635238,0.09661011692460378,0.4114381416121328,,,,,,,,,,,,,,,,0.0876796528970442,0.08885474102865408,0.19208171382084427,0.08650456476543433,,,,,,,,,,,,,,,,,,,,,,,,,,,,,,,,,,,,,,0.12686652228428133,0.1232189672859911,0.12504274478513622,0.13404764618716516,,,,,0.8001611603545528,0.8178887993553586,0.8106365834004835,0.742949234488316,0.9049153908138599,0.06969696969696969,0.07097643097643097,0.1268013468013468,0.0665993265993266,0.017915821855554778,0.06523107040481017,0.028770188072432357,0.04002656785289799,0.01796825840732713,0.006409390063602446,0.0045254798851633886,0.005119321137062656,0.00489816646394155,0.014022844458642028,0.030601092896174867,0.03054037644201579,0.03160291438979964,0.03272616879174256,0.07954000958313369,0.0825746685832934,0.08992173774157483,0.07850183676728957,0.0785816962146622,0.214184108920951,0.19426945742735216,0.20158504369030683,0.19752082909977647,0.19752082909977647,0.12072309437552606,0.08771544626193874,0.03996047864749149,0.035691387048514635,0.03562014675500463,0.021478948493267792,0.23780009973641092,0.11555675592252489,0.0420557141754765,0.05119993826684158,0.0392777220464542,0.10402037194227949,0.07357566005997222,0.07269801799166241,0.1549769618957069,0.20631902289183063,0.07255174431361078,0.021261330986373707,0.008059683091959494,0.005129978870514265,0.006448431383964192,0.006448431383964192,0.002084759917341098,0.0039602310710504865,0.007652247415893347,0.005738169597048012,0.002074812015800117,0.0026979371636706357,0.006874822920490205,0.0013543235635748302,,,,,,,,,,,,,,,,0.0008331705201993223,0.0015139349651861166,0.0006644074045466081,0.0005554902860599719,0.0016660814048361017,0.004419351535907491,,0.004774571281110459,0.005900826826195157,0.005393071543346211,,,,,,,,,,,,,,,,,,,,,,,,,,,,,,,,,,,,,,,,,,,,,,,,,,,,,,,,,,,,,,,,0.010527567221878318,0.0075103205414645945,,,,0.008023603703747502,0.007042086964748176,,0.007065737970507195,0.0067819259013989575,0.0037562138415166697,0.003638011308042369,0.011242374294889055,,0.021987233219420983,0.021664839770455864,0.037736153201366945,0.014522724617361841,0.015363944386026406,0.019511625189858627,0.015352260778128287,0.014464306577871247,0.031459094742760756,0.117908349732921,0.030362665167275798,0.030334551588417205,0.029856620747821198,0.04054307467276751,0.04470614709522559,0.04350598207253497,0.04703146682668867,0.04193076548025353,0.04219480213831826,0.03550415223750126,0.03913525871633662,0.038731802440910464,0.02898160911811182,0.040814207082770795,0.03375220687506491,0.03638314812891612,0.036417765776993107,0.06944811196197519,0.07644573541061526,0.06911803538420914,0.06911803538420914,0.1130182202270927,0.05500910746812386,0.06260733801717408,0.055529534218058806,0.2271662763466042,0.05485297944314337,0.04186937368320245,0.03884313349932963,0.04960735491285194,0.040375407010151305,0.13271097602580403,0.036473032906367275,0.030859411345098158,0.03340259901373942,,,,,,
2021-11-01,,,,7.578139114724481,,,,,1.6447582550265105,,2.3366284013605445,,,1.4352678571428572,,,,,,1.7741284013605443,4.399277326106595,,,,1.0588860544217689,0.8910501700680272,,,0.5911989795918368,0.609375,,,,,0.34630102040816324,1.242984693877551,,0.4462159863945578,,,,0.3762755102040816,,,,,,,,,,,,,,,,,,,,,,,,,,,,,,,,,0.2196715192235909,0.1462699301445102,0.15008265344211594,0.10153042179917879,0.2626779715245561,0.20300751879699247,0.18887644643523704,0.4137471337919266,0.23609555804404628,0.29571268597024475,,0.41514675685469254,2.220316463340983,3.0027781132987075,,0.27169722244079,0.5987882602879848,0.6687452366105452,0.20129411125006796,0.07110361952404255,0.05645877512551429,0.1163612636615736,0.08302974280898266,0.08826781215449586,0.027857283314033518,0.07391028862330398,0.09353929515611004,0.043531648058729715,0.09925058445672835,0.020118420765146715,0.25027018681488344,0.1715747005940468,0.1828520601035611,,0.1723053464214238,0.46411893643381297,0.4228215635820705,0.2633501699545729,0.4463230872625659,1.1745251317604615,0.25549149304941465,0.2411658590074635,0.2396094938275972,0.3288528881185667,0.1174862289413373,0.1521852760242853,0.1174862289413373,0.11953680993928671,0.2060632865586426,0.20365083832576092,0.30095291705198823,0.23376623376623376,0.2527843673354509,0.13883639580234008,0.858389288729846,0.19581038156889552,0.34711109324112416,0.690683929074022,0.2031683486791846,0.1779984721161192,0.378633750150778,0.08974042027194067,,0.07443757725587144,0.0984919653893696,0.157601977750309,0.09584672435105068,0.1465018541409147,0.12479604449938195,0.08504326328800989,0.27362175525339927,0.10452410383189123,0.10944375772558715,0.17290482076637823,0.06929542645241038,0.19572311495673672,0.27362175525339927,0.15913473423980223,0.1354264524103832,0.07352286773794808,0.16637824474660073,0.3995055624227441,0.1823485784919654,0.4222421317302968,0.1330597381578567,0.3049333834282246,0.21372214675876422,0.2999624288315367,0.1328285309673131,0.29429785266321784,0.6525822953093842,0.08152379641419183,0.25902474276472004,0.1097078357823738,0.17065280980075023,0.10361677965518429,0.16831274304002203,0.14752744416531885,0.3658763205891462,0.2605389036098971,0.5036993702467395,0.4616469940465949,0.1523108159262191,0.1419181664888675,0.2132902026910768,2.210125685962117,0.018142116008476282,0.02225115682039914,0.022979644756085642,0.040396961375385225,0.012900691418043264,0.014180139483277857,0.027018941195118086,0.031579885877318116,0.021954747186558887,0.013124108416547788,0.02007449675067364,0.015327310191789508,,,,,0.008541570986515687,0.02161461666453347,0.02649242213204237,,0.007340706665361652,0.008518984196776111,0.010047356969153974,0.004916391233314009,0.006739333388545486,0.0033927240421318915,0.012251451201240767,0.016666227479088396,,,,,,,,,,,,,,,,,,,,,,,,,,,,,,,,,,,,,,,,,,,,,,,,,,,,,,,,,,,,,,,,,,,,,,,,,,,,,,,,,,0.005451073475365832,0.007333306898410592,0.007222255126450951,0.002994633376064215,0.0032499897104572876,0.0033888985370779906,0.006555442565780293,0.0027464295286787122,0.01699016821645584,0.009123436365954363,0.006777797074155981,0.0038898235920643036,,0.0038333565893729606,0.001952879917523041,0.002000061235327363,0.0034555296002537752,0.002150012498029929,0.004991683037914706,0.003158136719412703,,0.0023734963464594437,0.0033331844277558658,0.0024221834510022014,0.0058332923424721204,,0.004443576665124072,0.0028333887128233807,0.011849788738120598,0.006111109995713527,0.002589827707881388,0.0017123304860579207,0.0013638663383382338,0.0014711536434517851,0.0028611202852562396,0.01563094472056112,0.07776936767999422,0.007333306898410592,0.006645915252314645,0.022499967374620667,0.007263915226214342,,,,,,,,,,,,,,,,,,,,,,,,,,,,,,,,,,,,,,,,,,,,,,,,,,,,,,,,,,,,,,,,,,,,,,,,,,,,,,,,,,,,,,,,0.03773264084073643,0.02078492927667685,0.017978075579484592,0.025421567346089375,0.1058990877725484,,,65.57110609480813,82.10609480812641,51.966139954853276,,,,,,,,,,,0.07391276594699965,0.13173981999322398,0.10869148920499463,0.06848211962152422,0.08654662941485522,0.08315370300355006,,,,,,,0.03169574069146468,0.0468567255985495,0.09589168249803526,0.0925377013471618,0.13923972301808799,0.09725926521822535,0.10849077036367799,0.07534081275255416,0.02794571748587553,0.05437897710141708,0.053623625370931655,0.00728374882968088,0.011761905517558756,0.006499833378294746,0.02605011346144691,0.2000045173239373,0.2800063242535122,,0.08710433947712212,0.1348590496277525,0.09617049407394582,0.2927927218925598,0.18372851215174868,0.19682868998221695,0.262448132780083,0.10148192056905751,0.18192056905749854,0.027563722584469475,0.15515911958502734,0.18614187578858826,0.4189681760829946,0.25080611243516054,0.24828263002944065,0.41276461516893315,0.39566101219683164,0.12040948976275592,,0.35810854728631786,0.14683132921676958,0.1582710432239194,0.38706532336691585,0.3138446538836529,,0.20786796613786726,,,0.1784875862559579,0.3933627374261934,0.28861065661236396,0.5212032798430505,0.2513906056860321,0.17370982694684797,0.076946847960445,0.17513785662910572,0.6049808199472548,0.0965595780388396,0.37730760009590025,,,,,,,,,,,,,,,,0.10809948979591837,0.10427295918367348,0.21736819727891157,0.10522959183673469,,,,,,,,,,,,,,,,,,,,,,,,,,,,,,,,,,,,,,0.02956860235695622,0.029541939956273664,0.034634458486642136,0.03250146643203754,,,,,0.02541409147095179,0.02595797280593325,0.025834363411619283,0.022867737948084055,0.02813349814585909,0.0736506616780988,0.03803782997297859,0.0950599321000485,0.07032494976789302,0.029688434560382792,0.06660866728291012,0.025302231163793886,0.032099033947764304,0.019266670291628152,0.006475999038650615,0.005003386571697,0.005658852061438966,0.0054185147152002455,0.015477725097773605,0.030721655443484295,0.030114736568307276,0.03118406982457154,0.032282303979653766,0.07958931604137719,0.08020688590396789,0.08792650918635171,0.07858576501466728,0.07858576501466728,0.22318303479514104,0.2032118591723286,0.21432983323038912,0.20732962734198065,0.20774140415894585,0.12058292950373176,0.09543348307452867,0.04028863499699339,0.03568601810110465,0.03558277986166076,0.021473553804329127,0.23768883994631612,0.1245627437577902,0.04583651642475172,0.055164649591894176,0.0423384664870733,0.11121386353584496,0.09205169056470172,0.09107806691449813,0.1940166401132944,0.258364312267658,0.09090104443264294,0.022975956209575838,0.008981610751375367,0.003039362324079385,0.007185288601100294,0.007185288601100294,0.0021041369472182595,0.0020209224916785543,0.007719131399587891,0.0057893485496909175,0.0019227004765812634,0.002436549943156579,0.007187304718380377,0.00135426626813531,,,,,,,,,,,,,,,,0.0008332019952678143,0.0016750622642816345,0.00035561663472725687,0.0005553843420264074,0.0016661530260792224,0.004626380132199727,,0.004809482248249849,0.0059447153677605995,0.005432029442820261,,,,,,,,,,,,,,,,,,,,,,,,,,,,,,,,,,,,,,,,,,,,,,,,,,,,,,,,,,,,,,,,0.010524689034272602,0.008432431575652146,,,,0.008047139779046574,0.007046962604804279,,0.007064108499219861,0.0069498025364493135,0.0037608899185933953,0.003643461288223813,0.011241411047812495,,0.03198265347608077,0.03141798798391832,0.04526358585174142,0.019808537539888014,0.020335360346799926,0.02089228731410681,0.02048588114877476,0.019266662652778616,0.03452874925903972,0.12860106698280974,0.03458802608180202,0.03310610551274452,0.03183165382335507,0.03925417075564278,0.04335482966493761,0.04205804009533156,0.046193747371372496,0.04069115379223328,0.04182645433864153,0.03555411114722132,0.03760155996100098,0.037829054273643165,0.030516737081572962,0.04236323539873373,0.03581845343956748,0.038770719214626166,0.038770719214626166,0.0627577750529484,0.06727232192620668,0.06047263404302754,0.06047263404302754,0.09870694459926431,0.05503294934352835,0.06001307912872881,0.0553850797323809,0.22717440515116455,0.05543538407364556,0.04380407911001236,0.040559332509270705,0.04735784919653894,0.04063658838071693,0.1326420522656437,0.03692160153440422,0.030867897386717816,0.03593263006473268,,,,,,
2021-12-01,,,,1.9326761744966445,,,,,2.7185055749708766,,1.7992450240219628,,,1.8652482269503545,,,,,,1.531686113017616,0.9259647651006712,,,,1.1363532372454817,0.8605582246625486,,,0.6071837108213223,0.6125600549073438,,,,,0.34053992221459617,1.3347060169297644,,0.4684282772820865,,,,0.41157629832990156,,,,,,,,,,,,,,,,,,,,,,,,,,,,,,,,,0.1938352104327208,0.1351264572218929,0.10099288678126853,0.0937808733451887,0.24535664888361985,0.1875617466903774,0.17447144833036948,0.39727820588816437,0.21808931041296187,0.26170717249555425,,0.39452152258982576,1.680659314597415,6.8461994545238944,,0.24737473747374736,0.6292379237923793,0.6942156495694496,0.1969183850777496,0.07438075143176298,0.04172059788294119,0.09471799145374918,0.07430982818844305,0.08141988333126474,0.020878287172514363,0.08539505187549881,0.09804124422373957,0.043367522883351564,0.10429783334811268,0.02262224981033175,0.2707931987603652,0.16407273170285994,0.1788444552736576,,0.16142295860871686,0.44376085036396307,0.40340511071178387,0.2689367404745226,0.32677010879258067,1.0551453540217584,0.23624041376850366,0.21102193686463347,0.22029605849830566,0.2677367576243981,0.11000377500943753,0.15001887504718764,0.1383163457908645,0.11189127972819933,0.1663646659116648,0.16998867497168746,0.29331823329558326,0.21340128350320878,0.17500943752359382,0.15998489996224993,0.4166855417138543,0.18335220838052096,0.32499056247640623,0.6466591166477917,0.19667799169497927,0.16666666666666669,0.19331823329558326,0.0901013017398014,,0.06921870722054907,0.10097817159071111,0.1437887348482963,0.06812355327675039,0.14943873360380316,0.12238345321950371,0.09669711526495259,0.24725589267491352,0.10493565970580182,0.109888742315255,0.065933245389153,0.08788610398984495,0.19339423052990518,0.2582074321129004,0.14105084998879958,0.13343455210692684,0.07897553326530105,0.16703586629165942,0.43955496926102,0.1703213281230555,0.26737476220672163,0.13994927076727964,0.22958148383005708,0.24077362079898543,0.23902980342422323,0.09296131896005073,0.2239695624603678,0.6771084337349398,0.0916113958396141,0.2572354537232439,0.119837202291227,0.18635061802833885,0.10981308411214953,0.1838257461561652,0.11060446186312933,0.3498266505878806,0.31353632800723547,0.5591649080494422,0.47916038589086524,0.14761079288513718,0.15661742538438347,0.22128429303587577,2.476987012987013,0.00979830074014344,0.019809286377439863,0.02500434616963747,0.03453632842986762,0.0019197123760416937,0.013158862015731826,0.022844722249265367,0.03496049162446281,0.025000447039703087,0.016667626974177,0.016667626974177,0.014736415456844775,,,,,0.007043203916938702,0.022334780101604088,0.02545859156684154,,0.008061509829624868,0.0076679662099861925,0.007800091166219801,0.0050802045671822366,0.006802547746656058,0.0030841739783673693,0.008583403406747622,0.0142468452807325,,,,,0.011761269017633538,0.017045410672782164,0.01874930827419882,0.01075874920531966,0.03176018799498611,0.04470286033444782,0.016448274353252464,0.026258554878629468,0.03333539242409033,0.08095315311141482,0.04681085449692552,,,,,,,,,,,,,,,,,,,,,,,,,,,,,,,,,,,,,,,,,,,,,,,,,,,,,,,,,,,,,,,,,,,0.005451099909148335,0.007333314877778085,0.0072222040462966,0.003333199111113348,0.0032500232791662785,0.0033889432768509455,0.006666146555564224,0.002739769121003848,0.014234518096091366,0.008094354865094086,0.005999984900000252,0.0038890049351832513,,0.0030444116159264734,0.0019529333007844449,0.0019999949666667507,0.0034555091090748484,0.0021499882975001953,0.004995331583411141,0.0031581649473639175,0.005584105740264905,0.0029215982846400286,0.004166719097221348,0.002444438292592695,0.005839169902680502,,0.003844459935925668,0.0028333891194435145,0.013197777280037045,0.006111095731481738,0.0025899016235016396,0.0020079224665346257,0.0013639074772682088,0.0011068299815528335,0.0028610724523154595,0.015786043070232614,0.07222216629629723,0.007333314877778085,0.006713459888109002,0.022500006291666562,0.006663504055608265,,,,,,,,,,,,,,,,,,,,,,,,,0.010661179559596933,0.007691416435012366,0.013761615746278212,0.057692156915697575,0.02903816785913095,0.0669229020222092,0.015384575177519353,0.025159791376100592,0.027815939151653056,0.030809223427415034,0.08115406963828825,0.03729234961490648,0.03676181698279384,0.04830721759591185,0.05909645675636356,,,,,,,,,,,,,,,,,,,,,,,,,,,,,,,,,,,,,,,,,,,,,,,,,0.045434434400797516,0.02225377196814409,0.01789514656630487,0.03073719995071519,0.11652357270069559,,,65.53619909502262,91.70361990950227,51.93891402714932,,,,,,,,,,,0.07391267953774416,0.13173897415444308,0.10869019306616245,0.07758590976458828,0.0951100738092776,0.06712261990930174,,,,,,,0.046315154872663876,0.06565590732080882,0.12589412282273965,0.15426164600068434,0.2067195672364069,0.12768644192071432,0.12468838088410214,0.10635784465481564,0.03668551317354537,0.03895851766038841,0.05187042895425294,0.007469621840448622,0.011202841447967259,0.01504427031947194,0.027494700928690094,0.2046018027203003,0.23055356025673704,,0.08711092872024749,0.13485699854788813,0.071082454700423,0.22648210114274894,0.27391054872708603,0.20001207984779393,0.26666264005073537,0.10313170054057319,0.18717724156675625,0.027995047262404493,0.13206700568351779,0.16111277295842058,0.2297935985641639,0.23242596470236315,0.21130720909362846,0.3457373616512115,0.33514807059527374,0.12165178571428573,,0.21392463235294118,0.14925814075630253,0.18116465336134455,0.3080357142857143,0.2536108193277311,,0.22681455536096518,,,0.18626191866121813,0.42895504962054876,0.28005448530842575,0.41775751335980776,0.2608101591384022,0.1809596527889407,0.0798505063494615,0.17838450001530412,0.5743319763704815,0.0983440972115944,0.34458694254843747,,,,,,,,,,,,,,,,0.11187371310912833,0.1115305422100206,0.23873255547929537,0.1129032258064516,,,,,0.10601929530201341,,,0.1045511744966443,,,,,,,,,,,,,,,,,,,,,,,,,,,,,,0.02731673582295989,0.028403477573602055,0.032157676348547715,0.03010768622801818,,,,,0.025586778505114868,0.02586056699106454,0.025985016302859845,0.022973342957413448,0.02782686611743037,0.0968738300262074,0.051198053163609133,0.1316922500935979,0.09481467615125422,0.023617440025532368,0.050107271405521375,0.034450965442649695,0.029362222734445644,0.02661394705579886,0.007266510990905777,0.0056260037638063715,0.006374823879479373,0.006098942784231426,0.017400214793138444,0.03430564362714014,0.0329422954977806,0.034210526315789476,0.03541534559289791,0.08518301365273473,0.09138118770416283,0.09272133344501214,0.08518301365273473,0.08518301365273473,0.21291624621594352,0.20020181634712414,0.20948536831483353,0.20302724520686177,0.2032290615539859,0.12127697520955948,0.10554663813090778,0.04062778669520242,0.03904130238167018,0.03896593307205306,0.05076123002713295,0.2163099186011456,0.11664779161947905,0.043035107587768975,0.051679879199698,0.042015855039637603,0.10437901094752737,0.10784415584415585,0.10649350649350649,0.22483116883116883,0.30233766233766235,0.10649350649350649,0.020473233143334824,0.004542209629632369,0.0027242161174464495,0.0071850506559942,0.004246300207506482,0.0021040668691922094,0.0030279489222369473,0.007718885539954422,0.005789660865747024,0.0019167556150747023,0.0025084866690637904,0.007166835125985864,0.000583237306802642,,,,,,,,,,,,,,,,0.0009427433176209447,0.001575936640401056,0.0003556049940732501,0.0005554283240761947,0.0016661591388973478,0.005304422868591084,,0.00481070350928376,0.005945033938105546,0.005430912952380565,,,,,,,,,,,,,,,0.0022519324367999737,0.003050780423084529,0.013461938857203091,,,,,,,,,,,,,,,,,,,,,,,,,,,,,,,,,,,,,,,,,,,,,,,0.010526315789473682,0.008682521706304265,,,,0.008063915268711207,0.007009359185240801,,0.0070666720158641914,0.00707813458198887,0.0038668898747955165,0.003644106096000713,0.01124103295290351,,0.03276409388975138,0.03213847116342656,0.03501170146210348,0.020192410967732034,0.020744786951651755,0.021450600708882512,0.017936875700059838,0.019594003651819004,0.03521275631927038,0.1306737535107058,0.03611874490381421,0.03361217648657627,0.0323739920876997,0.03347292850732875,0.036912952437930004,0.035776248878253064,0.03921627280885432,0.03469937182171702,0.04099921218487395,0.03581276260504202,0.037946428571428575,0.03830751050420168,0.03518907563025211,0.04553415061295972,0.03922942206654991,0.04238178633975482,0.04257637672698969,0.06230076617638835,0.06135003635143449,0.06056708237794307,0.06056708237794307,0.09876405122755998,0.053733392165514544,0.05584154532529294,0.05368436534784527,0.2424376133745159,0.052507721723782916,0.045491078604725926,0.04215560199324867,0.04472753576595403,0.04215560199324867,0.13510452695050656,0.03786232438554069,0.033209880321998106,0.03749502616999786,,,,,,
2022-01-01,,,,2.023648285499301,,,,,2.8383682110577313,,1.8753082071151814,,,1.9441117764471059,,,,,,1.629212163907479,0.963882618510158,,,,1.184454620171422,0.8910414465187272,,,6.948456029118233,0.63848773042151,,,,,0.37853704355993895,1.3801808148409063,,0.5223670306445932,,,,0.43254667136315605,,,,,,,,,,,,,,,,,,,,,,,,,,,,,,,,,0.1454398919601821,0.12102202182578581,0.09399028512927748,0.06303774858960118,0.2197390489882158,0.16602409113681413,0.15624387375024507,0.36132348776928275,0.1952993966324686,0.2206974667276569,,0.39557480683680635,1.7147038164364317,3.9221493795364077,,0.19480217222653218,0.6384018619084562,0.6838865096359744,0.18941007557469905,0.0675439011691201,0.0311292027579243,0.0979157791767249,0.06473548855335196,0.050220097505561605,0.01955963552909632,0.07632984162330433,0.08903178895225977,0.045845168033811265,0.09872526074212094,0.021191119998182194,0.266468548786528,0.15489299226382064,0.16963126094076458,,0.15192839798972274,0.286069230334858,0.37975040939635213,0.24685188322321985,0.33303621169916436,1.0200185701021356,0.23312906220984217,0.21314763231197772,0.20341689879294336,0.18317548746518106,0.10766655750827785,0.14681803296583343,0.14030491576610998,0.10952225011825494,0.13866753993377726,0.16639377069461123,0.2871229487319434,0.21631554051595533,0.17767347087290325,0.15660590183022233,0.47691300076410875,0.17945639122366555,0.3181239311574428,0.48124295018738855,0.19248262562311247,0.1631190190299458,0.18924426008805445,0.08592308613873248,,0.07089972445189888,0.10082664430334251,0.10847010902120523,0.09502815382772252,0.17187013298190967,0.1551216005750569,0.09131424463879237,0.2496465796094405,0.1461842578171798,0.10741583802563795,0.07518869054750209,0.08592308613873248,0.1813346112375704,0.2343117287648257,0.13394033784593265,0.12890858991254342,0.08161015933868455,0.16329220079070325,0.4296873128069965,0.1793698334731041,0.2299891670678864,0.13487000481463648,0.20504333172845451,0.21584617236398654,0.2493379874819451,0.14085820895522388,0.21584617236398654,0.6293632643235436,0.08287847838462312,0.2117000971101363,0.10812711381977698,0.1681344807956334,0.12075143153735393,0.16585741553092456,0.09982252285436828,0.26594782841643505,0.275859759568697,0.6013126611525969,0.37608411746977866,0.11683353983189901,0.13089776646686538,0.19967853196262936,2.3317273376159884,0.011430132495560715,0.020412511951919135,0.024812639439056598,0.038357237171606794,0.002041615444156081,0.011997066523733873,0.022556420075349314,0.03258364567631527,0.025594386920875477,0.016047043980858874,0.017300930933662025,0.014591915912173731,,,,,0.007422848656415137,0.024343820922265943,0.025324302371185183,,0.007580840927804966,0.007399614498857809,0.0067100247025563145,0.005708167828684333,0.006812254995808557,0.003473971237971677,0.008999983271406558,0.013093841833007743,,,,,0.01176197742146431,0.011364039601149711,0.016822377792534992,0.011334891289470616,0.03330257975231538,0.04408872239147957,0.01383911145807459,0.024399671511200555,0.03636315247862035,0.094033720794659,0.04631539994018259,,,,,,,,,,,,,,,,,,,,,,,,,,,,,,,,,,,,,,,,,,,,,,,,,,,,,,,,,,,,,,,,,,,0.005451169093676689,0.007333322428764666,0.005433325254039276,0.0029843821793573543,0.0032500571250699503,0.0033888425444720534,0.006666161091210274,0.002697145927416217,0.013377055697067118,0.008242862588060588,0.004666659727395697,0.003888841800978735,0.002250058612056587,0.0028333291202045302,0.0019529091158724424,0.001999997026026727,0.0023333298636978484,0.0021500587607552503,0.004994540280733164,0.0033332044611581743,0.005584130482086024,0.0029475792601051896,0.004166660470889015,0.003055509706800932,0.005972233994199761,,0.003844480032991277,0.0028941716567459875,0.01278882856679767,0.0061111433291549016,0.002589835058485663,0.001908051685672834,0.0019527852003194048,0.001115116061785286,0.0028610862040849504,0.015092046951107385,0.07221674515477797,0.007333322428764666,0.006666656753422424,0.022499966542800683,0.007414734947110364,,,,,,,,,,,,,,,,,,,,,,,,,0.009003421214273704,0.00490362607534907,0.013547596742811845,0.055006228188472193,0.027692276016841846,0.06865419656368708,0.015384311828067683,0.025257620523167833,0.0344935264586486,0.03263193293459201,0.08115346736806707,0.03403885154263478,0.032307655352982155,0.047499802688244,0.07692241701753844,,,,,,,,,,,,,,,,,,,,,,,,,,,,,,,,,,,,,,,,,,,,,,,,,0.04265308092158783,0.02320928757566148,0.018173921436154813,0.02646600576337088,0.10879672397865624,,,56.26116071428571,91.56249999999999,52.035714285714285,,,,,,,,,,,0.07391118826187729,0.13173870457829454,0.10869206823317201,0.07772239300988197,0.09511040856502807,0.06730219071540096,,,,,,,0.042919320676840476,0.06311436617969943,0.12174439263575212,0.14917800035688517,0.1892732731800796,0.11226366055565468,0.12058063665210678,0.11192229213378538,0.03547904075473454,0.0429327656688582,0.057855936301012885,0.0066845003736287194,0.025337678729536763,0.00802516813292391,0.026559036477466106,0.19480907607071427,0.21644175728177661,,0.08710452076193141,0.11614713265409214,0.07247052606218865,0.22822192689997126,0.2614438159659455,0.19607557291970376,0.2065426555484285,0.10108461134760044,0.1450521896320485,0.027465158318269286,0.14528101802757157,0.15134912218687405,0.14395546129374337,0.18015788853540707,0.21129374337221632,0.2951572993990809,0.2773359255331684,0.08695652173913042,,0.2057863261677711,0.14931307580410536,0.1826086956521739,0.3246161305964118,0.2762889930499434,,0.16112646855563237,,,0.164201796821009,0.30984796129923986,0.2571527297857637,0.3157870022539444,0.26168261404692894,0.28125620359709375,0.08012069718505578,0.17862424919259906,0.575110923304458,0.0984878210739187,0.3123962452084151,,,,,,,,,,,,,,,,0.1181167077609487,0.12128683808852882,0.25678055653399084,0.11764705882352941,,,,,0.109104589917231,,0.10942706653767602,0.108889605503601,,,,,,,,,,,,,,,,,,,,,,,,,,,,,,0.02559411008734671,0.02476638567601124,0.028229758870809647,0.027009954475157378,,,,,0.025062896849167366,0.025470228824727447,0.025062896849167366,0.02388882233137654,0.027458967293638434,0.09261241970021414,0.0496074232690935,0.13071020699500357,0.09234475374732334,0.021331313800665816,0.041984190845837085,0.038197567094239604,0.027468799798046735,0.022451523327180072,0.0069758458497125595,0.00577609125406167,0.005976050353336818,0.005712467904292305,0.01630121111590811,0.033100625902744346,0.03174650938854117,0.033100625902744346,0.034214010592200285,0.08552088492653129,0.08890539871223377,0.090226184579825,0.0903912828132739,0.08527323757635794,0.2335406390735578,0.21831438987776108,0.22088784044606477,0.2191722067338623,0.2193866609478876,0.14648096564531105,0.11309192200557103,0.042636954503249766,0.03583029166527141,0.035194052841308644,0.04353213006061012,0.24123497304356564,0.11414328857839393,0.04024305934577739,0.050576720154277194,0.03955172288323691,0.1631190190299458,0.09484296930763741,0.09323697359029265,0.189418272662384,0.2636509635974304,0.09172019985724482,0.016207257660611027,0.0045421845831625915,0.0028903155306652093,0.007184810818194236,0.0042453216773664796,0.0029063861159110125,0.0029953966094741994,0.007633617328408086,0.0057256967489884725,0.001957245432629307,0.0026988797418592155,0.007082700589775855,0.0005836420378400784,,,,,,,,,,,,,,,,0.0009556367450259059,0.0016102826117235017,0.0003555137216648501,0.0005553895087144852,0.0016661685261434558,0.005380286613774579,,0.004809711035614765,0.005944834985122844,0.005430513337204139,,,,,,,,,,,,,,,0.0032350549212983456,0.005307686236561354,0.006259072051390275,,,,,,,,,,,,,,,,,,,,,,,,,,,,,,,,,,,,,,,,,,,,,,,0.010526356980461673,0.0093171955280592,,,,0.008059509430980574,0.007150839250036686,0.008273978169340002,0.007066180537526385,0.007133907507534626,0.0038022216780011176,0.003651514295223204,0.011359568976885255,,0.03301225315524495,0.0323915492310168,0.03209269178601807,0.019945301521584746,0.02088212629002282,0.020353273598162618,0.018494734138196765,0.019597769752648042,0.034520963321476465,0.12811242638054696,0.035191556358971365,0.032975683713336056,0.03178027873345385,0.03352185695770001,0.03690939083303876,0.035790031813361614,0.03923647932131495,0.03525980911983033,0.041312429287215124,0.03591401325359624,0.03824147405850978,0.03830612574753515,0.03520284467431711,0.04029025570145128,0.03807878369039392,0.03821700069108501,0.03835521769177609,0.055590960341193194,0.057894994852688855,0.053483013873229075,0.05470856414530124,0.07039560762782489,0.05592599549211119,0.054235537190082644,0.05113636363636364,0.23577197595792637,0.05165289256198347,0.045658474609917815,0.042363123833723745,0.043514511454321676,0.042363123833723745,0.13528115662068757,0.03703480124354833,0.033261899731369414,0.036974434819353474,,,,,,
2022-02-01,,,,2.0217697389797467,4.588936295424452,,,,3.0833062946138874,,2.0745892951775304,,,2.414281928987811,,,,,,2.0245098039215685,0.9686992310191703,,,,1.3330683624801272,0.8965288818229994,,,7.820349761526232,0.7186009538950715,,,,,0.41308956014838366,1.555643879173291,2.2539355598057966,0.5686274509803921,,,,0.45945945945945943,,,,,,,6.446961894953656,,,,,,,,,,,,,,,,,,,,,,,,,,0.11233874700637969,0.1115136146833303,0.09376320714846345,0.05729638350540361,0.20249954718348126,0.15425949405300973,0.14399565296142003,0.34156453138521603,0.17997947231781683,0.20519632111734992,,0.4294634892315535,1.8805913087804256,4.271568752389448,,0.1964692036092585,0.5870537465672813,0.7347134870719776,0.18249777993057237,0.057398885928796314,0.03356744974570114,0.10501332041656576,0.05988536368773715,0.05126342132881246,0.01968841580026325,0.0868528344806395,0.0826473191559618,0.04204139474516962,0.09085655844840793,0.02133026365875247,0.25115045628266125,0.1635946758776762,0.18375368490009827,,0.1598130006253164,0.2249947890301641,0.39945805913706345,0.21305422386326414,0.34611065938746277,1.045185271227785,0.22402911681573548,0.2282495063305843,0.19739032795136874,0.2025786967127425,0.10474567848649416,0.14286728427927448,0.13949526142050897,0.10655592233698931,0.13491640932808005,0.16508714016966597,0.27934547261562487,0.21360877435842826,0.18446739786320235,0.15237993823873922,0.4730060696411457,0.22223405388137576,0.20629680900152625,0.4761651226351471,0.1873069960600575,0.1380754623220814,0.24125936180030524,0.07860944289829598,,0.07204238074312778,0.10180166984033984,0.1117132952492554,0.0776085152092183,0.14906498706117866,0.16920560519505884,0.09169474146770178,0.29776378106537765,0.1119818368243738,0.03771788486890288,0.06549973145842487,0.08732483765441142,0.18424393340168937,0.1953517894634051,0.1331966212587276,0.13117035301010693,0.06769688980030272,0.16593428055270737,0.43667301401298764,0.1664957765734095,0.20507287170826294,0.13983236379558392,0.18361793957590541,0.1626634140238944,0.379120535435041,0.12019140551698254,0.22377556764871456,0.665728404328517,0.0676792180852934,0.20437365959990156,0.0983018668916781,0.17631754737545266,0.12727208803572057,0.16517245016348486,0.12576029251485427,0.2672713848750132,0.2552121787434518,0.6414583553071054,0.4331821537812467,0.13092852371409486,0.13676475758534612,0.1981155293042225,2.129638218923933,0.010610533600329819,0.019722892985452618,0.025514974380116615,0.03162730431709759,0.00213867129984098,0.012069793130570062,0.02090478145789838,0.03448209387102806,0.02504371227587217,0.015431831019040623,0.016052574253035762,0.01436384421272601,,,,,0.00858708210651858,0.024094331184078117,0.023074056129104393,,0.006511125191010398,0.007051544854832098,0.007099996272967837,0.006235324810853118,0.006665797025828334,0.003944131787857329,0.009007304983042004,0.012318773061011517,,,,,0.011662655868428877,0.011364069515985169,0.026223505225896455,0.0119714068626579,0.029983152106240835,0.03378091639328015,0.008272747833025429,0.02370648580380717,0.04090887144523418,0.09509149448187008,0.04602295684347214,,,,,,,,,,,,,,,,,,,,,,,,,,,,,,,,,,,,,,,,,,,,,,,,,,,,,,,,,,,,,,,,,,,0.005451159275151606,0.006111092683000764,0.005433393748547234,0.0030303267477892787,0.003249973258534255,0.0033888673756229887,0.006666172213548587,0.0021608098197892314,0.015828338797785692,0.00835563652328893,0.0046110859122231425,0.003830645086148517,0.002250010156166433,0.0028332909072680506,0.0023052944872080133,0.0020000504391874223,0.0023333714733100295,0.0021500014224844727,0.004994473430412618,0.0027796216240995953,0.005584090138554957,0.0029475866029045764,0.004166699278210258,0.003055546341500382,0.00597219856591203,,0.0038444351102959675,0.0028654676302787684,0.01331793323069083,0.006111092683000764,0.002640354803655524,0.001961537759135984,0.0018888606048453672,0.0010014539157891676,0.0024221991063318946,0.015224435127688792,0.0722166171778728,0.007333311219600916,0.006666669151355702,0.030842196529709362,0.00699999018547831,,,,,,,,,,,,,,,,,,,,,,,,,0.008677395938335357,0.0050340765613120075,0.013755336826424559,0.05769191073007441,0.027692151553829272,0.07268834997884191,0.015384337511052091,0.025258111460114425,0.034231376582986146,0.0319229088757315,0.12834616006522884,0.03365425965617248,0.0319229088757315,0.04606442379476312,0.07692254764009922,,,,,,,,,,,,,,,,,,,,,,,,,,,,,,,,,,,,,,,,,,,,,,,,,0.042653661557516646,0.018606374272886115,0.015129774622343132,0.026581127109459667,0.10879614270232013,,,56.24384787472036,91.53243847874721,52.02013422818792,,,,,,,,,,,0.07391202893478006,0.1317378368918446,0.10552541515964688,0.07772333061097499,0.11304593007428149,0.083153463228717,,,,,,,0.05578093306288032,0.07365410833638146,0.13010840288630995,0.1338326738270209,0.21010541016858977,0.11338243607222423,0.1320453562996708,0.11933461909353905,0.03791607089415755,0.06082010997643362,0.08040219952867243,0.0075223880597014925,0.037938727415553805,0.008100549882168108,0.02383346425765907,0.11242949877620517,0.1070687453442588,,0.06490750152470014,0.11636511486074405,0.07782069526326489,0.2399918682659077,0.25360818895851645,0.15722913772081548,0.2276348994811013,0.10122777667507869,0.08296707970624097,0.026625457226302208,0.14527037004223145,0.15847139777324945,0.15011370012698974,0.18053217565931307,0.21130504119783822,0.23770709665987416,0.2862289950090074,0.10143894218304382,,0.1913080114078299,0.174358309567021,0.15348716619134042,0.265588540316308,0.27317215452424165,,0.1618885290608488,,,0.17531958411453893,0.2698142151014147,0.23610022157831942,0.41608513607815767,0.2581988138721967,0.27748320961470485,0.07902281921369939,0.17850554900359855,0.5408993317003841,0.09843055429556381,0.41582751217152014,,,,,,,,,,,,,,,,0.13076311605723367,0.136724960254372,0.287758346581876,0.13142554319024907,,,,,0.11047330228528106,,0.11274775262644861,0.10960684501245532,,,,,,1.4451964101809622,,,,,,,,,,,,,,,,,,,,,,,,0.023727585582322044,0.02332508201010284,0.029503511843667615,0.024914971120368695,,,,,0.025462623895317612,0.0259508813046238,0.025462623895317612,0.025438211024852303,0.02763536936673014,0.08988469601677147,0.027341020265548566,0.09669811320754716,0.09040880503144653,0.02166787761362719,0.03828206991200452,0.036102365383062884,0.02888512149834504,0.022830386695729395,0.007085628327837577,0.006273876732997932,0.006012465202456352,0.005751053671914771,0.027686691401395114,0.0348095327453556,0.03293300806905611,0.034371676987552384,0.03765559517107649,0.08049294126823181,0.0818968879182591,0.07222525544029326,0.08423679900163794,0.08049294126823181,0.20022624434389139,0.1911764705882353,0.19381598793363497,0.1923076923076923,0.1923076923076923,0.21636272118325786,0.11886785147326442,0.05021876330971464,0.03765425588018142,0.03691593713743276,0.04451007277713322,0.2672010688042752,0.11106378447449684,0.0385120505448479,0.049196038760515384,0.03844106058992652,0.15873353920420258,0.08201917130488558,0.08070500927643784,0.16372912801484227,0.1059059987631416,0.07931354359925788,0.01646151127863832,0.004577345544496143,0.002924568584722304,0.00724240237940986,0.004012309323281701,0.0028878054798904254,0.0029764830847468734,0.004235319518904716,0.005688861128943021,0.0019222168387313182,0.0023974134396779847,0.006292162051358504,0.0016287130557936715,,,,,,,,,,,,,,,,0.0009387155176408574,0.0006665178337934356,0.0003555590009910182,0.0005554522339031595,0.001666108232805921,0.004741522564531236,,0.0048100067477062835,0.005944024251457808,0.005432407118326569,,,,,,,,,,,,,,,0.004354609538684896,0.005307583540040389,0.006017153532024398,,,,,,,,,,,,,,,,,,,,,,,,,,,,,,,,,,,,,,,,,,,,,,,0.010525944117947068,0.024210063791223018,,,,0.008063284048277853,0.00711266529732299,0.008283963401178089,0.007067397737753711,0.007565340893015781,0.0036889238020424197,0.004050274941084054,0.01132128829536528,,0.019048632542300735,0.018689475364478025,0.01815739065659253,0.020444644734865552,0.02077512392969806,0.02332882679885834,0.018191377497371188,0.01942316358720144,0.03348739614937477,0.09711628434513851,0.03385601270309354,0.03198457481498284,0.030850370034309696,0.033637518088656566,0.03688609314550663,0.035793390626384335,0.03921916068633531,0.03532087061811524,0.040672802696396164,0.03597355457609541,0.03879310344827586,0.038306974332382684,0.03519574799066632,0.03933867393898073,0.037668314300323844,0.037668314300323844,0.037668314300323844,0.056259674922600623,0.05500193498452012,0.05180921052631579,0.053260448916408666,0.06056501547987616,0.06984182367992556,0.06710862991393346,0.06309606885322168,0.29123051872528494,0.06594556873691555,0.04504929107262087,0.04186795491143317,0.044420878991398606,0.04186795491143317,0.12661404941183585,0.038616226677552996,0.03323354198796456,0.03698327738970032,,,,,,
2022-03-01,2.2402159244264506,1.9264904342303724,,3.18176926388291,2.2530662666549017,,,0.5952233305575734,2.571979335338114,,2.0172413793103448,,,3.170097786927432,,,,,,1.942357179619146,0.9641627206198881,,,,1.2968347915594443,0.8552496139989707,,,7.608080288214102,0.6605764282038086,,,,,0.42563046834791557,1.5138960370560988,0.9486455483984824,0.5349974266598044,,,,0.3920483787956768,,,,,,,2.2333009794405716,,,,,,,,,0.536556322934032,0.20004763038818765,0.4906723823132492,0.5760895451297927,0.6330078590140509,1.2801460665237754,1.168135270302453,1.8420258791775819,0.3892990394538382,0.7120743034055728,0.6133206318964833,0.7370008732237835,0.45098039215686275,0.5028975152814162,,,,0.11163289950355561,0.10640010733932644,0.08374384236453201,0.04836020011117287,0.19319161986544248,0.14697820628318414,0.17172375457629718,0.2833566540798528,0.17049701941691744,0.19591343850031623,,0.4212328767123288,1.8750634195839677,4.27359208523592,,0.13331244615023105,0.4631471763139344,0.6640783552457425,0.15861994642362287,0.05930350709733043,0.02475598115589494,0.08758506019644673,0.043461526618837946,0.04275333312805986,0.02416344581888283,0.08466183460749757,0.09084208238440385,0.04793944491169049,0.12061878077130248,0.022013588985173076,0.2497096399535424,0.16853341584158416,0.1713180693069307,,0.15247524752475247,0.24944306930693072,0.41581064356435643,0.2217512376237624,0.3620539269596875,1.0271151731199513,0.23705866737456863,0.2276536842504456,0.20163828738291176,0.2276536842504456,0.10314276744916112,0.14063971537200462,0.1314660434615787,0.10492169242038438,0.12501308033067077,0.16251002825351427,0.2750008720220447,0.22452823607380795,0.15623146953154976,0.1697652516655621,0.4681363144860302,0.21873800969688514,0.2031113746555513,0.4746241584987268,0.18438034113502388,0.13408210959573058,0.18514772053437512,0.08900009812579728,,0.06881071533706212,0.1122068491806496,0.10960651555293888,0.06483662054754195,0.12746541065646158,0.17581689726229027,0.09891080365027967,0.27058188597782357,0.1428466293788637,0.03515356687273084,0.07575311549406338,0.08789618290648611,0.17113139044254735,0.2101854577568443,0.14726229025610835,0.1318810715337062,0.06814836620547543,0.1212834854283191,0.43955450888038466,0.1374742419782161,0.2285192521975981,0.13863439395815277,0.1829887334406339,0.14142008171350748,0.38380586851553794,0.12315835087284883,0.45756468986009663,0.6932648260492758,0.0646177564768576,0.18316184603009686,0.08405670811408653,0.2702349431913396,0.11817541978080906,0.14408285015249522,0.12011931494453197,0.24007105271977744,0.24747796360223884,0.47189730871066127,0.3077722291115058,0.13064316117572142,0.13060964574186412,0.16965512618560846,2.0232759366617636,0.01033699764384091,0.01802610356694242,0.027270497469172962,0.03156844382009944,0.0029136099776276374,0.012354610496023022,0.02238099044726008,0.04121667532675167,0.026855589751788637,0.011817019065510212,0.016779247771693512,0.01566609376873576,0.012665227650476164,0.03731387833715081,0.0968916621893783,0.028148790503749927,0.016237476024168227,0.03322396731356129,0.0454387907662573,,0.009079239940431257,0.01184178447746639,0.010964996019938493,0.011023742315250246,0.010524398805100353,0.005263668059932971,0.015125702385393321,0.022618792352407276,0.010068398289435319,0.009500437360287686,0.009098005151132276,0.011600677908445912,0.010257444479536481,0.011042575941491852,0.016312723315360295,0.012957840089395906,0.030079794216916984,0.031250515282159,0.014897203587505375,0.025552921538857666,0.03644202267114661,0.07658646656595675,0.05039808321378787,0.008728605261572354,0.0060683117641515405,0.01791217941686737,0.01153952513297605,0.013858398849368991,0.01217061101781717,0.007769231125742897,0.010408668663689157,0.009720422001028893,0.019154267670018554,0.019376731237747122,0.01730117704855731,0.009378229777057517,0.028027319762025774,0.11733099334617648,0.02422149337939153,0.05253538947345654,0.019202159132515675,0.030622728052192422,0.023045062776438016,0.04114494582857637,,,,,,,,,,,,,,,,,,,,,,,,,,,,,,,,,,,,,,,,,,,,,,0.010335628035652652,0.012291600711830546,0.014881072011220268,0.00807735659328558,0.007504317723311588,0.008713844984514663,0.014077488807471231,0.005816427579347613,0.03537194541215115,0.022588361763258877,0.012946359907609527,0.007306660837726355,0.006026707929894591,0.007961420033505334,0.0061755319378646485,0.0053569998940293335,0.006249943941849676,0.0057589575941270335,0.015021591108031281,0.00744551895230556,0.014957477193883467,0.01339150314573425,0.011160804008415202,0.00818465604546042,0.011458452024355316,0.008434135576678083,0.010297757640767414,0.008712516198729215,0.03648712888258749,0.013943613639587453,0.0069382549787111916,0.005773906434213311,0.004166740026715239,0.002519377849207396,0.0037797311667038176,0.042782583737588725,0.1932662451536691,0.01732138710619357,0.017559571958234935,0.08296141172859418,0.01875016402199539,,,,,,,,,,,,,,,,,,,,,,,,,0.00882898152035697,0.004999626509096434,0.013761637246745262,0.04963565318407435,0.03217946109126314,0.0707692281273853,0.015384390827750288,0.021361962484341288,0.03480763501266863,0.03270320695603196,0.1250748055056852,0.03197597294380378,0.031958800948237595,0.04065985110162644,0.06771347151638164,,,,,,,,,,,,,,,,,,,,,,,,,,,,,,,,,,,,,,,,,,,,,,,,,0.044808661729171924,0.02141145007513879,0.014501993351355604,0.025483710269243877,0.11435999552893154,,,56.16517857142857,80.91517857142857,18.069196428571427,,,,,,,,,,,0.07677829950715975,0.17557271657159115,0.1447152263055092,0.10358052957688178,0.13224546289469258,0.1108179078220601,,,,,,,0.07806639004149377,0.0921908713692946,0.13010788381742738,0.12204149377593361,0.20957676348547719,0.10364315352697095,0.1196597510373444,0.12082157676348548,0.03866390041493776,0.05282622333751568,0.05760664993726475,0.00940715181932246,0.03793914680050188,0.008139899623588456,0.040749686323713924,0.10714855245799446,0.1738210179909828,,0.08945676526934442,0.14542000844238073,0.07127317595869727,0.25543884144559537,0.25511133891451676,0.1435161455663762,0.20154906315849422,0.10461871404977505,0.08716327809100746,0.026795375590865082,0.15383074325291204,0.17563893420337137,0.1573223433788386,0.14103774934890242,0.20511719756160385,0.2730603016513551,0.28427921353138147,0.1067973729334498,,0.14490924973308747,0.13555922223300657,0.14494160276941992,0.22029182438771883,0.21903005597075287,,0.17462173558697425,,,0.13862017646433508,0.28096098649941537,0.2476170227844513,0.34659813187420546,0.26249701028462086,0.2821494060432113,0.08036354939009806,0.17900823443933156,0.5424436909663357,0.10847057398885929,0.34175950593364013,,,,,,,,,,,,,,,,0.12802367472979928,0.13201235203293876,0.26415337107565623,0.12725167267112714,,0.33214257362864175,0.08073350797809002,0.07890767643089625,0.11095566078346965,,0.11192423590185106,0.10912613000430478,,,,0.08973793346863143,0.09644401305920762,0.2637430512662137,,,,,,,,,,,,,,,,,,,,,,,,0.022694600448525042,0.022311245711218876,0.027524870138582735,0.023844664660443538,,,,,0.025659895986654895,0.026150524973015406,0.025659895986654895,0.025659895986654895,0.027671474830732998,0.09150269125562516,0.04817788758492897,0.10032648019059384,0.09150269125562516,0.02070696184992456,0.03787295624595868,0.021800043107429876,0.024832958709240384,0.022061766788804386,0.006407045860462479,0.006506270022018313,0.006203872577276722,0.005934549853053742,0.028571833568006348,0.03556394701002848,0.03262349882382073,0.033985390615327474,0.03748297635260617,0.08021680216802167,0.08261711188540456,0.07177700348432055,0.0802942315137437,0.08006194347657762,0.24848337782091726,0.2462994418830381,0.2763892259160398,0.24848337782091726,0.24824071827226402,0.2122947400356479,0.1173347491372445,0.048390155106374906,0.035995575962730834,0.03532526728558501,0.04353654858062138,0.2702349431913396,0.10935156440754823,0.037915518504307785,0.09002755589661306,0.037915518504307785,0.15626635041333845,0.09206541490006058,0.09050791727957083,0.1451933892878775,0.11880245738513456,0.08895041965908107,0.019588824224585813,0.0028392831924840753,0.0033279818048029966,0.0021629094476776595,0.00391144706817996,0.0029997202126383947,0.00260601942523682,0.004522562852232303,0.005909508773332267,0.003391129896870879,0.003066556615273449,0.012927122283351007,0.00200324867013074,,,,,,,0.0034883523328549334,0.0008659085396657176,0.0038058263826342468,0.0010736956914677498,0.0030287487814712566,,,,,0.002450945381256879,0.0017855558991943241,0.0009524072117190935,0.0014879078832542097,0.004462727060423544,0.0036716506744094396,,0.004809741737780602,0.005945822039555702,0.0054310670709637986,,,,,,,,,,,,,,,0.0038834467972940364,0.005307863829509559,0.0060041882497185945,,,,,,,,,,,,,,,,,,,,,,,,,,,,,,,,,,,,,,,,,,,,,,,0.010527387656951286,0.02421142503544377,,,,0.0067332459668308555,0.00675584075195445,0.006812327714763433,0.00706651904740386,0.007676578245740883,0.0036700125470514426,0.004068381430363865,0.011311166875784191,,0.020788935763058323,0.02039751228634802,0.021600777048087102,0.018292328273134414,0.020153550863723606,0.019891816436922,0.01766707380910836,0.018830337928226602,0.03368642861210775,0.09411128196366535,0.03254741158380318,0.032177231049604196,0.03106668944700723,0.03855069975100884,0.03583183080049226,0.034744283220285624,0.03806416530723219,0.0343722274691623,0.04070011970623443,0.03600892943802776,0.04134718043288363,0.038305995017632405,0.03520010352971627,0.04071436164558308,0.03933241203359201,0.039226108217285005,0.03933241203359201,0.05652342237708092,0.055361982191250485,0.05182926829268293,0.05352303523035231,0.05855594270228417,0.06781628254020891,0.06400265295970817,0.06129442325761344,0.27728955949814843,0.06317360305090367,0.04580243960774934,0.04261340987004703,0.04612134258151957,0.04257354699832576,0.12684669411479776,0.045592153063695816,0.03333131508839913,0.044441753451198836,,,,,,
2022-04-01,2.875413620623317,2.19630627164294,,1.8460972791259584,2.1261214114832536,,,0.5597597215821508,2.8106539309331375,,1.8989910979228488,,,1.5274777448071217,,,,,,1.5678338278931752,1.0,,,,0.8295548961424333,0.7228486646884272,,,7.457804154302671,0.6128189910979229,,,,,0.45364985163204746,1.2287240356083085,0.6864533492822966,0.5604747774480712,,,,0.45376854599406524,,,,,,,1.6845095693779906,,,,,,,,,0.501346671796845,0.21939207387456716,0.5856098499422855,0.644709503655252,0.6593305117352829,1.193843786071566,1.0934205463639863,1.0758753366679494,0.8791073489803771,0.7359753751442863,1.2293959215082724,1.3186610234705658,0.3809157368218546,0.8461716044632551,,,,0.10547976796579801,0.10464600592503237,0.08866261020737612,0.06923772861932553,0.18999130758723454,0.15181564989090135,0.16888116229976405,0.21954551098969327,0.16888116229976405,0.2384204644231963,,0.41645062455809573,1.8173462172990809,4.230968654254066,1.2769877181641887,0.1351987809945976,0.4648843330101122,0.7983061996382174,0.15071706916204966,0.055562919173978736,0.02522333854677518,0.07919571614134613,0.043329003525700495,0.03911406834026986,0.021102915288420995,0.08119949752893772,0.09023180607051112,0.05831880832641493,0.11923255803845033,0.021515845659667132,0.15552530065804404,0.15173917668333156,0.11836506754600573,,0.13557068396979044,0.1962291245612169,0.2879746835443038,0.12658227848101267,0.4292569809011562,0.9198041804889046,0.2358852136944829,0.20084382749847016,0.15636574446842086,0.19317852426809234,0.10444437057474322,0.14240601003889242,0.13336435860785162,0.1280789814845594,0.12658312003457103,0.15433966027324403,0.34890137286839745,0.2148721869494399,0.1581956586776585,0.1803344081374863,0.3876608051058738,0.2509723099424925,0.20566432869062262,0.47465345876408604,0.16454475949872022,0.14240601003889242,0.1835588205963501,0.07834419847504089,0.08935523254474671,0.07456635414986984,0.1044205385731727,0.11181497777061113,0.08401096496279745,0.13197115938356638,0.1885927529888738,0.09891502153831977,0.2931975766510792,0.1404713091152012,0.08771970237958121,0.0822372209808574,0.08769666674345211,0.1644744419617148,0.19518094492179403,0.14035613093455576,0.1327313353758264,0.0680011978530787,0.12761742415516802,0.4110248554513833,0.13259312155905184,0.24593484003522162,0.13971235691223952,0.184414440857059,0.16207807455239215,0.38508952157323156,0.12081009685940709,0.46105077781039044,0.6500733783387144,0.06326186159904981,0.16143651934737763,0.07510783271863475,0.2590485716071763,0.102988060261299,0.14280802650496968,0.11342751765956116,0.22910545727323872,0.23054322685503534,0.481590298180909,0.32771769706820025,0.1311495905482278,0.14743389385509784,0.14727761455272864,1.7178266579120158,0.011385387793525444,0.017218416052159055,0.025516447884524868,0.029107612921220993,0.0022401199379390897,0.010799673888583517,0.021545856651160388,0.03506251083656432,0.026339768254307883,0.011238670026155317,0.016174609791458388,0.015436801156883938,0.012360398385941539,0.037647117773801905,0.09476108928313522,0.026166552204887568,0.012828947368421053,0.03289473684210526,0.048684210526315795,,0.00907922379478107,0.007663920831490491,0.01059265811587793,0.01118421052631579,0.010524933657673596,0.005263157894736842,0.016316065900044228,0.02096141088014153,0.012430686560338421,0.010105470759732465,0.009036471731549763,0.011293088664037044,0.010113875095492742,0.011043735676088616,0.01619318181818182,0.012556101986249044,0.031420693277310924,0.03125,0.014898061497326203,0.025368840718105422,0.03238636363636364,0.07391257639419405,0.045454545454545456,0.009619522549504232,0.006307609549009915,0.01853464569218691,0.0115400831612922,0.013858276874763745,0.013095722718153006,0.00840554214765491,0.010622691983367741,0.009744555261550988,0.015709051786804686,0.017716117588904075,0.020891366927393795,0.008062429123898695,0.025729842109854323,0.12311651304120265,0.024701229972958042,0.051903114186851215,0.01972318339100346,0.03096885813148789,0.021626297577854673,0.03792053153441307,,,,,,,,,,,,,,,,,,,,,,,,,,,,,,,,,,,,,,,,,,,,,,0.011551804611905822,0.011041600689775695,0.016164898407832383,0.007253524142930878,0.007737780194021298,0.007075953170032648,0.014077501601421318,0.005913613597434725,0.03693820123730704,0.020796749700896077,0.012630048072338914,0.007614918587773051,0.006670478606918203,0.007961307034905513,0.0056100547687653905,0.005357141182366328,0.0063803626511971506,0.0057251007512064975,0.01350477268883407,0.006971849060921537,0.005468748290332293,0.00858061706538332,0.008097924139054328,0.007029372052142091,0.009808920502913508,0.007118782788495777,0.010297553303335927,0.007435159240208822,0.0378301202261779,0.015149179937856411,0.006213420926676631,0.005773870243763054,0.004155410865780416,0.0018498018426739938,0.005192700457464092,0.04017855886774745,0.1885375435994574,0.019345232047433956,0.01834952157440427,0.08296128358803409,0.021577374206753264,,,,,,,,,,,,,,,,,,,,,,,,,0.008733031674208145,0.004903846153846154,0.0162112152553329,0.05038461538461538,0.0325,0.07214124111182935,0.015384615384615385,0.027307692307692307,0.0348076923076923,0.03082659987071752,0.125,0.031153846153846153,0.03430510665804783,0.04206043956043956,0.06653846153846155,,,,,,,,,,,,,,,,,,,,,,,,,,,,,,,,,,,,,,,,,,,,,,,,,0.04331677542936918,0.016795558585760203,0.013225544625174508,0.023953767734813804,0.11126781598000064,,,59.68080357142857,81.84821428571428,19.198660714285715,,,,,,,,,,,0.17905205943040786,0.1755765613872776,0.16213715739562853,0.09095944440724803,0.1390686152179338,0.12209893300384068,,,,,,,0.07207678610477648,0.08213582830901878,0.13011152416356878,0.12769829121239573,0.20920933429133734,0.11141482615350973,0.1405766767673612,0.1338211864671519,0.03865858611102433,0.03564491465884201,0.058383861045348005,0.00775479841066484,0.0421539860313262,0.009419703741313859,0.06647518287391,0.09368642193719594,0.1473684210526316,,0.08647404794525733,0.1767479884035153,0.07062350029142603,0.26791513068753836,0.2578616352201258,0.1421116017663589,0.20128462464873545,0.10702529104777199,0.08152013916767029,0.026763013515321826,0.15384615384615385,0.1825576384399914,0.16154923507864685,0.15513897866839044,0.1285552682611506,0.3115438483085542,0.2563833225597932,0.09420289855072464,,0.17969796614297895,0.12751187431494337,0.128912434539033,0.21702594081110704,0.23693825356229448,,0.1746031746031746,,,0.15072695744964654,0.2841469921301854,0.23239295718287314,0.3420066717988196,0.2624924969987995,0.1678421368547419,0.08035714285714286,0.14576840086310236,0.5634739870534644,0.11409134500119875,0.4421901222728363,,,,,,,,,,,,,,,,0.12474777448071217,0.12937685459940654,0.27786350148367955,0.12486646884272996,,0.3479799923047326,0.08318584070796461,,0.11335224288265573,,0.11650383443639038,0.11335224288265573,,0.08036782296650719,,0.0823116028708134,0.08089114832535886,0.46972188995215314,,,,,,,,,,,,,,,,,,,,,,,,0.022334178921786022,0.021979386564013412,0.02559826861329407,0.023469514466658386,0.1746929541047188,0.8130252100840336,0.35100193923723333,0.14285714285714285,0.02563866301167907,0.026145447006519083,0.02563866301167907,0.02568473428393725,0.029001865886526455,0.09019898043085019,0.04777174806775201,0.1023680315737543,0.09200789343857918,0.01894069930811441,0.033507409272857405,0.019192535058187313,0.02018662354531718,0.018927444794952678,0.006337394539756501,,0.0093539595675967,,0.02793147963818606,0.035104197240974466,,0.03413560316994423,,0.050192874971636034,0.051645110052189705,0.044701611073292485,0.049965963240299525,,0.14766774756797205,0.2706410576203542,0.29483661761037666,0.27163881267148915,,0.15356372185899705,0.10589713034236208,0.04373731843215562,0.03569419266112396,0.03503781959117335,0.043164343314371446,0.274238919797462,0.11072698866469435,0.03846025994747865,0.055945218229564865,0.03846025994747865,0.1582289000432138,0.09102101116217991,0.09151346027577151,0.1953381483913329,0.1240151017728168,0.08970781352593565,0.016015550093265694,0.0031291947771211405,0.0032198455450377418,0.002156442306016073,0.003702735212593483,0.0026321323038443517,0.002545439789281854,0.006144101404418736,0.0057954868245823086,0.002104986731534719,0.002993697478991597,0.012754312251216277,0.002619139761167625,,,0.00145985401459854,0.002627583880267436,0.0013916150401766544,0.007518554867202356,0.0034776540373935043,0.0016232444534907387,0.0037117269052949903,0.0010744090023552674,0.0030000581547497897,,,,,0.0025600857342669148,0.0017854011025031568,0.0009522556046619884,0.0014877821479272499,0.0044627211938771776,0.004299300985130323,,0.00481022143670831,0.005945600217992727,,,,,,,,,,,,,,,,0.003872010342598578,0.006779250161603103,0.006014867485455721,,,,,,,,,,,,,,,,,,,,,,,,,,,,,,,,,,,,,,,,,,,,,,,0.010526354586298784,0.024211352688164114,,,,0.006698030460090901,0.006692714562900353,0.006692714562900353,,0.00727746325386067,0.0036751899586135233,0.004076656492245202,0.011303054097615407,,,,0.01765811587793012,0.0177889174908549,0.018412139276520797,0.020363094431648826,0.01696247120986316,,,0.08152013916767029,0.032517061421116024,,0.03109862170480396,0.03377504848093083,,,,0.03509480715363068,0.03702350505419559,,0.039672390695408594,,,0.04094971321862078,0.03938241963452048,0.04078297985861011,0.04014939309056956,0.05620587565474835,0.0552038260077431,,0.05365520382600774,0.058574356638578906,0.06666666666666667,0.06502437772645625,0.06061072619964075,0.2735950731331794,0.062458301257377474,,0.0426920768307323,0.05327130852340936,,0.13345121074082955,0.04480340445936226,,0.06065691680652121,,,,,,
2022-05-01,2.3294885607452946,1.5779833956524496,,2.128464818763326,1.9628920277711275,,,0.5589135175601341,2.635188644004483,,1.9132884430397141,,,1.7283221107599285,,,,,,1.530438367459118,1.1379264392324093,,,,1.403050707709221,0.87714717603408,,,8.418441665521506,0.719664696990518,,,,,0.48852549127387657,0.9374742338875911,0.6777591572899211,0.5230177270853374,,,,0.5198570839631717,,,,,,,1.4555103343707603,,,,,,,,,0.45978832625641675,0.18911211103365233,0.5461689587426327,0.49705304518664056,0.5206286836935168,0.7205779833956525,0.7941567906711452,0.7205779833956525,0.38633626972558466,0.5909753469801635,0.930603967298308,0.9515178401673109,0.32061600861905065,0.6794473667532797,,,,0.09391726661764455,0.0983463583973186,0.08729928005882655,0.06508541819860801,0.17856593190485148,0.14268857841544538,0.15872907296885955,0.2380936094532893,0.15238469825743456,0.19918942490209826,,0.40847475717792725,1.3869142918134272,2.724410289251788,2.731485688323489,0.11342202235962774,0.36905877209418525,0.6429269882659714,0.1559793310729779,0.0625249848240328,0.028175478598184808,0.09798492767356126,0.04740824092032988,0.044669163915251484,0.021831199400834552,0.07345126431042477,0.09516655372873498,0.08279539213238704,0.11888351938371555,0.01775651770747887,0.24505059392872858,0.1514227349886354,0.10518744425583336,,0.15234341283770178,0.20070777109646978,0.23344937710389274,0.1335270592974077,0.36953926951539745,0.9496299832895678,0.24240357398629062,0.20025236162739146,0.16024963339358184,0.1994338914845002,0.11207083372031827,0.1293148818922015,0.1063124980650754,0.13169870901829664,0.1149500015479397,0.1462493421256308,0.3160583263676047,0.1609238104083465,0.18677440326924863,0.16377201944212252,0.34079440265007277,0.22466796693600816,0.18674344447540325,0.4141048264759605,0.1666821460635894,0.1293148818922015,0.1666821460635894,0.07834643920209694,0.08369985339197654,0.054689235416944336,0.0896308143409303,0.09882713581234173,0.07883513261362123,0.13092540761473187,0.1598027455684393,0.09491758852014749,0.25920742813985514,0.13401306144208983,0.08247811986316585,0.07885734595050868,0.03249811186636457,0.13916655559998223,0.1700875205473366,0.13814474210315872,0.12463903327557865,0.08434404016171308,0.12792660713492382,0.34461770847216666,0.1242614065484917,0.2462171649921317,0.13687810192470645,0.15730541096719525,0.1527660089577533,0.2879191381188718,0.08988015978695073,0.46347294516402376,0.6972824113303474,0.054363100322376214,0.1354806712038134,0.06455790372799163,0.2189127379935525,0.08869478962885403,0.1150910643925826,0.10230622985148652,0.1863995811864547,0.18662000936819773,0.443529055189706,0.28085305706334557,0.10412476235086655,0.09847629019370127,0.12787589893367865,1.638276299112801,0.011186728900146572,0.017967427034565196,0.022362785137961947,0.029588177536180326,0.0028780612753119975,0.009170942817055418,0.019013773705462714,0.027111013035946013,0.022226650242736033,0.010998873599409794,0.014827647535422336,0.012495800699554051,0.011974454899293352,0.0379775535653554,0.09765030419831462,0.023911121188073915,0.011865069914605519,0.02960455437235623,0.04802589051815059,,0.009975447668946123,0.007236700348155456,0.011042878689937514,0.011184635797638894,0.008552206307624264,0.005942457954841857,0.01962910670341011,0.022367854024200773,0.010698785008508897,0.011197152853815518,0.011417021020862558,0.010698785008508897,0.010156510156510156,0.01224388356741298,0.014933595815948757,0.01249975514681397,0.028977150300679714,0.02982923938806292,0.018481518481518484,0.02309577677224736,0.03299274255156608,0.07499975514681398,0.04477385359738301,0.008650891817999492,0.0069755876798417,0.022385850800261547,0.01026878678008334,0.01314893804207869,0.01371706521309615,0.008508487238387503,0.010941294271235245,0.009808767797776551,0.0157092381802335,0.016884262355461217,0.019377460859243884,0.007266361428787645,0.028294522493586202,0.1133219857013873,0.02422145328719723,0.04645744377069433,0.021389764316692872,0.029239164390802902,0.021398711201275827,0.0388332069585886,,,,,,,,,,,,,,,,,,,,,,,,,,,,,,,,,,,,,,,,,,,,,,0.011368970665189153,0.010952457906239417,0.014449690132463241,0.0073211977098531725,0.0077139830291090795,0.00650292168149311,0.01613465899180185,0.006330416782097455,0.037470116251628854,0.021950446845404828,0.012630052020808323,0.007596949036024666,0.0066706169647346115,0.00833346158976411,0.005618914232359611,0.004836229363540288,0.006148933932547378,0.0059328218466873925,0.013262035583464156,0.00697169893598465,0.005282882383722719,0.008186928617600887,0.007401357979089072,0.007029414329834498,0.009747168098008433,0.007919513959429926,0.010297708827120592,0.007435025292168149,0.038697850935245894,0.015149008321277227,0.005699395142672453,0.0052081730127948615,0.004166410153805112,0.0019235258205846442,0.0051321810775592286,0.04241087460625276,0.17925086701347206,0.01917914601738131,0.019523835175095677,0.061436754188855025,0.02119661967351043,,,,,,,,,,,,,,,,,,,,,,,,,0.009094525384118144,0.0045770971110337625,0.019230769230769232,0.05656025723899027,0.03249962706976282,0.06460892049127342,0.015384615384615384,0.02461505312184045,0.027929988563472723,0.03211509455853347,0.09134636102961895,0.032712611671887694,0.034230852104155274,0.04653837866507549,0.0680771716970812,3.916883116883117,3.642671614100186,2.8456400742115027,2.57012987012987,3.4871985157699448,3.315027829313544,3.802411873840445,2.1116883116883116,5.166233766233766,3.8907235621521337,4.9079777365491655,15.89795918367347,17.651205936920224,1.3777365491651208,,,,,,,,,,,,,,,,,,,,,,,,,,,,,,,,,,,0.048061176031990484,0.018958474800688217,0.01428062093258239,0.025876135992105934,0.12221300064649657,,,49.72767857142857,79.76785714285714,18.654017857142854,,,,,,,,,,,0.1693123254839224,0.16602419169170646,0.15302514212176133,0.0824985094187028,0.13150764181183847,0.11545659014032127,,,,,,,0.06947125589740714,0.08084554200075295,0.13011542497376705,0.10910503592512195,0.17072643239909324,0.10464343215078137,0.14364441738823963,0.13382408304830867,0.03866456269073957,0.03900220715797378,0.06445567366760625,0.018610974025777424,0.04215399241270523,0.009470494021902032,0.06439209298523414,0.09368443733768811,0.15468535592374602,,0.08726925126147866,0.1487761306296424,0.1093333751214467,0.2594101607797662,0.23424462011418534,0.1747639437856829,0.20127909530083443,0.1118522178304787,0.08915239350021958,0.12738801054018445,0.12883977900552487,0.17334254143646408,0.14544198895027624,0.15640883977900552,0.13941988950276243,0.2948895027624309,0.256353591160221,0.10180182993473441,,0.15723074040533366,0.17390625487930547,0.1335914811229429,0.2028541985447959,0.21884270680448425,0.09069998756682829,0.13129429317418873,,,0.13698246922790003,0.26398731816486387,0.22647022255377344,0.2821047856656838,0.24998076183147366,0.16891111966140823,0.08033859176606388,0.1963237328251314,0.5974548919558602,0.11409952970829619,0.42796545046568096,,,,,,,,,,,,,,,,0.14291603682836335,0.1470386148137969,0.32870688470523574,0.14346571389308782,,0.2612332847455479,0.06686101780847964,,0.14245735607675905,,0.14378997867803836,0.14245735607675905,,0.08586704971670257,,0.0861862580799617,0.08371239326470353,0.5814380336764823,,,,,,,,,,,,,,,,,,,,,,,,0.02161533594404638,0.03491971202353062,0.021752141867742877,0.021752141867742877,0.4984098137210359,0.7782825988187186,0.9600181735574738,0.611540208995911,0.024145897196676883,0.02459016393442623,0.024145897196676883,0.02419032387045182,0.028166511173308453,0.08939048239895699,0.04538787483702738,0.07431551499348109,0.08727183833116037,0.020624509557157875,0.038658000325728074,0.019958247582949618,0.020269169837580137,0.020372810589123644,,,0.005737544134954884,,0.024809194336459933,0.03586127587459145,,0.03437840455150708,,0.07889719900278633,0.0796304443466784,0.07046487754802756,0.07882387446839713,,0.16503534529635672,0.288200108754758,0.30967917346383905,0.28901576943991303,,0.16011322170309997,0.10933396992122225,0.04293557957916993,0.030749731353153502,0.03011600033064227,0.038382057146006114,0.21739729424406912,0.1005541624098325,0.03498343704529272,0.05393021887867249,0.035478777746818985,0.0833410730317947,0.09074778200253486,0.09345162653147444,0.258808618504436,0.12437684833122097,0.09015631601182933,0.017867815519474053,0.0031288688400950577,0.0031021871842670727,0.0023106313947035134,0.003383233958988516,0.00236807609461765,0.002216571921665756,0.005472264855642872,0.00504410088860491,0.002893262568185169,0.0032887648986720196,0.013035983624218917,0.002441057394617766,,,0.001459539458680721,0.0026281146933787554,0.0014587530688861732,0.006277749729875106,0.005945950379086956,0.0016633749587138555,0.003621997108665132,0.0013830392417813547,0.0030568522325086544,,,,,0.0025599983583176862,0.0017853295164219534,0.0009523039985224859,0.0014877745970182945,0.004462682508900997,0.0022455249618144307,,0.0048093438680865686,0.0059447216577680215,,,,,,,,,,,,,,,,0.0038933916761971056,0.006779042978138,0.006008320487958497,0.39814471243042676,0.5031539888682746,0.36103896103896105,,,,,,,,,,,,,,,,,,,,,,,,,,,,,,,,,,,,,,,,,,,,0.010527867662624368,0.02421220552212175,,,,,0.007126033193029901,0.007175103046692693,,0.0073277648136436,0.003957140564778119,0.004047970111023982,0.01686099143477379,,,,0.020458385783463182,0.018508997429305913,0.018508997429305913,0.02007920516917946,0.017036059195442228,,,0.08152173913043478,0.03930610452349583,,0.031153930610452348,0.0357182320441989,,,,0.03417127071823204,0.040939324860256684,,0.039034443993379755,,,0.03742384682332463,0.035869700360561974,0.03726843217704836,0.035869700360561974,0.06254346746150025,0.06100347739692001,,0.057128663686040734,0.069150521609538,0.05429802676343843,,0.052347471081877976,0.23579042866863234,0.05384440916307553,,0.04274721046556368,0.05579068872643325,0.04359368988072336,0.13343374419819876,0.039529093535794424,,0.060984231395813486,,,,,,
2022-06-01,2.4402878723101042,1.705215904232578,,2.4383649822980367,2.2948368082087107,,,0.5091280223097491,2.4354146979719418,,1.904628143392188,,,1.6389780631353663,,,,,,1.3493846976993042,1.1245574509172835,,,,1.4085072231139646,0.8805510968432316,,,8.450909577314071,0.6563670411985019,,,,,0.47311396468699835,0.9411449973247725,0.6953389367972929,0.5250133761369716,,,,0.5572498662386302,,,,,,,1.794891387403122,,,,,,,,,0.5388342596551233,0.20485962662106313,0.5659113581302551,0.5800912070685478,0.46173578452330055,0.8355422545247256,0.821148639019524,0.7417699871740059,0.41912498218611943,0.8730939147783953,1.026435798774405,0.9251104460595697,0.39083653983183697,0.7878010545817301,0.7901323955316507,1.57405875051717,0.8925320645428216,0.07545651501083254,0.09178272980501392,0.07401733209532652,0.06073970906839987,0.16665119158155367,0.13316310739709067,0.11849272670999689,0.22220674713710925,0.14221603218817702,0.19555865057257815,,0.6727941176470588,1.1687932525951557,2.8463451557093427,0.8756462945777541,0.0937537109606935,0.3465740410877568,0.634973346150485,0.1402436323366556,0.05789590254706534,0.02504245108896272,0.08409007013658176,0.04735326688815061,0.03830195644149133,0.021128343447965835,0.06866279371336688,0.10033801891522727,0.08318204609506026,0.1102581392534191,0.01772221934056054,0.24579172610556352,0.15667483842210833,0.1324381546690439,,0.15213394250055717,0.20035658569199913,0.21865946066414085,0.11731112101626923,0.3543585676813274,0.8694564753248337,0.2853962056975538,0.187854572073446,0.23940096382602327,0.22189349112426035,0.10141259564449676,0.10294290759270158,0.08452030606238964,0.12733961153619777,0.11268393172454384,0.13402001177163037,0.2307239552678046,0.15070629782224837,0.18310771041789287,0.15968216597998822,0.3464979399646851,0.21624484991171278,0.18307828134196585,0.4753384343731607,0.16621542083578575,0.11971748087110064,0.1671865803413773,0.06399515283204145,0.08724902325387042,0.043687190522950926,0.08919206903035748,0.09878194012076134,0.08037523765748072,0.1335269414788041,0.15500490984685455,0.09234690679648164,0.24591020203497482,0.12999603033658566,0.07949773311326076,0.07799343960888369,0.03152748469590289,0.12999603033658566,0.15047113636838474,0.1340074796815912,0.12078223262227608,0.08256899901803064,0.13914714915487955,0.3269958005139669,0.12000919290474897,0.27664942198377723,0.12381043622660792,0.17120137957463116,0.1651018713674395,0.29041323369738775,0.0947499520981031,0.5044069745161909,0.7031040429200996,0.06937150601389123,0.13377378733977074,0.06821390253543395,0.22567620983680617,0.08354509006719747,0.12163306793156022,0.10810887119543734,0.1802755660963352,0.20269354565475184,0.37805635552543904,0.3459540346716359,0.08978485515839403,0.11386865435654187,0.143768705178158,1.3999526963103122,0.010564986506485593,0.017062766605728214,0.01619221728910943,0.028245843127013143,0.002583790371724558,0.00924449189057094,0.019911831663429753,0.031510051576226064,0.02269964887008193,0.01065608560881812,0.01491337509164105,0.011704330602322859,0.011124465029020343,0.0376619569678138,0.09433517031130914,0.023179632995251217,0.014756940409847876,0.0327425909314147,0.05287090272193896,,0.01104950120766772,0.007503187654057035,0.013057374674456472,0.010954994817641398,0.007859523223008742,0.00721811919889567,0.01927775428028736,0.02529052968507682,0.01149977472323648,0.012746258771225406,0.01023197110772209,0.010486384613525987,0.014596737814288089,0.012243880434008406,0.013339585460243598,0.012698544599824309,0.03143593152733921,0.02709584747975973,0.014500581685225198,0.02446045727581377,0.0276003703791638,0.07846933687884328,0.041222488663073674,0.007346594121278808,0.006376398361511423,0.02261018806760428,0.010813128151148113,0.013680338570848147,0.01384011000371595,0.008505479220315408,0.01039598735130774,0.009210353188849834,0.017422315659190907,0.014030245238305237,0.014186401932872864,0.00772686459045738,0.02595165215228748,0.10544769979743006,0.0245455189535188,0.04749549242133968,0.022768513605152012,0.030879263403088143,0.02010951211154215,0.03923870719607642,,,,,,,,,,,,,,,,,,,,,,,,,,,,,,,,,,,,,,,,,,,,,,0.012971802605491113,0.0139875467958976,0.014539412708958975,0.0072236916191932435,0.006989576107905798,0.005990621077671319,0.016369120257334297,0.0064047536952475176,0.034922074978523863,0.018301117318609447,0.013435991793209779,0.007738248287427934,0.0066705820646376455,0.008333330742413552,0.00561410861529536,0.004836210860658987,0.006098196066921592,0.005932791748189957,0.01318259983876188,0.006547772467083142,0.0052826781570849786,0.008099837051873218,0.008700204983209284,0.006683329389953429,0.009735225616776226,0.007790170319811738,0.0071428549220687605,0.007435110673211122,0.03715161326729183,0.015149107951501713,0.004777448800056958,0.005208059667431609,0.004166509916019998,0.0018281529965075436,0.005059133598498427,0.03983259341846267,0.18119421296303492,0.020775963892112857,0.018214373324387405,0.06068068851724045,0.021575003552151015,,,,,,,,,,,,,,,,,,,,,,,,,0.00918335777567953,0.0046921268859111635,0.019230568334773088,0.05769250858830384,0.03250015067199711,0.061523193442754684,0.015384615384615384,0.025219679771782147,0.028216244450248108,0.03278622657050445,0.09610060871486832,0.03346284428551339,0.03461518371938847,0.03969222733390924,0.06123229604033992,3.3520417341248425,3.927145169994603,2.668285662889009,2.720813095880554,3.616118006835762,3.2171253822629966,3.218024824608742,1.743479042993344,5.166037057024645,3.5853570786112607,4.912574203993524,17.146788990825687,18.726569526893325,1.3775858967440187,,,,,,,,,,,,,,,,,,,,,,,,,,,,,,,,,,,0.043848237773037216,0.017384077791883158,0.012904239029433705,0.024508892931460954,0.11149864544752583,,,51.28348214285714,80.6986607142857,20.30803571428571,,,,0.019657312705605477,0.02675901707523312,0.06226359681714343,0.06226359681714343,0.05208310748349736,0.05660470332694055,0.07602548965886984,0.16931504653745322,0.16602937640957538,0.13899414990440645,0.08249665136406828,0.13150694341091484,0.1154563875945918,,,,,,,0.07034173282706248,0.059613393165343455,0.11565067311011391,0.08111839834311356,0.14539178460476354,0.09301346220227821,0.12767690714532276,0.11895063859164653,0.03436658612357611,0.039483186838350566,0.07170621150470016,0.01858049591047072,0.042154738628290264,0.004509344559722393,0.06387944549153617,0.1033682703850771,0.14433465693969896,,0.10676233317223688,0.14759656492806422,0.10699282501208224,0.2532436150042753,0.23002914699889088,0.2469756764425185,0.18687611235781165,0.13116149500889887,0.08638345069514303,0.09871288916402281,0.0887908257912193,0.15740064084546632,0.15304401596492218,0.1802799482826466,0.146157737927933,0.3031367699139918,0.23407723874304348,0.09847085541256624,,0.1311430734292203,0.17680545041635126,0.13374716124148373,0.2028766086298259,0.1602119606358819,0.09784163307762321,0.14000130022103757,,,0.17114159407099208,0.2847159017032896,0.2349174359641139,0.23342863426435012,0.29046380580840925,0.1950151712180321,0.09336801040312094,0.1315124203121565,0.5848538140250604,0.10518795339635084,0.3682677511540998,,,,,,,,,,,,,,,,0.14620117710005348,0.1494114499732477,0.3512573568753344,0.14633493846976992,,0.22238848510759585,0.07759726378794357,,0.17766334084325713,,0.1779851947215964,0.1913421306726746,,0.1217116035367318,,0.12094749481497653,0.12018338609322127,0.6242768256740531,0.12132809267687215,,0.12453454695904012,0.11170872983036823,0.11801820438560198,,,,,,,,,,,,,,,,,,,0.020148560817084493,0.03259052924791086,0.024481584648715568,0.02017951098731043,0.14423969243006762,0.21569667241150733,0.28887710460029165,0.18401166644571124,0.023462800075214677,0.023901552347324655,0.02398512420867894,0.023462800075214677,0.019973674863673404,0.09875032771126453,0.05016167089050074,0.10512977366075328,0.09752687232369134,0.02121816168327796,0.035481727574750835,0.020671834625323,0.021203396087117018,0.021277224067921742,0.006120649411276519,,0.005748915054376956,,0.027828206857202133,0.041514977326435464,,0.03688446062464074,,0.07917261055634808,0.08338088445078459,0.08523537803138374,,,0.18253047011027276,0.3163087637840975,0.375507835171213,0.32008125362739404,,0.12554138961751965,0.10297078021106569,0.039773073872994565,0.032356428934440115,0.032554068552713304,0.04057259020836863,0.22974193912699759,0.09855797527957623,0.03434373160682754,0.06127133608004708,0.03499117127722189,0.08169511477339612,0.08743298643960895,0.0901135288552507,0.2490539262062441,0.11510564490696941,0.08703878902554399,0.015497518934447637,0.0031583529206929573,0.003102637764429355,0.0023330721685383476,0.0032071036824236096,0.0023071036283424866,0.0023778440880268554,0.005504893953619983,0.00507884345779367,0.0032612450984493206,0.004152084020828588,0.012529068461358506,0.00312800658136303,,,0.001460234720340269,0.0021831080962580627,0.0016005392574382374,0.00628167813376665,0.005829126982864694,0.0016635025657412456,0.003621967776776897,0.001037429892150668,0.0030125228993671317,,,,,0.0009442348044886753,0.0017855582753304121,0.0009523184742011235,0.0009793676767004698,0.004462807502018586,0.002683619008905249,,0.004644580444584961,0.005944987692238206,,,,,,,,,,,,,,,,0.0025184322076461014,0.006779034493842538,0.006008397452638769,0.37938478143550997,0.50512682137075,0.32811656772800857,,,,,,,,,,,,,,,,,,,,,,,,,,,,,,,,,,0.005384917107361292,,,,,,,,,,0.010527280391474075,0.010827850374796107,,,,0.0074807166685170205,0.006909750307951764,0.00801467595015675,,0.007750339672117281,0.003969162659338981,0.004115951219225778,0.0168630697597952,,,,0.026318219595530518,0.018939089960677315,0.017507958162801273,0.020142845678516975,0.016986330685070754,,,0.07900642265727773,0.03783951094946994,,0.03456369779978849,0.036820507054921583,,,0.03594918207881275,0.03634268368092642,0.039939439818319454,,0.03869795609386828,,,0.04050188532050449,0.03897412560135223,0.03903913665323105,0.03881159797165518,0.07420020639834882,0.06511867905056759,,0.06212590299277605,0.0740970072239422,0.056828678249395206,0.05911590059379811,0.052430173740928086,0.23580382669892236,0.054233560589399606,,0.05305591677503251,0.05739055049848288,0.04976159514521023,0.12302154319630688,0.03723345790283579,,0.04094306440976039,,,,,,
2022-07-01,2.252985172549534,1.6092376328565807,,2.146996679746453,1.457372737118985,,,0.451219966937218,2.478678420411381,,1.7229522289082648,,,1.608498096524622,,,,,,1.3935895861476113,0.9261998188952609,,,,1.325310082279258,0.8285644111506815,,,7.952228908264766,0.6385852879774039,,,,,0.445167628638094,0.7109173523271521,0.5039455361287328,0.4940439641409799,,,,0.4816406729706496,,,,,,,1.0332662850069627,,,,,,,,,0.47080435638367674,0.16894108384726414,0.51489305865372,0.5246030704631938,0.42481301666447974,0.6662511481432883,0.7676814066395488,0.6404671302978613,0.42212308096050394,0.788544810392337,1.0336570003936494,0.8368324366880987,0.3668809867471461,0.7434719853037659,0.7916976324450579,2.609300350355664,0.7715256396645079,0.09137817050163666,0.04416530951190803,0.10023058193721077,0.0616927616621249,0.1779834561491204,0.12444974764983796,0.09531257558411405,0.1898511698405276,0.17027589209410324,0.21081316413241533,,0.5343988881167477,1.1988649525133195,3.1248552235348623,0.7868217054263567,0.11149490373725936,0.35022650056625143,0.49295056905045015,0.14429302036834482,0.06314482513968132,0.02719720932982529,0.08338014012475242,0.04203742572501257,0.04406243533272238,0.020273889406713538,0.07241578554467888,0.09301864590494426,0.06186762714938233,0.10370176674272362,0.017726473304850634,0.22338877996331666,0.17527824076563256,0.124630356470778,,0.13191569439217163,0.1866229367170278,0.22162481853863109,0.11858164417441797,0.3682942850886796,0.9168569551753262,0.28092839938690606,0.19913040758234538,0.15662047608620852,0.15790296850073507,0.08066403162055337,0.11788142292490118,0.07367588932806324,0.15124110671936758,0.12809486166007905,0.14387351778656127,0.2730118577075099,0.1580395256916996,0.20164426877470357,0.17448221343873518,0.4381976284584981,0.2353201581027668,0.20161264822134387,0.44983399209486163,0.18305138339920948,0.13495652173913045,0.21606324110671937,0.06426163182737694,0.09703304113283885,0.05542818610923803,0.07772533153517644,0.10930546190155092,0.09175095527084738,0.14196448640143852,0.1604405484378512,0.09280737244324568,0.26900427062261184,0.11247471341874579,0.0882220723758148,0.09813441222746684,0.034749381883569345,0.15549561699258263,0.16990334906720614,0.1477635423690717,0.09372892784895483,0.09022252191503709,0.14803326590245,0.3208586199145876,0.10811418296246349,0.2624159021406728,0.11529051987767584,0.16801223241590213,0.14250764525993884,0.27003058103975536,0.1440061162079511,0.4950764525993883,0.600091743119266,0.09985863726321742,0.1309018942606729,0.062058241447554424,0.231071529544812,0.09154650834040148,0.12482329657902178,0.10952784845914618,0.1883517104891151,0.1692111959287532,0.41608707944585804,0.2926208651399491,0.08459146169069834,0.11096974837432853,0.14763924229573086,1.5671516976082958,0.008242196922596055,0.016195611183023657,0.014785672303024746,0.02729335901800305,0.002429171805299332,0.007449617135919172,0.019235268627850022,0.025128786588750954,0.020373269981822435,0.009018176179776526,0.013243456146107191,0.0110588258096492,0.010673530673530674,0.03888316888316889,0.08308594308594308,0.024553124553124552,0.0305379767146323,0.06848260015660501,0.09784283018625727,,0.022993337868888235,0.01574393797414734,0.025371295072076815,0.023779572031885805,0.018404297652208516,0.012916704106388715,0.0390966971746916,0.04930490481752949,0.011628971197980946,0.009817924646041629,0.010272766352807399,0.00925214593762567,0.01365888574625258,0.008610205769324317,0.014423310794376611,0.011318123591315205,0.027599218896587188,0.031532533235116296,0.015000104239779287,0.023687910733685896,0.037265721096046533,0.06548922044860167,0.035849218317477304,0.006975220298885616,0.005864997146853463,0.023183490826551967,0.009879152139366158,0.015570632834250173,0.012974939569016169,0.008505127552225983,0.006896926290070133,0.00963862730147355,0.012681513373815803,0.014878683080664696,0.015109332998526522,0.006159128693484598,0.0247402014342616,0.10959468390733657,0.024863637934646368,0.04671260385418129,0.021766439802134815,0.029806035410052528,0.02076131401328741,0.04037502124871185,,,,,,,,,,,,,,,,,,,,,,,,,,,,,,,,,,,,,,,,,,,,,,0.012103996939874663,0.013761463715461733,0.01447523006300133,0.00722381291980791,0.006294672961238513,0.005990419817769657,0.016369001124492924,0.006146641521544793,0.034241067379482536,0.01830129676147858,0.012127961045890655,0.007737979498252288,0.006026820991464835,0.008333442031282563,0.0056139710131387,0.0045425631340439854,0.0060474483232254355,0.006134204453865607,0.0111970010286365,0.006547661118419995,0.005282720332512588,0.009200093308341905,0.008575813179469616,0.006533100648941924,0.009726696954465467,0.006770314964188828,0.007142820308336142,0.006909549453572882,0.03790393548255974,0.015148955119476235,0.004904754812310998,0.005089490768814022,0.004166417672527154,0.002213494703780899,0.005059156457401375,0.03817997771641484,0.1816130391430921,0.019642983355259984,0.018930430380176888,0.060680756549860354,0.02166567524025533,,,,,,,,,,,,,,,,,,,,,,,,,0.009512579294361525,0.004577139859926035,0.01923057322443744,0.0646664089836758,0.029555402757730685,0.060845853564453545,0.015384928994746245,0.025056665430520063,0.027730975821442932,0.03211524545088904,0.07526015920418293,0.030769073964165335,0.0322289291233264,0.040383576551056906,0.06711570410570543,3.5088643145515186,3.272073020888187,2.5831139196068107,2.7051079515534493,3.183078813410567,3.0998771283131474,3.2183605406354223,1.7179217131823767,4.908197296822889,3.625241355099175,4.916096190977708,17.27575917149377,18.637001930840793,1.3777426715815342,,,,,,,,,,,,,,,,,,,,,,,,,,,,,,,,,,,0.0408811838074454,0.017356805084810505,0.012867361516072108,0.02015538618636666,0.11118057341628067,,,2.400163082254612,3.8454795637549686,0.9004178982774437,,,,0.019761576464570125,0.02251927407552707,0.062263581276117835,0.062263581276117835,0.03873661295502492,0.051888561324156396,0.07602706928282554,0.1693157447949245,0.10959141274238227,0.13701300151907783,0.08249932981860424,0.12517313019390583,0.11616477526583863,,,,,,,0.0697613830696879,0.060542699871740054,0.11469912355707566,0.07141139375801625,0.14419222958529285,0.07936751817015819,0.10960880718255665,0.11796574390765284,0.03408240701154339,0.03624687588773569,0.08278072533924058,0.009853686811152975,0.033216738068114975,0.004519381691195671,0.04222967641227091,0.12746691110092637,0.16352096440426092,,0.11392580086454072,0.14483968154627622,0.11228113583768756,0.2445747885950485,0.23044594322528686,0.1399989933561506,0.18688343064223878,0.13131669015502315,0.08626937789410107,0.0987265955305013,0.11320393308645128,0.18477844464308518,0.1419678202017622,0.15658919678202016,0.15662112118503385,0.313210317967054,0.24205082364959773,0.08986971550119649,,0.13193890513752252,0.14490826907737303,0.1392360187893291,0.17592838784011344,0.16662235221129132,0.09732782282234911,0.1292235858283118,,,0.15477805470549263,0.24570148594504207,0.21052465533015743,0.23341344090635996,0.41034220532319393,0.17532319391634982,0.08395437262357414,0.1376354357826994,0.554941049297368,0.09864501370069635,0.35727393851026923,,,,,,,,,,,,,,,,0.13778705636743216,0.13778705636743216,0.334397642146629,0.13766425150435957,,0.2510169269124787,0.07334995407426848,,0.17174766073045578,,0.17114397826743133,0.1842740718382131,,0.08579606993656197,,0.08633761411109393,0.08726597555314869,0.33250812316261796,0.12941925894468628,,0.13133028983968573,0.11763456842552289,0.12432317655802104,,,,,,,,,,,,,,,,,,,0.02086524662592515,0.0347969105245336,0.027766580131254333,0.021461857232694264,0.14969259556268377,0.2210638866613205,0.29831595829991986,0.18738305265971666,0.025893459204315575,0.026432906271072153,0.02677006068779501,0.025736120476511574,0.02202742189256013,0.09639884491251911,0.05002547987090199,0.13334465772040088,0.09639884491251911,0.02177254855588731,0.038061311969728326,0.02245247878913294,0.02106305613858752,0.020604842285748073,,,0.005765426839812233,,0.02779804557512979,0.03871559633027523,,0.03605504587155963,,0.072291442666498,0.07342989058250585,0.07564353930807666,0.07817342356587186,,0.27199999999999996,0.28851612903225804,0.3473548387096774,,,0.12965685507835717,0.1087303325096187,0.042916575432450185,0.03296579021769862,0.03358778625954199,0.041617189708792766,0.23579304495335032,0.10855335968379447,0.03788142292490119,0.06823715415019763,0.038798418972332015,0.0899604743083004,0.096169928081619,0.09984947315604616,0.1150694096002676,0.12443552433517312,0.09466465964208062,0.014583524439506827,0.0031579233468891315,0.0030984680929132735,0.002089427496865859,0.003207186271611985,0.0023092290248491317,0.0022317009520724227,0.003721347493282054,0.002158326168908751,0.0069252788724439365,0.008699921697495604,0.02279437248886436,0.006459956612710678,,,0.0014596606921261648,0.002183539312635216,0.0008034829497942192,0.005912295372235796,0.005757078377945636,0.0016639240251866889,0.003645256194219927,0.001060848551878245,0.003066162669557667,,,,,0.0014882013179044937,0.0006709949684477659,0.000952497378357136,0.0008035559093210362,0.004462783895028722,0.0032664497602032947,,0.004643536505651564,0.005945342509015328,,,,,,,,,,,,,,,,0.002305818487160409,0.003384637337324545,0.005768858357200371,0.34509390907495174,0.517991925574864,0.41407758469369843,,,,,,,,,,,,,,,,,,,,,,,,,,,,,,,,,,0.005578856882417082,,,,,,,,,,0.010524960571630887,0.01087543496375451,,,,0.007494674293731398,0.006772544630192241,0.008036271541385767,,0.007886687539652656,0.004028705964722998,0.004109050528122033,0.01689244445464693,0.005090401981067377,,,0.03062372401149952,0.0213251462473551,0.018586897896527402,0.021283657635978923,0.01875285234203211,,,0.09875176162673646,0.03684316488826253,,,0.04300217085940493,,0.03945856212488826,,0.04233175839611799,0.042837306862831985,,0.03997163874855978,,,0.0406032116604095,0.037195949143452055,0.03858409313184213,0.03867873931286872,0.06373679154658982,0.062151777137367914,,0.059846301633045156,0.07070124879923151,0.056218350356192597,0.05990902068491975,0.05317140159642949,0.23577375332589476,0.05557462878722856,,0.04665399239543726,0.051634980988593156,0.04539923954372623,0.11536237713366349,0.03501847708589959,,0.03853792201915583,,,,,,
2022-08-01,2.193661971830986,1.5000617741536941,,1.5824511622830952,1.4137273593898951,,,0.4520202329483521,2.461353170386114,,1.628001865236652,,,1.3833061319654931,,,,,,1.2706924691070178,0.7076285059478338,,,,1.162858475169037,0.7997202145022149,,,7.674865936115645,0.6163441361622756,,,,,0.42970389368151085,0.6163441361622756,0.4406394368262814,0.48787596176264864,,,,0.6571461879225926,,,,,,,1.027792036371636,,,,,,,,,0.4969112923152953,0.19329132690882134,0.49604645416357795,0.49295774647887325,0.431245366938473,0.6319495922905857,0.6932295527551273,0.7240548554484804,0.40412651346676554,0.8164689893748455,0.9542871262663701,0.8744131455399062,0.3713244378552014,0.7117000247096614,0.9945416063272808,1.6667037985964133,0.8525119750473432,0.10852482158262097,0.04340051760646224,0.08604815308603248,0.0923064857658223,0.13768331895537606,0.09047133558152302,0.09498862834287508,0.2064308681672026,0.17959375735236455,0.19165555642694693,,0.4168080533876259,1.1856124872751952,0.8342947630358558,0.7408095061269959,0.10901393543834892,0.33433292173810786,0.5062154142272837,0.14738781609528923,0.05798888679327404,0.02605655258461851,0.07722663107345452,0.047775182439392404,0.04340824350399699,0.02114918935882375,0.08096233688576383,0.09153905199723494,0.06852812329040164,0.11216237420536808,0.018121212378234185,0.22314049586776857,0.19907029015120556,0.10875561912545975,,0.11414487127094401,0.17970984879444218,0.20078156926849203,0.16522782999591337,0.32985801699043543,0.8567100338620567,0.2599952474306422,0.20967741935483872,0.15181488742351332,0.15181488742351332,0.06580289124827544,0.11517005578549576,0.15856877211924897,0.12863655449583108,0.12452762281806731,0.1391038330034191,0.26327154939715675,0.16807630016195788,0.194469437946134,0.16003839001859516,0.4217503449103233,0.2724791554195909,0.18370223741827124,0.39040849379161413,0.17650410893167776,0.1107012176834023,0.2042768880091176,0.0607648567287323,0.09543984836659605,0.05298249526145613,0.08529378972014717,0.10589809343293567,0.07784591370275393,0.12888839335488905,0.15992864310402496,0.09452558813691604,0.2780466049726837,0.10210725833426246,0.08897312966885941,0.10435946036347418,0.03893410636637307,0.15152190879696734,0.17011929981045826,0.14902441743784145,0.09452558813691604,0.06665180064667187,0.12404950384658268,0.33519901884268033,0.11983498717805777,0.23735015022161407,0.11470387006574055,0.2225362167950739,0.13353362881875241,0.2373798970758842,0.14242793824553054,0.48960347443257873,0.6089478537644644,0.10374714702568398,0.13688498541010605,0.06483113281137146,0.2380897350706382,0.0591396296189293,0.12969115650189236,0.10802299713980297,0.17143847687285124,0.17866119666021438,0.4415393060410829,0.29335798688354087,0.08644151041516195,0.10134920405627942,0.1440788143183197,1.510621960583568,0.008847117794486216,0.016563074352548036,0.01666499582289056,0.031538847117794484,0.0024294068504594818,0.008066833751044278,0.016188471177944863,0.024895572263993318,0.01999933166248956,0.008713784461152882,0.012467167919799498,0.010242940685045948,0.011757669021757443,0.04074044952654813,0.08731339930582857,0.02625748368472486,0.0139899254111926,0.03047217643362188,0.048293538378524216,,0.010456251871300584,0.009737343427663334,0.014753251538990503,0.010010429930280687,0.009590929579874511,0.007055831383890529,0.017475891068097247,0.025137119036103356,0.008401963004083681,0.009724999386220234,0.007414459560097223,0.009408561818533967,0.0132365003417635,0.0065060378218272956,0.0127842333105491,0.009431533378901801,0.023761676919571657,0.028122579175210757,0.014999999999999998,0.022542720437457277,0.023920027341079973,0.07070972886762361,0.03471747550694919,0.006522883861169831,0.00588252842574548,0.02283703127612501,0.008006177383312047,0.014705974176262168,0.012109863624411764,0.008480720306205064,0.007698834525356479,0.00946865761936246,0.013076987651477362,0.015950608684551754,0.015213818356902066,0.0050264085911694775,0.02478723618292658,0.09706900367493256,0.02373200257807237,0.04498236767779923,0.020219413661979744,0.029757448901648203,0.020865319307028576,0.04228357824789595,,,,,,,,,,,,,,,,,,,,,,,,,,,,,,,,,,,,,,,,,,,,,,0.012103771333094641,0.012797469865139039,0.015206170187373195,0.007223714047022318,0.006443788041532402,0.0059905716672633965,0.014151748418665712,0.005044754744002865,0.035622687671559856,0.01830110991765127,0.012127938894856189,0.007738095238095238,0.0060266738274257076,0.008333333333333333,0.005550483351235231,0.0045426065162907266,0.0063987349325695195,0.005266141544337033,0.011746330110991765,0.006547619047619047,0.0052828499820981025,0.008160580021482277,0.008145363408521303,0.006533297529538131,0.009719835302542069,0.006851951306838525,0.007142857142857143,0.00648078529657477,0.0386609380594343,0.01558091657715718,0.004593328559493973,0.004613020646855234,0.004166368301706647,0.001862095715479174,0.0050593746270438,0.039527389903329754,0.1636904761904762,0.017914130564506504,0.019394617496121255,0.05644766678601265,0.021665771571786608,,,,,,,,,,,,,,,,,,,,,,,,,0.008808945440524388,0.004398689030267977,0.019380759591285907,0.058394447657605555,0.026922691343743976,0.06153846153846154,0.024927703875072295,0.02497397339502603,0.026778484673221515,0.03246655099286678,0.0738708309234625,0.02961557740505109,0.03252593021014073,0.036025448235974554,0.06744245228455754,3.4292127071823204,3.2291091160220993,2.410220994475138,2.475656077348066,3.21875,2.9963743093922655,2.614813535911602,1.7608770718232043,4.78953729281768,3.6251726519337018,4.914019337016574,16.360842541436465,18.86982044198895,1.3777624309392265,,,,,,,,,,,,,,,,,,,,,,,,,,,,,,,,,,,0.03693813250548156,0.015398393243768911,0.012850547655469237,0.01776737681973336,0.10729844565158932,,,2.4076190476190478,3.8500250626566417,0.8999498746867167,,,,0.01990636969782948,0.022660424646521966,0.06226320518276825,0.06226320518276825,0.038736463801011964,0.051886319572516194,0.07602591384120679,0.16931620926808905,0.10958889059787744,0.13698336665861,0.08249653929819165,0.13147370965261146,0.11549954955944716,,,,,,,0.06185293892091999,0.06753487593856537,0.12169802770554321,0.07053270773928624,0.15556655535182692,0.08421815849467014,0.10619993446600251,0.12516993523288972,0.030626686280387908,0.030945960795584218,0.08266907855253036,0.00983632424086174,0.033163430625878745,0.014051489254992123,0.0414556970941847,0.10100004329191739,0.1392700982726525,,0.08195318330263798,0.13655440609616662,0.10740180338082557,0.26588570372246834,0.2777791529493304,0.21129235872175053,0.15282556498923242,0.13131513156266245,0.10200747543256021,0.09242803039679201,0.09025112402675732,0.17052308367145522,0.13809079942976205,0.14955038929707204,0.13672003509156705,0.34436341704134227,0.20934312972913696,0.08839425815075261,,0.12553030743302146,0.13041204161097228,0.12730284186668217,0.18065322252571628,0.21485441971290753,0.10462051709758131,0.13794829024186822,,,0.16990825688073394,0.2729274395329441,0.18301918265221018,0.21637523008151457,0.41385033192516596,0.1689046469523235,0.06770519010259504,0.11495577660294155,0.5129162386309539,0.0563754353436396,0.3624063541379569,,,,,,,,,,,,,,,,0.13324784332012124,0.1330146887386337,0.2854977850314758,0.13254837957565865,,0.24030145787002719,0.07029898690387942,,0.12648695841973154,0.12386772890974572,0.12386772890974572,0.13576339626759795,,0.08154286133313778,,0.08498936716286573,0.08491603725159493,0.30409914204003813,0.1341205302439568,0.1304444691990643,0.1330065723515651,0.12208978500612679,0.12877353236047678,,,,,,,,,,,,,,,,,,,0.020704258489530232,0.034412987216688895,0.02569210258018979,0.02115912477452749,0.14519123653917562,0.2081940834261666,0.2775095927713826,0.17663077113504144,0.026156762180845134,0.02666963987066563,0.02718251756048612,0.026156762180845134,0.022232132902218756,0.09623867190632769,0.048760927099206035,0.12799743363541585,0.0926297217098404,0.021718629854773894,0.040825801209975775,0.02176215416310009,0.02100773281877929,0.018265701394228676,,,0.005907523717032582,,0.02458004843066823,0.05339560341493887,,0.035636731415652795,,0.0722674454731871,0.07369663828993972,0.06878767165848505,0.0788541601938731,0.07208102901882806,0.324799506477483,0.3504009870450339,0.4222702035780382,,,0.10853680270896453,0.10541792906790233,0.14753757500148518,0.03426458267125068,0.03487129113338919,0.04166064773351053,0.24271227573455062,0.10467278507588026,0.036590486473516884,0.059834443044808346,0.037520244736368544,0.07776977985723711,0.10016210220970907,0.10348946335636892,0.12763416090777238,0.125330603190854,0.09828512925518301,0.012583124477861321,0.0030543024227234756,0.003117794486215539,0.002253968253968254,0.0037076023391812867,0.001865998329156224,0.002899248120300752,0.003465998329156224,0.0020878863826232245,0.0036093481129064633,0.004155521118141169,0.009025015381679515,0.002999016230550812,,,0.001167151455280537,0.0021835610925123026,0.0008159083840989335,0.007223167407570019,0.0057285101086661655,0.0016636753349378063,0.0031136675993331422,0.0009858559845482165,0.0030019696306404875,,,,,0.0014879460556152285,0.0006399928392409595,0.0009523809523809524,0.0008034968373314238,0.004462943071965628,0.0028552594746394807,,0.004644988848053601,0.005945296768193024,,,,,,,,,,,,,,,,0.0019934451513398885,0.003384615384615385,0.005711201079622133,0.33753453038674036,0.5127762430939227,0.38725828729281764,,,,,,,,,,,,,,,,,,,,,,,,,,,,,,,,,,0.007749562585709557,,,,,,,,,,0.01052461253807785,0.007650746079652181,,,,0.007432548983795521,0.006783152212515093,0.007412255334693008,,0.008949499254208395,0.004020748980724636,0.004110912938246142,0.016863477680194076,0.004899847566559315,,,0.02436252651629941,0.024210106500834577,0.020236635696243666,0.023057947680172528,0.020251406963175234,,,0.07933364687244733,0.03566919973266665,,0.031461174781554004,0.03596885623423621,,0.03399495558723544,0.03459809189604123,0.037504112293014584,0.041959667577148835,,0.04007090137734643,,,0.0437698081734779,0.04006672226855713,0.04156797331109258,0.04166805671392827,0.06632552647116709,0.06317654005117103,,0.06243849635898445,0.07360755756740799,0.04387983171180647,0.04631212200894031,0.04151327899027084,0.18360504864580593,0.0424007362608467,,0.047223898611949304,0.05163699456849728,0.045866022933011466,0.11688506927914609,0.03635589185938713,,0.039162135752048306,,,,,,
2022-09-01,2.3483054529654575,1.5362806865087986,2.7693755626483343,1.6877703499803383,1.3691766167437367,,,0.4428991646076009,2.722092480149463,,1.4792774822695038,,,1.3358820921985817,,,1.7464604304771258,,,1.2852393617021278,0.6501179709005112,,,,0.98082890070922,0.8950576241134752,,,7.4406028368794335,0.597517730496454,,,,,0.41589095744680854,0.6539228723404256,0.4704258402926358,0.4343971631205674,,,,0.6370789007092199,,,,,,,0.8580992477051557,,,,,,,,,0.43189224418857264,0.08880078209863133,0.4423745383445579,0.4223332609167934,0.45345426895502927,0.6724961981316532,0.6602759070171627,0.6921572887247447,0.35362806865087987,0.7321312187703672,0.9119052791657615,0.8201173147946991,0.3194655659352596,0.6381707582011731,0.8270878496954681,1.6499432228760194,0.7807370703004025,0.09430321953518513,0.03820436537158679,0.0824030162891396,0.06761613007746914,0.13185955403693775,0.07640873074317359,0.0869097764293499,0.18870953489057113,0.18280361719049162,0.1797991104303514,,0.3991951710261569,1.1290744466800804,0.6346076458752514,0.8938830686042581,0.1037570991699432,0.3060288335517693,0.5369012326415977,0.15593048558738487,0.05747160699913554,0.031090708558142305,0.0941663934181894,0.050794407845708996,0.04538408799594598,0.02141956111756404,0.07252675883947193,0.0868064662511813,0.06776408091556654,0.11654406101556612,0.01693581625388737,0.22200666868748106,0.17113962485919976,0.11594593270973114,,0.11161173416915618,0.1757186933738185,0.19665507615456193,0.15786767226602674,0.33098903533060137,0.819387529072987,0.24224720345553213,0.1621718905748145,0.13229593531952596,0.1718351976963119,0.06576356851106344,0.1046398871617055,0.08072051952631423,0.14948135523493283,0.11659957097940113,0.1458082336693015,0.2630836590167788,0.15244923745996297,0.1943228233081602,0.10904763304046311,0.4210866562839764,0.27648320648820196,0.10525697158473157,0.39898915694513826,0.17636860509535424,0.12086039199553349,0.1734007228703241,0.060156234391544966,0.0843505883763211,0.05018680198989072,0.05282400655305377,0.09428006313307893,0.08097416738257447,0.12906319301540367,0.131240884662258,0.08157353205602062,0.24717799132919108,0.09933470521247478,0.07114458673805767,0.10177212155115578,0.03556230395780473,0.15183905060635727,0.15835214672447206,0.1361756538069646,0.08638842826603801,0.06089545082212855,0.1304217529418816,0.3089525103390406,0.13008211296026212,0.2547180734051175,0.11505731156651615,0.16490100729419938,0.14466828759986106,0.2200995716105129,0.13838717147157578,0.4858747250202617,0.5733761722820424,0.09765333333333333,0.15736,0.06818666666666667,0.17645333333333335,0.05626666666666667,0.13632,0.0804,0.16058666666666666,0.20346666666666666,0.40016,0.24416000000000002,0.06778666666666668,0.09765333333333333,0.13562666666666667,1.2544006069802731,0.009164422251492454,0.01599923984770742,0.018292802799457407,0.02624982798277862,0.0023574550625487384,0.00799994757570396,0.01574563731561392,0.02420036565946488,0.02236158347586189,0.008667046742812956,0.01395010517624393,0.010788920125031945,0.012166777574332247,0.041978206988147346,0.07802250943404024,0.027007738737361005,0.012020859171580467,0.02812796913190742,0.04280191765123987,,0.008800597634123167,0.008115929415348463,0.012691021707754012,0.009379374369909411,0.008406043067371643,0.005046526976943217,0.01660175373702648,0.024069279140103136,0.008284909962620948,0.0070906525620365235,0.0070759416646049116,0.008206006058215034,0.01363069234713083,0.006505380007349829,0.014310942420014766,0.007443655969948362,0.02189869076993362,0.028122587988503887,0.008272466403577065,0.02417959495520291,0.023958429906876112,0.07507659794539905,0.03906243891432535,0.007429648938543838,0.006574579471802435,0.02161958456004397,0.009967647490979935,0.015723210544360215,0.010283961971516733,0.00847722807838613,0.00691266183056972,0.009339100007074561,0.014487883454779953,0.0152803702716087,0.015657226663474043,0.0076670548604951105,0.02691053946244225,0.1003458371653869,0.024820142906120585,0.04528194844278041,0.020903285317021937,0.02919820741522772,0.0201128392387773,0.04363303166682085,,,,,,,,,,,,,,,,,,,,,,,,,,,,,,,,,,,,,,,,,,,,,,0.012586513263172922,0.012797731712782694,0.015206265640258117,0.006629099817392581,0.006468199336387906,0.005968530206286118,0.014414635273715122,0.005044668898990188,0.035714348402784805,0.018300820709471654,0.01208333357712194,0.008166138230480869,0.006112463000203026,0.007700404474554613,0.005788614213889982,0.004538563749648212,0.0060249916478023035,0.005430830053401406,0.011887327536625336,0.006119776658430512,0.004723160483309939,0.008186031380859628,0.007759791379361792,0.006493943413348654,0.00982136536052532,0.006660987367264416,0.0070986366755971305,0.006815451829028904,0.03897770270388869,0.015238153190129954,0.005080944643798515,0.005207909750627658,0.003972194056511759,0.0018114468697835332,0.004404870077249783,0.041663278005021266,0.17857144946759493,0.01934521110435654,0.01814021277479608,0.055016262650434626,0.021665688586773042,,,,,,,,,,,,,,,,,,,,,,,,,0.008828453085043802,0.004398348029779017,0.01938085898217221,0.05807679453658183,0.02672958590351006,0.057203476335723175,0.024927752767019876,0.023999993951042766,0.02677873368104756,0.032307480594189066,0.07288464184880329,0.02961569462444293,0.031038711814067154,0.034807968291366176,0.059077140839383556,3.138456330399458,3.1907582938388623,2.1438727149627623,2.7550778605280977,2.791299932295193,2.674001354096141,2.5834461746784023,1.7117467840216656,4.748815165876778,3.9605619498984432,5.450914014895058,17.229857819905213,17.60765064319567,1.3776235612728505,,,,,,,,,,,,,,,,,,,,,,,,,,,,,,,,,,,0.03739985245929764,0.017374020582173064,0.012841187874212973,0.017072566987645303,0.09265286515711124,,,2.426521183525017,3.850191683869065,1.1963039418067434,,,,0.020007789461970734,0.022802722602422155,0.06226376601939948,0.06226376601939948,0.045679630556946536,0.0508373671618539,0.05660342365399952,0.1526226865787583,0.0987852717845144,0.0865214689375255,0.07436447672499175,0.10373740120016313,0.10472782708329288,,,,,,,0.06607485709696966,0.05050335447981837,0.12996692972018017,0.07148436644498142,0.163387623101014,0.09302750016425637,0.11771705565005366,0.13367547324081444,0.03270526569378235,0.04276718379291248,0.08742829403037121,0.015353111304074334,0.03556069111222027,0.010782389902705511,0.05274961198438366,0.14911140008669266,0.16015117035110535,,0.07820681506941274,0.14485379017749253,0.10740178835154802,0.2458580596654225,0.2681569771754989,0.21288854818368408,0.16587947278617177,0.13380647394841613,0.09339993570563071,0.09147110462672174,0.12401453875294359,0.1484335005631207,0.11718030101361729,0.13655677280638887,0.13018327019555645,0.2941281867513054,0.22076891573666427,0.09695709157216935,,0.13111858225539916,0.1159325317681919,0.13214428172545445,0.1829164054931905,0.18892814405379224,0.10481651376146789,0.13944954128440368,,,0.14583879423328963,0.22860419397116644,0.20828964613368284,0.23651570933266614,0.41746558734658856,0.13007796471070987,0.06830305517215653,0.11507536452826476,0.5133639873122035,0.056283655855811555,0.375224372372077,,,,,,,,,,,,,,,,0.13009751773049646,0.1330895390070922,0.2866799645390071,0.1293218085106383,,0.21551162285466,,,0.11600471883602045,0.11394022807707432,0.11394022807707432,0.11570979158474243,,0.07971564635240529,,0.0842708261439713,0.08157912899440956,0.3020222237559528,0.11995457830081552,0.1226385877980799,0.12109012078042737,0.11881903582120366,0.12160627645297821,,,,,,,,,,,,,,,,,,,0.020427700374090547,0.03296120651565584,0.02950013255176883,0.020015317093286987,0.1975329503210544,0.2639405204460966,0.38763095640419065,0.2468739438999662,0.023914650470501272,0.024414121031706395,0.024873633948015103,0.023914650470501272,0.020298483607376183,0.09978155718520829,0.048447495709158996,0.12700889374317367,0.09198002808550475,0.022759114078755176,0.04511580767281724,0.02426446478075536,0.02201389095895311,0.01833248874713089,,,,,0.02395910091964646,0.05299872640963297,,0.035428968391802707,,0.0722036980903304,0.07335556229160352,0.06698999696877843,,0.07177932706880874,0.2968323320589842,0.31676679410158387,0.37274713271436377,,,0.08024144423524199,0.07888470483996012,0.14024255177760547,0.032319999999999995,0.03285333333333333,0.038373333333333336,0.20210666666666668,0.10461050218918046,0.03661367576621316,0.06126766771473069,0.03755399488701478,0.10164261996415035,0.09066767830045522,0.09408194233687404,0.11578148710166919,0.11198786039453716,0.0893019726858877,0.012495003309283687,0.0029455901337474854,0.002752275542099986,0.0020904188045949897,0.003540278241951232,0.0018663049390239906,0.002933139363437985,0.0030773061775479847,0.00199867628652499,0.002357173422688338,0.003288438245682746,0.006253399769359646,0.0026530893477519817,,,0.001167349234729752,0.0018209787078943517,0.0005223295899712719,0.010250718203186212,0.005639921200280806,0.0016638821922430166,0.003354974232274145,0.0010040433833813133,0.0029713153784617728,,,,,0.0014881831761286875,0.0006397988217404049,0.0009522383012185723,0.0008036247660360732,0.004462794250411467,0.005553115836296412,,0.004644713915371648,0.005944454675525209,,,,,,,,,,,,,,,,0.002988940993934408,0.003384391573197675,0.0057117278695118946,0.2916384563303995,0.5126946513202437,0.36560595802301965,,,,,,,,,,,,,,,,,,,,,,,,,,,,,,,,,,0.007880339027059109,,,,,,,,,,0.010526279484446836,0.007439444576655251,,,,0.007451772407549273,0.006795140927044263,0.007655726124978859,,0.008983912528727626,0.004987795455943989,0.00510061056906678,0.02086737728792468,0.005958689156758309,,,0.030843628088426528,0.024925412044144484,0.02027633751412102,0.023535034614604756,,,,0.08172803481787383,0.03795840648878558,,,0.035911743626497385,,,0.03365926077608273,0.03514385174567421,0.0430793777423215,,0.039916804376317734,,,0.0418086500655308,0.040203145478374835,0.04174311926605505,0.0418086500655308,0.05547047813510294,0.055810787816913385,,0.055172707163518804,0.06491407180534285,0.04875433391714623,,0.04593058583836723,0.2036315544911892,0.04628802230403546,,0.04767411496997053,0.052187861379490434,0.046928041183273025,0.11441146819444786,0.03651429835993017,,0.039981312547640716,,,,,,
2022-10-01,2.5954592363261093,1.3659348907026925,3.4395580352259056,1.7633061383061386,1.4403721060362313,,,0.5268206983437164,2.341283241874209,,1.3885079986940907,,,1.3167918163021004,,,2.554972103708566,,,1.2462727173794754,0.6206293706293706,,,,0.7105234519534226,0.7534008053106976,,,7.214930895636087,0.5793883991729242,,,,,0.48100990314506475,0.722167809337251,0.42764216269147376,0.5821090434214822,,,,0.5460877135705735,,,,,,,0.8124781422676086,,,,,,,,,0.3533633549113425,0.08246552209400505,0.3793038746599118,0.44056665728492356,0.3769584388779435,0.5524439440848109,0.5230321793789285,0.6361290927854396,0.3062670044094193,0.8127873158832911,0.7659255089595647,0.8160709259780466,0.2874566094380336,0.34731213059386434,0.7350245150287785,1.5525474312513323,0.7762737156256662,0.09421241050119332,0.0449582338902148,0.08241348448687351,0.05393794749403341,0.13485978520286396,0.06892899761336516,0.08690334128878281,0.18578460620525059,0.15884546539379474,0.17109188544152745,,0.42693037658575567,1.0932973728898212,0.6545799620417541,0.7975547792950143,0.1109452736318408,0.32238805970149254,0.44537941397445535,0.131419773452106,0.05680193555482239,0.02347959969207082,0.08285219399538106,0.039329704168041345,0.039700868800175954,0.02573485456626074,0.07077405250303165,0.09369929460793523,0.06401902679806658,0.11580898051204974,0.01715229978308767,0.2233753397578453,0.16595004349446996,0.09486765254131975,,0.10627563066981482,0.17020007456194855,0.19473095563564058,0.12337517087113209,0.30783582089552236,0.8914568946313209,0.24003118734684786,0.11188460681666296,0.15384829583426152,0.11096569391846736,0.06101774316331908,0.09345903847279967,0.09410317971540669,0.13822685483398722,0.11471569947883117,0.16071324003045032,0.18235052995256779,0.15105112139134508,0.19792703636470102,0.12130350764185746,0.4022369268606898,0.20592024360250627,0.10558060549276806,0.3985184751420039,0.17353750658780817,0.12183053229489957,0.1627042220530538,0.05415895744509693,0.07171587161129434,0.059810152039256693,0.04748210119861636,0.08718124044726892,0.07071032097176413,0.12828815059126378,0.11927841686107313,0.08281715067170782,0.2320006435524093,0.0968546375995495,0.07071032097176413,0.10606548145764622,0.05122274957766873,0.1454629555144397,0.16187354195157266,0.13534711608076583,0.0666680074008527,0.06153969913924866,0.11173678706459658,0.32290242136594,0.12120907408897112,0.26269020085209976,0.11004260499087035,0.29628727936701155,0.1424832623250152,0.21533779671332928,0.16202069385270845,0.5044126597687157,0.6195069993913572,0.0802567760342368,0.1433095577746077,0.07480741797432239,0.14718972895863053,0.07383737517831669,0.1440228245363766,0.08316690442225391,0.1698145506419401,0.1691012838801712,0.423509272467903,0.23215406562054208,0.08313837375178317,0.09495007132667618,0.14011412268188303,1.2109093582298023,0.013003691716938302,0.0225884111443034,0.023174704759286742,0.033401555288776454,0.004280158148944349,0.009069939103155563,0.01917855165686869,0.026480900535154086,0.020168454907336618,0.010825666306382304,0.013239132154061107,0.010084886510426279,0.011924930759142376,0.038994160443253226,0.09259768792101444,0.021043913299133073,0.012899835305976225,0.03030685928353074,0.04327130863545186,,0.008185881687374271,0.0072109275274502,0.013362184701404135,0.011736782478968127,0.007644559569124824,0.005657318689397409,0.015866337948690704,0.020290246294384466,0.009287275741478649,0.006600101310810188,0.007255641847324067,0.00945116087560712,0.013630429716576655,0.011645086189927803,0.014099898413761427,0.010753661290213105,0.021761853801791447,0.02490446594824758,0.012344198611277656,0.021937197532065276,0.02381167857118616,0.06751072990504288,0.046757950989730505,0.006679154630524598,0.005813172436551476,0.021749449374488042,0.006805228410554098,0.014360010223687955,0.009752461366653555,0.008090078682439439,0.006643330387018948,0.00535710225961416,0.013336952500497752,0.015476073194440904,0.018996494046630764,0.00834084838697899,0.024221322176377905,0.10119453184258552,0.02493091776889367,0.044982849143421676,0.021954060919126082,0.03002209391325435,0.02076083803928404,0.049254890181470466,,,,,,,,,,,,,,,,,,,,,,,,,,,,,,,,,,,,,,,,,,,,,,0.009109227017450927,0.009270845451138647,0.011023750826872531,0.004809704489386627,0.004082099588720793,0.003880559470217779,0.008982593716155103,0.0036545512223118432,0.025872256618307055,0.01325399935867745,0.008753580610252318,0.005702791212593273,0.004570818278637048,0.005578304238438057,0.004193493967318306,0.003287958546696137,0.004378721999552705,0.0037989990388747064,0.008649913009360992,0.004430663116355399,0.003311782777956877,0.005389856715492748,0.0058320001064578264,0.004704534459496875,0.007047035900755549,0.004557725683079344,0.005142170563466679,0.004865294362328353,0.02912329833818475,0.01103877511685678,0.0036927558454146513,0.0030366236385310362,0.0023130967594323566,0.0008192530695697601,0.003729887304947155,0.02844205410375603,0.1293617123569634,0.014014228431880514,0.01303528862304958,0.03976135417789017,0.01567505637328235,,,,,,,,,,,,,,,,,,,,,,,,,0.008931935344550324,0.004398579957055647,0.01939081505441558,0.058049156275174665,0.02588300880022299,0.05691658319779213,0.0230764636152284,0.02192321476158533,0.026778193335354965,0.03246709488496611,0.07288440862685278,0.0313352875770747,0.032591915312020436,0.03447800556867574,0.051000248109315124,3.3828529194382857,3.319475240206948,2.2559127864005912,2.9696969696969697,2.686067997043607,2.711566888396157,2.784368070953437,1.844789356984479,5.215631929046563,4.261640798226164,5.173872875092387,18.559127864005912,19.064301552106432,1.4848484848484849,,,,,,,,,,,,,,,,,,,,,,,,,,,,,,,,,,,0.038955170031756664,0.01691020830844969,0.015523701750864718,0.016523562607666666,0.090888829510179,,,2.121212121212121,3.3483982683982685,1.147878787878788,,,,0.020114726632055838,0.022947204712281837,0.062263803634888315,0.062263803634888315,0.03475232721508051,0.045099888053253594,0.05660448237777895,0.15183755729373033,0.09827372828708256,0.08341282303391398,0.0792500085604293,0.10073424024967104,0.10391871994677859,,,,,,,0.052355202293309006,0.043585901361652225,0.07689751775359958,0.058818164049775225,0.13088800573327253,0.0661085412730471,0.10629356961365562,0.08459834516906638,0.029337416118313895,0.04179588858270363,0.06703216865580403,0.014191206828678147,0.03584607949508237,0.010609799421981968,0.046619106600479444,0.12813021127634064,0.15093923565650022,,0.057885798187981674,0.13633441819867245,0.08612838400173217,0.285470698486376,0.26591378387335257,0.1920615902312183,0.15463838682540088,0.15045759298442402,0.0819333622249981,0.08450811940755092,0.1268865144643452,0.14887129423219822,0.11581725472109054,0.1329079867783842,0.12868014451533555,0.21556870884259616,0.20508878468752403,0.09677977839335179,,0.12286472760849491,0.11625692520775623,0.1217393813481071,0.1738804247460757,0.18695175438596492,0.10479161136182638,0.13332890894611096,,,0.16664454473055482,0.22514600477833818,0.22288956729492965,0.20840573414422242,0.2827119883040935,0.20559210526315788,0.06608187134502923,0.11093414416371052,0.5055865247713507,0.05453799560800213,0.36361881319529915,,,,,,,,,,,,,,,,0.12634671890303623,0.12689084775274787,0.14114702361519207,0.12547611274349765,,0.221080776808331,,0.05483628858241861,0.11285936285936286,,0.11130536130536132,0.11383061383061384,,0.07980695250751906,,0.08106595789326432,0.07980695250751906,0.27411345037420437,0.12609251758686849,0.11937753144318909,0.12278831805585164,0.12129609891281179,0.12353442762737157,,,,,,,,,,,,,,,,,,,0.020465393794749404,0.03296539379474941,0.02950477326968974,0.020062649164677804,0.18212130835185775,0.16783105747856464,0.3628135916163862,0.24738012067322962,0.023811439144075294,0.02427399243825919,0.024776767758024294,0.023811439144075294,0.02019145684176655,0.09496619083395944,0.04530428249436514,0.12073628850488355,0.08760330578512397,0.020730232046629275,0.03407841196524799,0.03314362696579786,0.020056636973496095,0.01705982623996481,,0.0042912773915865345,,,0.018873080667475107,0.05502130249543517,,0.03587948874010955,,0.07246108228317273,0.07431430689399555,0.06739560168025699,0.07431430689399555,0.07233753397578455,0.26001439194051335,0.27488606380426966,0.3614775725593668,,,0.07557362441523725,0.07833036310982401,0.07342949431944754,0.03417974322396576,0.034750356633380886,0.03948644793152639,0.21951497860199715,0.1029162030801663,,0.06025648533114715,0.03700884230251215,0.09117526497628389,0.08843637432919209,0.09071528339336911,0.10335955303977064,0.11813570535911196,0.08549584650444755,0.017200093635170745,0.003809834699562105,0.003586484750997021,0.003668093386049648,0.003880705356318334,0.0018875385548203412,0.0029064403026388633,0.0031595180976985737,0.0019850789549996045,0.0023031317710135646,0.0030052710702814156,0.006472891535990741,0.0027224051358115454,,,0.0013660884527740315,0.0018209668418360228,0.0007549818629958611,0.008679748174673301,0.003922754663868701,0.001853215673657676,0.0033468110567394013,0.000990678118483174,0.0029306986898660794,,,,,0.0010781001227269857,0.00046360666237115064,0.0006898295429911473,0.0006971270552692116,0.0008887940689254327,0.005902566781448669,,0.004609048233316631,0.0058901291031012454,,,,,,,,,,,,,,,,0.0031120872119558057,0.003398485001638747,0.005188854071902693,0.3967110125646711,0.5548780487804879,0.4451219512195122,,,,,,,,,,,,,,,,,,,,,,,,,,,,,,,,,,0.006758127408921178,,,,,,,,,,0.010527896830802656,0.012281381969841453,,,,0.008317673671111829,0.007088411178227947,0.007662738736378613,,0.008856735502007626,0.004464757222824991,,0.0192896715282912,0.005642556977663412,,,0.03435824639259086,0.026743930169441796,0.019438128071590993,0.021506638304115016,,,,0.07013026741784996,0.038825298901266986,,0.03296199046575063,0.03712814205550004,,,0.03302841622466498,0.03384836139083199,0.03624192059095106,,0.040079639889196675,,,0.04187682505972922,0.04021767985134059,0.04181045925139368,0.04187682505972922,0.06118355065195587,0.05682264183855915,,0.05595046007587981,0.06571889581788845,0.04887054735013032,0.04687952505068056,0.04546770923834347,0.203627280625543,0.04745873153779322,,0.046198830409356725,0.05043859649122807,0.045504385964912276,0.10770047539757234,0.03979343130867057,,0.03824899249499264,,,,,,
2022-11-01,2.124554439403759,1.110093972780298,0.8084910013844023,1.7287118977384464,1.2432530207655017,,,0.5412419247869126,2.402461767997016,3.0883749741895516,1.462722262659873,,,1.3088281168763647,,,0.3549227720622167,,,1.1481751065820942,0.5768928220255654,,,,0.7422273058126234,0.6915878132473745,,,0.5338463138192784,0.5337423312883436,,,,,0.3726733908703338,0.5942601642923988,0.3714637146371464,0.632733700738276,,,,0.5030674846625767,,,,,,,0.8059474712394182,,,,,,,,,0.27855638366817886,0.06671257290991575,0.3001053143227479,0.3660482825664291,0.3216947504860661,0.4450745301360985,0.40100453661697993,0.529650032404407,0.2452203499675956,0.5816186001296176,0.5614468567725212,0.6679358392741414,0.19888204795852238,0.1883101101749838,0.8440270648623425,1.516215585627625,0.8472935137657489,0.07654167957855594,0.04502634025410598,0.08253796095444686,0.06230244809420515,0.1365664704059498,0.06902696002479082,0.06902696002479082,0.17671211651688876,0.15007747133560584,0.1763402541059808,,0.40718434071843407,1.0417294041729404,0.7187567218756722,0.9869980879541109,0.1214553237025147,0.2948695083526544,0.46491369575738023,0.12130036533065071,0.05449515539789273,0.03172817281728173,0.069889341875364,0.037181659342404826,0.03846561126700905,0.027184621119335426,0.07091698173491666,0.07919307027353249,0.05364591653797682,0.11497328576246515,0.01735537923567105,0.22281150159744406,0.20687942706291332,0.0860712512088659,,0.10222431323348755,0.18892286782195042,0.1980187668261063,0.1251208865887765,0.33971657285096035,0.8681865753967133,0.21805787344779795,0.11232427233898114,0.1506802817299805,0.12329929567504881,0.06915824709025581,0.0962134938427049,0.104105887049719,0.10708472806559592,0.11599054141203208,0.1615023185824402,0.17624297515585174,0.12492706445966281,0.21343242330252127,0.07434818659214447,0.4093603169241164,0.1397905598378528,0.12173325553542365,0.3397414243159414,0.17550594232718114,0.12050486748763935,0.18192426987685412,0.060287784896544475,0.0642789622938767,0.06614851381157441,0.05841823337884675,0.09257430942127927,0.07436193677134754,0.14792563806322864,0.10551412666736687,0.0833946014074152,0.23844134019535765,0.11358050624934356,0.0712110072471379,0.1017330112383153,0.05837622098519063,0.1424220144942758,0.1729440184854532,0.1363092112173091,0.05148618842558555,0.06967755487868922,0.12838987501312887,0.3255120260476841,0.10482092217204074,0.2434982956697387,0.11005554854185078,0.16812902411311706,0.12687791945461432,0.24457139250094687,0.1620060598409292,0.5043870723393511,0.6241951773765939,0.07788627225732338,0.12794371051120046,0.06950028719126938,0.13090178058587018,0.0816771970132108,0.14187248707639288,0.07650775416427341,0.1877656519241815,0.1641298104537622,0.38331418724870764,0.2225157955198162,0.08483630097645031,0.08630097645031591,0.1283170591614015,1.0220924505734188,0.013134420109895252,0.028041775340610687,0.021936731162007516,0.033977544306673234,0.0028041775340610685,0.00958043545444849,0.01679242754505102,0.026484994844670047,0.02119018381417839,0.010882258827647885,0.011991270125615017,0.009615989454136708,0.011925851996598822,0.03862683946815307,0.08931714248879916,0.020551923737124268,0.020434573535235437,0.04479152916328802,0.0714443983480737,,0.01614918252277056,0.01152671179920421,0.019545908842331556,0.020349714307265836,0.012266872843161289,0.008099341869543081,0.028573987817986386,0.028538629806332386,0.009387567618440257,0.008231504749971556,0.006988350875615783,0.00944516005781719,0.01363067876509664,0.008780512986571119,0.014545804383686361,0.01149890536897161,0.026076387177916844,0.02699620574839677,0.015283771068420894,0.02403847281959589,0.02244286917692663,0.06756442836326264,0.04045207205558332,0.006146826485584288,0.005535930676543887,0.021064116194526375,0.006844891053341564,0.014532889772961109,0.009887938130187254,0.006396900793378604,0.006136823513272515,0.006919913345679859,0.009402079475044013,0.014882279305850881,0.01667495484372499,0.008341049911973843,0.023164025881976358,0.09675232068957634,0.02512960994123968,0.04593364885565997,0.020791892448041704,0.03112924983423646,0.020761169033084115,0.04670030523355512,,,,,,,,,,1.0642679213949626,2.083199557154719,0.7573207860503737,0.616606698034874,0.5947412122889565,0.7427622474398007,0.9702740105175754,1.2464987544976474,3.408247993357321,0.9436479380016606,2.9762524218101296,0.9107113202324938,0.46781068364240247,1.0871298090229724,0.8353169111541655,0.5951287019097703,0.7914752283420979,0.8873512316634377,1.0482147799612511,0.6412953224467202,1.0722944921118185,1.1339606974813174,1.3001937448104068,0.8980902297259895,1.7438693606421254,0.8444505950733463,2.8416274564074175,4.339108773872129,0.6375311375588154,0.8859119845004151,1.7817879878217546,0.6809299750899529,0.5146969277608635,3.109714918350401,11.27389980625519,3.782175477442568,0.009136988826659313,0.008896676664364654,0.009413828437622758,0.004615488791733945,0.004859645948625318,0.0037238772669180298,0.008596553475009991,0.0035068486830145866,0.024181384629548653,0.013494649369602455,0.00887317947516251,0.0054731361976122165,0.004386284391607573,0.005295412002919633,0.0034137143694497234,0.0031552452882261353,0.004229707667196919,0.002917282844851691,0.008978275994139374,0.004251709580722564,0.0031781016449954937,0.004566785526842227,0.005596603246328938,0.004541793061963583,0.0067522377334525855,0.004326473364547569,0.004934409732450323,0.0041792955158177734,0.030113997681468257,0.01059317372475948,0.003175965536886208,0.0033701377640202924,0.002089754563314351,0.0007863013950281229,0.003579262747919377,0.027293694144778145,0.12413821388465998,0.014442867759314446,0.013524768493943386,0.03815580388049671,0.015051658570460914,,,,,,,,,,,,,,,,,,,,,,,,,0.007706841410135958,0.003362609906277375,0.019390997513384124,0.05761546959395334,0.02561508202814458,0.06004808039766794,0.023826561123813775,0.019230570682711466,0.025889078347857787,0.034175680086662254,0.07278057024590574,0.03204645071520981,0.03272469088052887,0.03762326856166228,0.04908981599360199,3.0149667405764964,2.351256467110126,2.4214708056171474,2.477827050997783,2.5339985218033996,2.5153362897265334,3.3553215077605323,1.8519955654101996,5.029009608277901,3.890059127864006,4.642461197339246,20.824464153732446,18.443458980044348,1.291389504804139,,,,,,,,,,,,,,,,,,,,,,,,,,,,,,,,,,,0.033731589180908905,0.01705213566144012,0.015621807302770827,0.016656321524449878,0.08886027375430994,,,2.14815479931759,3.348298464577534,1.1789530394181558,,,,0.02399764679297622,0.023393760884556494,0.03915128705619256,0.04530507926489553,0.034105917692298704,0.02884821425092823,0.04316031028047578,0.061485172149339996,0.07350185125931342,0.08357839029320493,0.07985555606344562,0.10084665275047869,0.10349276002701975,,,,,,,0.04923548218800584,0.042760825652482175,0.07450537102189879,0.05516166575254505,0.13589421160354767,0.07514748571963667,0.09409655799767234,0.07889315478977432,0.029677738686072798,0.040103347190248266,0.05694695175474917,0.017095347720233856,0.03367064707928254,0.009824607893472897,0.040282217327216416,0.11781225127273275,0.13397107630389404,,0.04804844844282887,0.13382970063578056,0.10412485438800859,0.28321707765505044,0.33283980646696454,0.1920524548555112,0.17108637601459428,0.15043756444491446,0.07807418766359094,0.06461676757528488,0.14900426742532005,0.09875259875259876,0.11924171134697452,0.14306816938395886,0.1162599846810373,0.1986267644162381,0.19868147499726446,0.08127842949485276,,0.11739885084989225,0.1159324874311707,0.11437634666028249,0.15414771367009814,0.17970433325353122,0.10049504950495049,0.13745874587458745,,,0.13145214521452145,0.18221122112211222,0.2172277227722772,0.19870308650920154,0.2774656795267681,0.12251199821421926,0.06484616243163807,0.11073429296354913,0.4364056572964554,0.058632903760645116,0.3649860577285402,,,,,,,,,,,,,,,,0.11957991057502339,0.12176354372465427,0.1377768534886139,0.11573255693043569,,0.149100777705768,,0.04532566429034349,0.11111111111111112,,0.10875122910521141,0.11022615535889872,,0.08139787280225742,,0.08487084870848709,0.0796613848491426,0.24527892337746904,0.13567428838077464,0.12610825944937004,0.13089127391507233,0.12809146056929538,0.1305412972468502,,,,,,,,,,,,,,,,,,,0.0203749612643322,0.03301828323520297,0.029547567400061977,0.02017353579175705,0.2141491395793499,0.1948374760994264,0.4212237093690249,0.3701720841300191,0.024031089171305534,0.024976368028568428,0.024430206911038758,0.024850330847600043,0.02033399852956622,0.09509598322310049,0.04686239716083239,0.12502016454266818,0.09074044200677528,0.01924604225128395,0.03651982845343358,0.03077513633716313,0.0179488537089003,0.016029544130883675,0.005862044482311803,0.004943465218240233,,,0.019343415517333193,0.05501199343517233,,0.035917182173967936,,0.07233226837060704,0.07456869009584664,0.06722044728434505,,,0.3194723257814741,0.31746486951534275,0.4166905649555492,,,0.07396826294798178,0.07671201878199871,0.057873447797923805,0.03337162550258472,0.033658816771970135,0.0397185525560023,0.2376220562894888,0.10407517734852441,,0.04729293983969536,0.037465835457421,0.0744710253969229,0.08168578062337296,0.07711250263842961,0.09019911348765215,0.10237106873988602,0.07985646942939563,0.01725938976285879,0.0036661447347613335,0.0035881890447755213,0.0036683720401894993,0.004581567265737584,0.0018474405222609063,0.0029359398973309884,0.0024504910554341555,0.0019855541364343712,0.0036465896019159333,0.005020837654868091,0.011427709366573007,0.004327820626449679,,,0.0013964449059905453,0.0021892457916365534,0.0007551202351875479,0.006204495904490102,0.0030451905709124997,0.001435426526739374,0.0033509957244438346,0.0009874362667764136,0.00300374968562087,0.21079435372266814,0.15543869360642124,0.14851923609189038,0.37531137558815386,0.0010345171573271392,0.00044473770835331487,0.0006619799030676862,0.000509034562442819,0.004448231526776863,0.006931118324881424,,0.004602926185433222,0.00589145057614921,,,,,,,,,,,,,,,,0.003218066920225773,0.003192652768832085,0.004441917148278072,0.38599408721359946,0.537139689578714,0.3298226164079823,,,,,,,,,,,,,,,,,,,,,,,,,,,,,,,,,,0.003823961413638471,,,,,,,,,,0.010527421651131534,0.012632181451306146,,,,0.011348614601675121,0.006980547471380277,0.008777933946047057,,0.008532360793985025,0.004488315473923053,0.00484936815780321,0.01924841418373938,0.005372728928932245,,,0.0332036822898677,0.02787371624191708,0.01920121719284899,0.021544313427158616,,,,0.06398223303281071,0.03891811860508156,,0.03299579620865611,0.03643724696356276,0.03714848451690557,0.03476857424225845,0.03476857424225845,0.03591749644381224,0.03624012449126167,,0.039412257601149144,,,0.0401980198019802,0.040165016501650164,,0.04072607260726072,0.06959410919540229,0.056258979885057465,,0.05563038793103449,0.06523886494252873,0.04727575713664686,0.04528329227648167,0.04394290682509781,0.19649326184610924,0.045536878713229964,,0.04538859332564455,0.04981584136314595,0.04471892555526619,0.08028738664054061,0.039842238802220716,,0.03386339086090386,,,,,,
2022-12-01,1.9032174074762878,0.9769388134647571,2.28367468343673,1.637891077636153,1.1702725126045057,,,0.5229879423585923,2.3595983005021246,2.7885430669010445,1.2766389479791143,,,1.1551924192612648,,,1.0530296592164528,,,1.0339392767356412,0.4967168791039011,,,,0.6801392380584027,0.4353123187004448,,,0.4625797718042932,0.4669309611293753,,,,,0.33687874685747443,0.4554244826919358,0.302316676239709,0.6530651711467802,,,,0.46315993038097075,,,,,,,0.6285659582615355,,,,,,,,,0.23898084433699088,0.07851962060628602,0.2669146364143574,0.27561837455830385,0.25609075692765476,0.3837827785010229,0.35238980844336987,0.41063790217593454,0.18846940673237864,0.5418634926538962,0.5145992188952947,0.588134647572996,0.1304072903105821,0.17619490422168493,0.6169495213228895,1.3690165361183637,0.7148607484769364,0.07515664311010689,0.04509398586606413,0.08267230742111759,0.04959697450443088,0.09111741422688012,0.06914731663541816,0.06286556736054356,0.19616044100443888,0.1762415268496707,0.17063282213996123,,0.44092274886110305,0.995832121740816,0.5046040515653776,0.6766093440876579,0.11543567463190924,0.27649046584600534,0.408674216162083,0.16459186635275905,0.06804915019189216,0.03476634308381978,0.08923791401941499,0.04824716999387235,0.044925339439481404,0.02493115409111945,0.06791116243052406,0.07444064130937818,0.05114529350580322,0.12039900843562851,0.017659376560774556,0.264966653589643,0.12316708229426435,0.0912219451371571,,0.09481296758104739,0.16374064837905236,0.207930174563591,0.07962593516209476,0.33287541856272,0.8927907043301565,0.20832260095589708,0.1100712629861767,0.09945336424258035,0.11470765003863655,0.07517363915361007,0.1136488450977225,0.10605717977709578,0.1333225650137296,0.1080277822645776,0.14989500888386367,0.18526893878210304,0.12424487158778873,0.18785333548699723,0.0757228234534001,0.35438539815861736,0.17079631723469552,0.10605717977709578,0.362881602325957,0.17877564206105637,0.1248586658052011,0.16763043127120011,0.06600008867999822,0.06684254866314902,0.07070012858599743,0.060568438788631225,0.11129339777413205,0.062364208752715825,0.13228838735423226,0.12945062741098745,0.06655433866891322,0.2859486542810269,0.10499711790005764,0.07149824857003503,0.08974415820511683,0.05198864896022702,0.13738748725225025,0.1826807963463841,0.13933844721323105,0.05198864896022702,0.05959295880814082,0.11071697778566043,0.30814082383718355,0.13517048729659026,0.23161822343460947,0.09397046373812434,0.13137679114539239,0.15207098736399838,0.18477408835794687,0.1558962781801649,0.48527890132630985,0.597435173862603,0.09998892396300604,0.11591072714182865,0.05906296727031068,0.12208561776596336,0.07791992025253365,0.1324694024478042,0.06750844547820789,0.1558121504125824,0.14354543944176776,0.3385390707204962,0.20775876391427148,0.07908290413689982,0.0805781691310849,0.11233870521127541,1.0188269370021723,0.012012087982852358,0.018090577076989595,0.019682069492102335,0.03357313045638115,0.002697717634287922,0.009993819574189973,0.015807682198242485,0.02746808555982581,0.02614675314526842,0.009229435876306235,0.01293342899969453,0.009995240361732508,0.012994821814787892,0.032895386299796284,0.0796695653734665,0.020792014047809216,0.010754025348670749,0.0267758891194482,0.03874890644995698,,0.010122116100671675,0.006781817787450022,0.00918075930330921,0.008985547064224827,0.0063986233922103085,0.004479759382840121,0.01498940792850894,0.019545806190397003,0.009519250991739732,0.007745360398581468,0.006786618221903125,0.008836092799280581,0.013631220486081666,0.0060851066922847676,0.013581551090424951,0.01075281843534135,0.022774023632940746,0.02473293613969457,0.015283636478173329,0.022500236232491536,0.02235849673756872,0.07376753269094248,0.041633856598397495,0.006574253802642539,0.0055354759601870685,0.021064024275529922,0.008650333950845445,0.013342540682391461,0.009913393372921984,0.004290860746960948,0.006132330558586555,0.007321613145261425,0.01062312652948602,0.014084735646532232,0.015310906650907936,0.00685091693539879,0.021463894723406957,0.10341520348757857,0.024017310996658648,0.042975744389824995,0.020056232703943154,0.02918242724312935,0.02214559268251836,0.039619636147403166,0.22705939816092932,0.627492620357196,0.22423495933232815,0.29879589713096477,0.33602327507485824,0.199048610078787,0.29081101743506976,0.17530633481280128,0.13803648410456795,1.0106282867423193,1.8595626902850817,0.6330473290893993,0.5750899529476888,0.7138665928591199,0.7542208690838638,0.9396623304732908,1.336562413506781,2.103349017437033,0.9138665928591199,2.854691392194852,1.0507057846664822,0.4647107666758926,0.8365900913368391,0.8027677830058124,0.5711597010794354,0.7175754220869084,0.8593412676446167,1.0151120952117354,0.6145031829504567,0.9738721284251315,1.4238582895101024,0.958538610572931,0.8499308054248547,1.7586493218931634,0.8178245225574315,2.5969554386936062,4.2088569056186,0.6174370329366178,0.8418488790478826,1.9169111541655135,0.6594519789648491,0.39983393301965126,2.6368668696374207,11.48009964018821,3.5282037088292277,0.008024469303676092,0.008735479039290056,0.010416520028578997,0.004848207109794154,0.004318035975836498,0.0040700596897329374,0.008764932991176592,0.0036566214974432455,0.02366971551164222,0.013514815879231867,0.008340882713280722,0.005366033572740542,0.004306774170703411,0.004570776871804057,0.0027424661230824343,0.0033519030393229753,0.004214730571057985,0.0030259604099903475,0.008807381333601308,0.004113807471211469,0.0031206028877434097,0.005016484467263557,0.005167652543857693,0.004524863358569162,0.0069238444250924285,0.004336444695765583,0.004053816701560215,0.004215163717409256,0.02726851197119057,0.010018675104935119,0.0033540687710793384,0.002801157453679871,0.002051814265978282,0.000771866797967764,0.0030471845812027045,0.02539385456288278,0.11777400892324798,0.01320468309172069,0.013417141377019897,0.04094272570769075,0.014038706391096072,,,,,,,,,,,,,,,,,,,,,,,,,0.007864355852671668,0.003381919034037326,0.019391090562280944,0.046989321205222784,0.025615330491559143,0.06721933106231949,0.02382678407709857,0.019231179259750077,0.02588922985076585,0.03447277653584555,0.0728113063031295,0.030692309332423614,0.03291958675639194,0.035141123774628386,0.045829759247383604,2.7601626016260163,1.9793052475979307,2.051921655580192,2.0925720620842574,2.2418699186991873,2.426459719142646,3.166481892091648,1.603658536585366,4.7888026607538805,3.3592017738359203,4.295639320029564,19.065410199556542,16.412416851441243,1.286770140428677,,,,,,,,,,,,,,,,,,,,,,,,,,,,,,,,,,,0.03370181499877321,0.01647623657981817,0.015164556794143198,0.01837943222435162,0.09019423205724175,0.05251725195257995,0.020197617973037686,2.1385257301808065,3.348539638386648,1.2020398701900787,,,,0.023998744848144727,0.023395306456187356,0.039151082870194365,0.0452840283937878,0.03410633791343073,0.02418379928834499,0.04315992525409785,0.06169100433563937,0.08252936792046778,0.08358440849491376,0.07992588471188469,0.10768237504855285,0.10356719191240538,,,,,,,0.0468242866101146,0.04524624957792677,0.07433312430659399,0.054941874487482514,0.16999386701764782,0.08823225397437928,0.08632344935465865,0.07558039375124899,0.02972773692951205,0.0492999176373691,0.06282621484880574,0.023522767384398163,0.031575479468172726,0.020971879044593484,0.035660665960701256,0.10884669500007255,0.13296877039787644,,0.04804828740571131,0.12945720144630346,0.08230741918888174,0.2501249936597419,0.27876414740116934,0.17923617443544493,0.15241645657887679,0.14780346510754705,0.07294963256986536,0.06348227216649681,0.10051449001540563,0.12222771269947388,0.11949539284364737,0.13905764032206497,0.09406156439845363,0.23776996192192543,0.21634741156294512,0.08284407638588467,,0.1391137754156109,0.10079723132068474,0.09412273654285891,0.14637537853037513,0.1948581669859712,0.10141339110698441,0.12256267409470752,,,0.10643419649919185,0.19354173114618797,0.20403039994497746,0.19637914266477147,0.26434418427565204,0.11383971064153817,0.11159337521416333,0.0948139922265408,0.4230094392004442,0.054725152692948364,0.31249305941143807,,,,,,,,,,,,,,,,0.11245407077934635,0.1094565847998453,0.15877006381744344,,,0.09071973219267249,,0.04072903105821089,0.10621861722672847,,0.10351487060641175,0.10351487060641175,,0.0703299508583828,,0.06867062352415598,0.0681600612674708,0.20665007339332442,0.11858137510879026,0.11531766753698867,0.117384682332463,0.11586161879895561,0.11771105308964316,,,,,,,,,,,,,,,,,,,0.019758665448776504,0.0330753329166867,0.029597935996666828,0.02038363540214413,0.28534469639324306,0.2141226601734896,0.3247603104550297,0.2693653933952214,0.02458652950826941,0.025584179488316407,0.02500775949984481,0.025428989491420213,0.020773289584534206,0.08797473230105539,0.04337108081041522,0.11563053693860256,0.08412294892535244,0.022704550585351695,0.03962008578708034,0.0362982552326894,0.024413842035669365,0.018076563356661402,,0.0038672843324581542,,,0.019341003752732074,0.05292697457122252,,0.03461574640203179,,0.0909376225970969,0.08834837191055316,0.07995292271479011,,,0.27309541888129585,0.2715768159959504,0.37990382181726146,,,0.07249363212272115,0.07515526172691107,0.051286454308691796,0.03095752339812815,0.03095752339812815,0.03682782300492884,0.2233759760757601,0.1060248748182846,,0.04845743821676627,,0.07846874495235018,0.08160753077480087,0.07900072411296162,0.08826937002172339,0.10202751629254164,0.07943519188993484,0.017258033356945073,0.0036659521816325216,0.0029116031756253277,0.00280351048269137,0.004691682842239865,0.0019819986218360835,0.0029182976123665345,0.002465066386297925,0.0019564244460704566,0.002166132845543738,0.0029310756194373547,0.006473816254672441,0.002560895373469934,0.012841981760972747,0.03882459602154552,0.0013757812694539207,0.002188955153265769,0.0007548121218157823,0.006752066784531488,0.002629406413715409,0.0014349594485624216,0.0029414824274644597,0.0009347525045391199,0.0021328883114621906,0.1972875726543039,0.1125380570163299,0.10644893440354276,0.363465264323277,0.0010023006568447845,0.00043682809525841194,0.0006501526732601648,0.0004998508893685744,0.00436763123305721,0.005738285444479138,,0.0046226134901112634,0.005892499485953195,,,,,,,,,,,,,,,,0.0013932784769227487,0.0031924856448853805,0.004412731891890119,0.3684405025868441,0.5221729490022173,0.3549519586104952,,,,,,,,,,,,,,,,,0.0033780408396696716,0.006301312285319561,0.00314204308595486,,,,,,,,,,,,,,,0.003823787943703221,,,,,,,,,0.47297550028053115,0.010526118914470608,0.012983709577870463,,,,0.012041887641419346,0.0069974589027423355,0.008804821071145328,,0.008562041078374777,0.0061701376632545,0.006701964937051418,0.017084362866219553,0.007036121896693728,,,0.028908777070248474,0.02834160749073085,0.019748004775969333,0.021193363916294856,,,,0.06286541865579574,0.036501636002789245,,0.035026551520678004,0.03517135133563933,0.035636427055780025,0.03583989768334157,0.03583989768334157,0.03525855303316572,0.03624621469624869,,0.03942895989123046,,,0.04068227930809175,0.040475944839918836,0.03958182881116957,0.04133567179063929,0.05581757406474656,0.05371125051513348,,0.05508493978662027,0.06442602683273044,0.04331562803920102,,0.043988927956908806,0.19649135931772277,0.04570958330216205,,0.04511707595659623,0.048657909765848086,0.04443175328383781,0.06873958911715713,0.03453636868406441,,0.031227096057745696,,,,,,
2023-01-01,1.4979982705057169,0.8338404381385517,1.9297581493165086,1.474104612213347,1.0073726143052502,,,0.5541052981943106,2.0145289593057654,1.6054790156884606,1.0985015966592975,,,0.9810038483583068,,,0.935856992639327,,,0.7418324735937116,0.4274671476423602,,,,0.49046098419716694,0.33587161221649064,,,0.35306640465078193,0.4636862359780562,,,,,0.2980430688610497,0.45279620076967164,0.2739164040668292,0.543355440923606,,,,0.37730287398673545,,,,,,,0.5571674891491765,,,,,,,,,0.20894853153124296,0.07241456618518399,0.21442526342760143,0.2444672196778016,0.21577042564775967,0.3055119623354578,0.3130064375620536,0.33942926688659003,0.14024917528744835,0.5165102648688467,0.44271850879159586,0.46212727796816444,0.10626781539249912,0.15728789674278576,0.5943999999999999,1.2006000000000001,0.5772999999999999,0.07972803951124081,0.04728841281549662,0.08128347391039414,0.05320547769475001,0.08867579615791668,0.09901863314197748,0.07753118886501395,0.18310830313331836,0.14335653122093583,0.16994323466213399,,0.6242997198879552,1.2369281045751634,0.669000933706816,0.6108827880979779,0.10086293847360753,0.24666591953378908,0.3401346234749684,0.13153954553461336,0.05676413598731725,0.029769244319182667,0.06764135987317245,0.05165580412189536,0.04095472961070988,0.028301756103417543,0.07139855651346746,0.06353926643547485,0.05363896213041249,0.11915921296274917,0.01739018004331383,0.22128851540616246,0.10100790895061727,0.08000578703703703,,0.06809413580246913,0.21134741512345678,0.19999035493827158,0.10636091820987653,0.33045137784460576,0.9993349333487552,0.19555851140733888,0.10927334239366163,0.100453980279328,0.10525402654483416,0.06882804713607317,0.10262648765902561,0.09456528111625725,0.13366946121826817,0.0925133376326435,0.16210353520548748,0.15363193996599636,0.12159230814328428,0.18189013308319166,0.0675089406108929,0.2941021281585273,0.13513513513513514,0.10939790115495106,0.347863047429208,0.1593773817201149,0.11130327724687812,0.14864864864864866,0.05159059996977482,0.05404639564757443,0.04728351216563397,0.04518664047151277,0.08270364213389754,0.06164047151277014,0.10641151579265527,0.11005742783738853,0.055708780414084925,0.22068157775426928,0.09673945896932144,0.060941514281396394,0.0714447634879855,0.0348156264168052,0.12224195254647119,0.14799002569140093,0.06120598458515943,0.04352425570500226,0.050041559619162755,0.10794166540728427,0.26435695934713616,0.107620522895572,0.19231518321693888,0.10450460476892685,0.11794329595726329,0.13307921315489274,0.15127570184468989,0.13588937425224673,0.4230822737263849,0.4871873347986978,0.09936705315633226,0.11227804850725369,0.05741331989021453,0.1213241472021509,0.07752198510054333,0.1239007449728337,0.06612334061502269,0.1574525289867249,0.14574581302862263,0.33971881476502547,0.20444743180417857,0.07881028398588473,0.07875427099086989,0.11211000952220916,1.114682810368349,0.01846132410654158,0.030357516064503504,0.0250928042303469,0.055068819437302824,0.0050457635159119035,0.007531840438374002,0.013437410989189848,0.02218725839922959,0.01703175227528585,0.008268341313223107,0.010688078994126982,0.008668466097901718,0.04006562342251389,0.1137253912165573,0.27510348308934884,0.06967693084300858,0.011358326184045104,0.02643187102057114,0.03621614818051218,,0.00846630044950095,0.009246091280376036,0.007265509374127437,0.008474980866913288,0.006362745963244219,0.003998778954617331,0.014199716150350618,0.018829272103597892,0.009728717876039305,0.005952380952380952,0.006666902872260015,0.008851804610733182,0.013350053267045454,0.006085020123106061,0.013104679608585858,0.009073893229166668,0.022727272727272728,0.023009637389520204,0.013560901988636364,0.02167672821969697,0.023361051925505052,0.06834827769886363,0.03977272727272727,0.006158984706164166,0.005269153338594727,0.02041505940093699,0.007585718544461157,0.01280305891734931,0.007958171167511319,0.004178828321117238,0.006137959154862947,0.007266580712210514,0.009819683370215656,0.012177548766138049,0.015254788381580717,0.006747700142598293,0.019896178831324766,0.10643584616204844,0.02316415023357135,0.042501650130320874,0.020538209058558413,0.02664387897392306,0.021072107879100077,0.038927306409113675,0.20821805291371262,0.7091691163755836,0.29316531212173613,0.2916090264568563,0.4083736814802006,0.23184333390973544,0.3037567006743905,0.07811689434549542,0.1377096662631852,0.9514530860780515,1.8110711320232493,0.663216163852754,0.6699141987268198,0.7141433711597011,0.7161361749238859,0.8927760863548297,1.48746194298367,2.0791032383061165,0.8226404649875451,2.6989759202878494,1.032327705507888,0.45646277331857177,0.8562967063382231,0.660559092167174,0.568834763354553,0.7978964849155825,0.8058123443122058,0.8162192084140603,0.5306393578743426,0.8927760863548297,1.1372820370882921,1.060337669526709,0.8185441461389427,1.5868807085524494,0.8494326044838084,2.805867699972322,4.145142540824799,0.6066426792139497,0.8103515084417381,1.293274287295876,0.6478826460005536,0.5203432050927207,2.7430943814004984,11.527096595626903,3.468253528923332,0.006944451980599116,0.007711041691671627,0.010693188529196063,0.004160029725970223,0.004400511436012223,0.004000504403875575,0.00887112719724427,0.003598978082957074,0.02330567287238256,0.013306799316493681,0.00800100880775115,0.005455114891873302,0.004240552031408474,0.004400511436012223,0.0027004272891178334,0.0030392286874712285,0.004104901247314385,0.0031010854450181325,0.006927956845253274,0.0040504238924221996,0.003189204194365652,0.0051868519012488335,0.005125646267465581,0.004600406431453271,0.0068101034440323305,0.004180431603897974,0.00382578619396239,0.003906525540655191,0.026014781811682416,0.009888833639831758,0.0036054893205935902,0.0038789613013272724,0.0017000841468943892,0.0007600784734359953,0.0027203950845364833,0.02556333600221729,0.1173166581984404,0.012862732909683273,0.014263300125297914,0.03672533364124252,0.014283702003225667,,,,,,,,,,,,,,,,,,,,,,,,,0.007712339743589745,0.0035598624465811965,0.013250367254273506,0.04903846153846154,0.02070395966880342,0.06643963675213675,0.02323884882478633,0.021404246794871795,0.0232288327991453,0.03534405048076923,0.07282735710470085,0.028380408653846154,0.03268229166666667,0.03525307158119659,0.04615301148504274,2.8131929046563195,1.8817442719881745,2.0160753880266076,2.2385439763488546,2.4940872135994088,2.3858093126385813,3.5569105691056913,1.5286400591278642,4.238359201773836,3.573909830007391,4.220436067997044,18.731707317073173,17.028824833702885,1.2745750184774576,,,,,,,,,,,,,,,,,,,,,,,,,,,,,,,,,,,0.03271198904383142,0.019710309187934722,0.01394887571090287,0.019051859647702507,0.09326101182645537,0.05251669144668555,0.020198053132100876,2.1070931849791377,3.2899397311080203,1.1809921186833565,,,,0.023149172143579373,0.022566591885743174,0.037765024646107176,0.04368167024772497,0.03289899835692619,0.02329926061678463,0.03184837904448938,0.08385772255577593,0.08524243088487674,0.08598022914516983,0.0985441850269724,0.10950423164726827,0.10824783605908801,,,,,,,0.03530137808427036,0.03861353625256197,0.049569136347680356,0.04973332880388626,0.1111866018955736,0.07281652342290315,0.06131172787082017,0.06131172787082017,0.031117301355437034,0.042585806327992144,0.07158630930995664,0.00949438336806304,0.03090225383823142,0.014188881703432252,0.035318914517017554,0.08371679772971397,0.11128645121935048,,0.05197740973025636,0.1346130426840407,0.0621917432868538,0.26304572855142183,0.27597706663011945,0.14733091208113477,0.13899358139747367,0.12366659814066104,0.05998309691861395,0.06304392516960186,0.09888153135607367,0.10135774303043792,0.12817873240220354,0.1373601914195092,0.12052751655444884,0.20797395804351454,0.22942518502031048,0.08586255700581853,,0.17100172983173456,0.1334801069350527,0.10130523667243278,0.16883157729202705,0.15801226607957228,0.09219903283278189,0.1268134385339781,,,0.1290086536014253,0.17510817001781623,0.1888839399338254,0.1878474072946014,0.24838885854724196,0.10737302020753686,0.10486073184052432,0.08386591611292166,0.39006221695517834,0.052397680619630085,0.2715960553603928,,,,,,,,,,,,,,,,0.09416195856873823,0.09260623925325473,0.13207238188815196,,,0.05803414149825449,,0.034653941005028346,0.09284548655844714,,0.09052649660740358,0.0942197028257322,0.10237911191273726,0.06504548427373803,,0.06439146203698198,0.06248885189369166,0.17718056959391165,0.10640000000000001,0.1061,0.10490000000000001,0.1047,0.1051,,,,,,,,,,,,,,,,,,,0.018921779288669383,0.032519803726628396,0.029104262210961802,0.019948045283987043,0.30281111293769525,0.2178201545290153,0.3787604800263028,0.26927502876869963,0.02136542239685658,,0.020798700317364364,0.022064379628230314,0.020949826205228957,0.07782919646613377,0.03260412284392091,0.10342167998878138,0.07530500631047539,0.02030121543068522,0.04152721507838647,0.03247020139745171,0.024939815630321178,0.016910339968293112,,0.0036572019634372155,,,0.03191278127438712,0.04615898277732951,,0.0319690604045519,,0.07349606509270375,0.07476323862878485,0.06676003734827264,,,0.22856522682873887,,0.3201649663555459,,,0.07581759824191077,0.074603128704855,0.0509209727322673,0.03108721223323811,0.03161933568587912,0.032263485128549825,0.23152971489385538,0.09453596763791992,,0.022278243536378025,,0.06903324148443454,0.09370736698499318,0.09242837653478854,0.11391541609822646,0.1180081855388813,0.09140518417462483,0.024459181066941792,0.0056030865078074985,0.004266174807010327,0.003974243716017397,0.007460829814126147,0.001874482889579123,0.002737124798242164,0.002609627409225928,0.0018731265343768227,0.002129595738493745,0.0029470017114889666,0.008000451381705442,0.002517321049578204,0.013429011876587706,0.04228456043598151,0.001352771637416016,0.002189145670853553,0.000754795884342777,0.006204691456391727,0.0026296957377452954,0.0014349938763081836,0.0029067824673935003,0.0007786963106915679,0.0023503562704576737,0.1989482424577913,0.11054525325214502,0.10456684195959037,0.35709936340990867,0.0009810264705684463,0.0004299587252646221,0.0006400546596695459,0.0007218792126351,0.004580655677289172,0.004946541685080517,,0.004649981779979687,0.005894370401383171,0.002415121841540096,,,,,,,,,,,,,,,0.0012828859508547009,0.002438067574786325,0.004412893963675214,0.3477457501847746,,0.38839615668883964,,,,,,,,,,,,,,,,,0.0036994698011052823,0.007279714983028025,0.003445240833730748,,,,,,,,,,,,,,,0.0036890166835187054,0.0032407407407407406,0.0073900462962962965,,,,,,,0.35636778983438033,0.010527117321200813,0.012982810150197026,,,,0.010235684319195203,0.007133129791112966,0.009917191995958441,,0.008747556395106201,0.005963929007688437,0.0064812818854638205,0.017139709228521472,0.006912409283609973,,,0.02608441963160896,0.020502922995160974,0.017705798439204497,0.019985454952309026,,,,0.057653212727563435,0.027935768290733,,0.029626076429338268,0.03308107506538312,0.031884703132825105,0.033498414111624276,0.0341383339825274,0.03319236547771409,0.03623211196729045,,0.03969177543638937,,,0.03827309748027488,0.03703232374650038,0.03693687961313311,0.03763680325782642,0.052950276243093924,0.0510939226519337,0.046674033149171276,0.052198895027624315,0.061082872928176796,0.043325972740424885,,0.044163557450696715,0.1964897586233153,0.04690474377522272,,0.04252685235754597,0.04503914072455853,0.041434553067540514,0.06435434037330173,0.029902230499005377,,0.02947898590595505,,,,,,
2023-02-01,1.7161435699340095,0.7737646869467247,2.215118465588567,1.512757688408246,1.1019981716076792,,,0.5627136443029972,2.45040095040095,1.5887535432467632,1.0630036067838233,,,0.961476479165068,,,0.9924031590823619,,,0.6255851431202517,0.362453531598513,,,,0.534417926483002,0.36842913053487836,,,0.32545468498196606,0.45591282326759264,,,,,0.27158314787813675,0.44478551147264217,0.30730050933786085,0.3833167063157087,,,,0.331133451001458,,,,,,,0.6153846153846154,,,,,,,,,0.19661999034282956,0.07052953484629004,0.20672782874617737,0.23054884918718818,0.21232898760663124,0.2682761950748431,0.28668920006438114,0.3056494447126992,0.15168195718654434,0.4755190729116369,0.44139707065829714,0.45948816996619996,0.12290358924835024,0.12287139868018672,0.4664494540331102,1.0892039450510742,0.4912821415991546,0.0676067826387037,0.04550516854637575,0.08130068547944345,0.053222694545967904,0.08868880488149206,0.07982619880472464,0.07391256607739487,0.20111057081457548,0.1581465388778215,0.17000517638938997,,0.327768761109823,0.7647422521060361,0.44632506376072345,0.5719562437846285,0.10768030319919743,0.2490246349347899,0.38535849056603777,0.13777725272453412,0.05406243539383916,0.026049204052098412,0.07420479045453203,0.05169969579727694,0.03392008033314629,0.02827415224960373,0.06383699348353272,0.07084117973798654,0.04286056205094857,0.13192798016609542,0.017467564430836482,0.2769343780607248,0.08067550618168787,0.06755061816878695,,0.06965597563160723,0.16146299946246193,0.18706325031356386,0.11028489518007525,0.3493050366163503,0.9979375280227171,0.20669556120161411,0.11212075922881481,0.10963981467643102,0.11125392318039157,0.06641734386862751,0.10058206563000872,0.10333773866096786,0.1362089812445519,0.09223068919944886,0.15898546241880607,0.18119956134184403,0.11897196524477688,0.19857717290442314,0.06622051008070186,0.3514889070100948,0.11925315637038494,0.10808986868374433,0.32747518488316507,0.14368866518572673,0.10918651407361583,0.1457413604026657,0.047750424448217324,0.061544991511035665,0.036535196552174486,0.04616690609899439,0.06923403421705629,0.05947172521875409,0.10880566801619435,0.11561316442470941,0.04760350006529973,0.22353728614339824,0.08413869661747421,0.05383962387357973,0.05899830220713074,0.030919420138435422,0.12842823560141048,0.13040355230508033,0.055357842497061514,0.038461538461538464,0.05816573070393105,0.0920399634321536,0.22616560010447956,0.08900352618519003,0.19352718909150649,0.10317069163791687,0.12252888669842833,0.12480148951317013,0.15029297409780407,0.13676688023656974,0.19867477137068068,0.45479437051640104,0.11871883891513743,0.11070505625309979,0.06147380511107051,0.12626275809861912,0.0738207731864575,0.14524002192696234,0.05841969250045681,0.1475893393197421,0.1475893393197421,0.3230833485603905,0.20415568143256155,0.07379466965987105,0.08909133623952598,0.10757263306272678,1.0206582902952286,0.018260805300549784,0.02741852043455768,0.02608824181509127,0.052764505338787265,0.007136591337765453,0.008469191905123827,0.012574461904553467,0.01968937895687676,0.016971544311050805,0.0074995788616398,0.010644520757810293,0.0070539017308455,0.010522633040293586,0.033467570846887354,0.09285464384877065,0.021661617251877714,0.01525235121672654,0.03557969299729529,0.04511167912761009,,0.01170279134259413,0.010566541046797474,0.014022228263101592,0.012459639646334762,0.008362489268203962,0.005706675323811777,0.0200144329211411,0.024999462187897857,0.006240801473812187,0.0037943775070492943,0.003965664421008341,0.005770693367565893,0.013349619925914491,0.005363482018830065,0.01261527627720327,0.006007389257601481,0.02182411444667387,0.023183072233369344,0.011362430544837166,0.02328315519370273,0.022727272727272724,0.07269881540361166,0.034569619154190455,0.005168285029671008,0.005527377297290946,0.020069512625875058,0.007567373860579673,0.013573540848030537,0.007997697109711132,0.004474333714945361,0.007213421973068814,0.006643574120976643,0.011041536474301405,0.012420627023565705,0.012712160009752036,0.006167721790879056,0.02076126092055396,0.10497831126763976,0.021302469512038402,0.043252626917820745,0.020847913042392714,0.028334509501258293,0.02058795667687644,0.03574400025848769,0.33482263742215,0.8754061738424045,0.5741605740590305,0.606519090170593,0.6539060384511237,0.3129569455727051,0.46760763606823724,0.12479691307879771,0.22018007040346602,0.9729310822031552,1.6438970384721838,0.6781621920841406,0.7091613617492389,0.6696927760863548,0.7356767229449211,0.7825076114032661,1.2559645723775255,2.1463050096872407,0.8411846111264877,2.726266260725159,1.0849155826183228,0.5494602823138666,0.8346526432327706,0.6754497647384444,0.6053694990312759,0.811901466924993,0.8022695820647662,0.8345972875726544,0.5425961804594519,0.8664267921394962,1.1711597010794352,0.9807362302795459,0.8119568225851094,1.4311098809853307,0.8335455300304456,2.847605867699972,4.0284528092997505,0.6773318571823969,0.652255743149737,1.358981455853861,0.6624965402712427,0.5060060891226128,2.839302518682535,11.73761417104899,4.1946305009687235,0.006825090428055414,0.008142290208166513,0.012222116238226362,0.00414885507999421,0.004164334321494642,0.0034665133803400247,0.009067907014104518,0.0033014711973151467,0.02365541869674827,0.013815432218074903,0.007320216977130048,0.005376107916251446,0.003915411383852557,0.0043369069463305415,0.002552819773936137,0.0025783396045179307,0.004208680256603988,0.0030556859437609876,0.006827600575325754,0.004050959336450936,0.0029075872548109064,0.005639255021758793,0.005841321877021192,0.004301137347728192,0.006899558130408844,0.004128564722892292,0.003883407006155718,0.004166844468764982,0.027600951847844914,0.010324863259727448,0.0037355174961448325,0.0032111058955828936,0.0016753141240129893,0.0007490697812573998,0.0027557233449553155,0.02562693019866142,0.1202494417014113,0.015689047976444777,0.013089372120128956,0.039426046459479114,0.014152419489118094,,,,,,,,,,,,,,,,,,,,,,,,,0.00609736686803486,0.0033792635654169103,0.012762025566495989,0.047740668457513104,0.02196031569178178,0.06565158160146074,0.023076941913397802,0.021403635075449814,0.0192307849278315,0.036997222310649,0.07276272753912068,0.03093413782661113,0.030837004405286344,0.03433952130364479,0.046153067579557575,2.737250554323725,1.987620103473762,2.1653732446415375,2.395787139689579,2.6328529194382857,2.3673318551367335,3.0600517368810056,1.4453067257945307,4.398004434589801,3.521618625277162,4.315594974131559,19.467664449371767,17.555801921655583,1.5236511456023651,,,,,,,,,,,,,,,,,,,,,,,,,,,,,,,,,,,0.03480560593569662,0.0199320692497939,0.015592415498763395,0.019202638087386648,0.09322868920032976,0.052516700272965455,0.020198071409955696,2.078907435508346,3.2385968044273854,1.1626350084798716,,,,0.023148112384027687,0.022566802370045345,0.034579255150677106,0.043683226598892226,0.03289905677139259,0.02328330075937242,0.03184844996871355,0.08320691350791476,0.08528891725342903,0.08614682834454547,0.11338027432230256,0.10845251671357278,0.09817327711574476,,,,,,,0.03671773797293072,0.035076160271586186,0.04998994952427748,0.057416134363693215,0.08026421583954974,0.07360856747219369,0.06182717648635369,0.052630991200250145,0.030921963639612277,0.03923615200607569,0.06889171374382176,0.008232240980883494,0.03140597903560535,0.019136812778452403,0.03597899499242569,0.09280702452482327,0.144854296818007,,0.050874214398474955,0.1309683376522801,0.06408423435498764,0.24599380454531916,0.23867944521628556,0.1553206018791061,0.14646666823651305,0.08764452398332823,0.06322556337862341,0.06765253019991993,0.09998911683082112,0.09955379006366655,0.12567339609294226,0.14844642759971705,0.12178266311149806,0.21203134352723513,0.23077760243782985,0.0883031402823486,,0.11595361855257898,0.11014055916095102,0.09470058130593915,0.15787531141389596,0.1882939132039492,0.09139702026589346,0.10589469138468181,,0.2877941947623307,0.12625312316851228,0.16570529627687466,0.1823621950090996,0.20597214982500558,0.23137626262626262,0.10339506172839506,0.07530162738496071,0.09572150836314222,0.40254990907455884,0.05523470753981735,0.25025479107132154,,,,,,,,,,,,,,,,0.09055329598649375,0.08786739313943671,0.12654439413705776,,,0.08430709802028007,,0.03582810236600677,0.09395065900642108,0.10392024332544779,0.09166948293342345,0.09513349104427171,0.10248394727948631,0.07091550215489095,,0.0723520961211963,0.07052370380044405,0.15698054068172915,0.09607256076083127,0.09475167312433955,0.09580838323353294,0.09492779147587178,0.09800986262768581,,,,,,,,,,,,,,,,,,,0.019027152515254664,0.03251713698608649,0.024078053677589372,0.02028203479161111,0.26765165506463984,0.18084955249325188,0.3347066344651229,0.20429038215655634,0.018561447041922426,,0.018496147316181273,0.019198119367898656,0.01851247224761656,0.08460377358490567,0.03592452830188679,0.11381132075471698,0.0849811320754717,0.020895478307097082,0.03397914882306034,0.0334032310463983,0.02547328627543637,0.0173956702796893,,0.0038294970623964164,,,0.03191398082541919,0.04643776353978424,,0.03236405454246755,,0.0905158341495266,0.09345412993796931,0.08349657198824682,,,0.23607427055702918,,0.4444444444444445,,,0.08013749813181885,0.07888208040651622,0.05383350769690629,0.029758020308543687,0.03025398731368608,0.030749954318828474,0.2549531441697774,0.0927087141129826,,0.03444591288698929,,0.06703596434496527,0.08718106837277423,0.0858706544361366,0.10899560625915364,0.10907268943189703,0.08494565636321591,0.02271113353233959,0.00523114394321574,0.003916931490651097,0.004880901504757192,0.008245156853987462,0.001875557925426013,0.002483058300139672,0.002500301760557309,0.0018742315053938872,0.002943298958991338,0.004773815786643094,0.0110574168200246,0.0038996266606170955,0.01764503742660352,0.043447729751535165,0.004406117260059,0.007436580329905515,0.0024495195269962707,0.021394314800982823,0.0022147694869974087,0.001435634730464169,0.0027765395989181704,0.0007989619369539724,0.0031143360060862098,0.20343205092720731,0.11303625795737615,0.10694713534458898,0.5353999446443398,0.0006898721414652064,0.001159688038897242,0.0006308836806122082,0.0007114175722022944,0.004593151146844453,0.00497085169913266,,0.004652353192094412,0.0058960140291009055,0.002415280345040049,,,,,,,,,,,,,,,0.0013729278543553728,0.0024373142527378973,0.005000330580131399,0.33592017738359203,0.3259423503325943,0.40059127864005917,,,,,,,,,,,,,,,,,0.0036023894764275824,0.007268219414838896,0.0034635063028956286,,,,,0.004341162044897189,0.004548670062252405,,,,,,,,,0.0036887113844062142,0.0029683078664402944,0.007391058290888512,,,,,,,0.33749069247952346,0.010525610332746302,0.01298295126646139,,,,0.007985452245414295,0.005588568194680249,0.006707946336429309,,0.006762042677852126,,,0.014856209920114365,0.006449333338748391,,,0.024909474354383038,0.022799387275015046,0.017397012965698344,0.022375403468461074,,,,0.060776603009395525,0.03240162950055337,,0.03138907857866108,0.037329270283506556,0.03183326984817979,0.03368340860858682,0.03433639875931871,0.03354736899385101,0.036231661181681175,,0.03992249254144496,,,0.03753971436503285,0.03683025386347512,0.03683025386347512,0.04028501804497363,0.04642437563951946,0.04733391442755903,0.041080835259787014,0.04604540114450298,0.053586993595331034,0.04356243949661181,,,0.19647777198600047,0.047099560652319614,,,0.04461279461279461,0.04103535353535353,0.06214903778901301,0.029036190323934372,,0.04382406426730081,,,,,,
2023-03-01,1.5033131662345143,0.7722846441947565,2.14215389275977,1.4626121635094715,1.0778702861540614,,,0.7677872345339694,2.441656680647094,1.5090505183478689,1.1598088268239863,,,0.9793144649391381,,,0.9166161769160861,,,0.6467030094839817,0.3390661349285477,,,,0.4214024344709133,0.33216339332387423,,,0.30669852886266896,0.431707863490404,,,,,0.25337913524008665,0.4108729743857815,0.2950395298397817,0.3372414308117392,,,,0.32238070345754616,,,,,,,0.6009235290002098,,,,,,,,,0.17542494958225294,0.06868337654854509,0.1853644482857966,0.19285508498991644,0.18493229616825121,0.25099394987035434,0.26156727167963123,0.22094497263036586,0.12022471910112358,0.44252376836646495,0.3891385767790262,0.4359262460386056,0.09248055315471046,0.10337078651685393,0.41254457346621554,1.072963335466764,0.461186797110725,0.05847692170341934,0.03743288226816483,0.051462241891667836,0.0421008328338031,0.07017230604410321,0.05379621717448697,0.05917838968459448,0.1461986812401954,0.10339638042521712,0.1327049880750443,,0.43658097958320113,1.0428435417327833,0.6019253147149053,0.6248196248196248,0.08377263949057884,0.21540790229135134,0.3561272354148344,0.12803480101111045,0.047836693903944495,0.021559579095879137,0.06979307506907295,0.04370701310916465,0.03663805772735289,0.03104659000593567,0.0732150222839264,0.08366281350919023,0.046650368715983055,0.13281823760802425,0.02326985180937434,0.21645901639344262,0.09757533223155465,0.06644631092798443,,0.09273052455230808,0.15881460686876006,0.18165764868352538,0.10848746915396981,0.3109815354713314,1.1301091865317554,0.24901389127079404,0.1178185559938261,0.1127022237466415,0.10324129651860743,0.06289178912753057,0.07357928270475798,0.08246839995889425,0.10823656355975748,0.08128660980372007,0.19065358133799196,0.1881358544856644,0.10836501901140684,0.1972561915527695,0.058883979036070296,0.34161442811632925,0.10602712979138836,0.09862809577638475,0.3254804233891686,0.10836501901140684,0.09811427396978727,0.12025999383413832,0.04984871689514774,0.10892383549363117,0.04282619252175862,0.06508908893952411,0.07706099884203056,0.06176459601807927,0.14071196443913192,0.1287213776101005,0.057767733741735466,0.2569198012775018,0.1056927272048112,0.07706099884203056,0.06467819655597476,0.03427216017332188,0.13516491726121552,0.15561615180605878,0.07519330618953345,0.039819207351238284,0.06600425833924771,0.10408651152366367,0.27710955885099553,0.09151693997235816,0.18827947263108846,0.09546912260504893,0.1193432557629581,0.131650357700847,0.14477976043636764,0.13321272921634736,0.19354219773593181,0.47128799714935726,0.11094322797978796,0.10165461210740116,0.05677202021202814,0.13742197562667194,0.06063608441494105,0.1551818091746755,0.05533538095709897,0.14668582185673237,0.11129000297235707,0.2941642722679084,0.20164965817893588,0.06814128603982958,0.06814128603982958,0.10219954423858119,1.1743213249103637,0.011962709989953193,0.016067103326349894,0.018129035272860382,0.028033707427627938,0.003623470587777163,0.007512862249196365,0.011500363987338148,0.021599308560382363,0.01559965209899365,0.007000280829182242,0.010326607065444105,0.0062504941775658384,0.011504240658923741,0.02811807756795457,0.09588142065133584,0.021044193418105716,0.01366829823833909,0.03515385515849789,0.048129710939995594,,0.01175366508403553,0.009061274213165136,0.013646473404455838,0.012168336927817337,0.008723981325878498,0.007549408447797973,0.017596768337324632,0.022834728469305357,0.005766070482272298,0.0034301806153663674,0.005622588303715423,0.00567615498370999,0.010708864367189389,0.006931889292994381,0.013494507400913265,0.006705122088736609,0.020738666286656052,0.023365696193904547,0.011726218873722886,0.022660611280119456,0.022443757396266396,0.07371049386923091,0.038804453559191814,0.005104431815008871,0.005640231133260837,0.02006908037970815,0.006712584416691885,0.01356251457411878,0.0069548260802959425,0.005267435551265807,0.007298945079060586,0.007306491548331739,0.010960491969424726,0.013181417875925479,0.010986149964946651,0.006668060247992073,0.020761091611873013,0.10309005277245961,0.022425842733089684,0.04402308314020661,0.020761091611873013,0.02622850859882441,0.019988333158506795,0.037914970912134194,0.19244053437601824,0.5179320082545888,0.43206256109481916,0.3838383838383838,0.3884435755403497,0.18464212012599107,0.29425437167372653,0.07778863907896166,0.1373520147713696,1.058953778023803,1.5996678660393027,0.6101854414613894,0.6776639911430944,0.6358151120952117,0.7823969000830335,0.7614724605590921,1.2309991696650981,2.0014946028231386,0.7796291170772212,2.401107113202325,1.013230002767783,0.5032936617769167,0.9708275671187379,0.5990035981179075,0.611680044284528,0.7991143094381401,0.8282867423194021,0.8191530584002213,0.5865485745917519,0.9713811237199003,1.1167450871851647,0.9345142540824799,0.7741489067257127,1.470412399667866,0.8347079988928867,2.697315250484362,3.8890119014669247,0.5868807085524494,0.6726266260725159,1.7118184334348188,0.6446720177138112,0.492388596734016,2.6909493495709937,11.421754774425686,4.111818433434818,0.0066427924630597145,0.007600701929585169,0.01017322761825229,0.00409381149334395,0.004213444119367058,0.0034337109043653816,0.0091820161618587,0.0030101180778261136,0.023512477534414,0.013703450658859717,0.006739728828472056,0.0050165099387349445,0.003608493322526802,0.00432798599534663,0.0025190728132099874,0.002949665421059118,0.004276866380326118,0.003123175151709654,0.006273288855733022,0.004160627587665367,0.003000572921494483,0.0050894773560256346,0.005756789840899212,0.004419195266959993,0.006808029724889504,0.004080660389064814,0.0037444587716062567,0.00410505356635676,0.03034553678035089,0.012099015936805124,0.003686127260690734,0.002713581887790112,0.0016532210766384843,0.000739219329238532,0.002781670669622412,0.02528724026834192,0.11900264570522054,0.016533907683066024,0.013286221269874872,0.041595245918226005,0.01370493546095575,0.7057169096544599,1.0193433589714154,0.851796579037998,2.550683044426587,1.168120766846516,1.3406612329238894,0.7161634714728504,2.0725519458156354,1.1558374469062105,0.5605556193318793,1.1370680748478934,,,,,,,,,,,,,,0.005679644877498842,0.003291526583858434,0.013937820009528985,0.04692270784262409,0.021323623162147108,0.06576845905555667,0.021692703614975273,0.022625470577577356,0.01923076923076923,0.03399398734389574,0.07032156973271865,0.028281628517168953,0.027719619645816974,0.03306122038129366,0.047576986827183115,2.9822616407982263,1.8046932742054695,2.0737250554323725,1.5949741315594974,2.8806356245380638,1.889689578713969,2.864005912786401,1.69419807834442,3.3612342941611235,3.4175905395417594,4.546378418329638,19.795639320029565,17.992054693274206,1.0097930524759793,,,,,,,,,,,,,,,,,,0.004450054814734992,0.016831477402804183,0.0024293685291214505,0.004973827842513289,0.005360884747575487,0.005064727570217291,0.003412405100501011,0.004873764835806868,,,,,,,,,,0.035726142484501504,0.020100951929265896,0.013047867475185474,0.020648395948372235,0.09270368237406416,0.025461253962352586,0.020198086793802607,2.0918216982869775,3.251611714864616,1.221035181433045,,,,0.02312867706108755,0.02254570114751075,0.03454826306887245,0.04364387706743286,0.03224412017235465,0.02365216563654426,0.0318197771604314,0.08142006355352595,0.08643384751362612,0.08217239420021465,0.1133757023506387,0.08925377217534039,0.08955891327679454,,,,,,,0.03172992081937244,0.03525354525060409,0.051562563076337505,0.06587620601957313,0.10473988039284664,0.07404224889129819,0.07172969014019527,0.05441721789378377,0.03093984463757418,0.04114706051376358,0.06399468010869655,0.008098877732806818,0.027724186623100482,0.015811899151937082,0.039193149818975925,0.09355992613350207,0.14011389904051036,,0.05027414128767292,0.11749895090222409,0.058089059802012885,0.22425926817690883,0.14275770863785064,0.14628430894874828,0.1390222964664393,0.08433679032969073,0.07384979466833716,0.06064824482030579,0.08016216971899903,0.11799245071997765,0.13365021669229693,0.14231790856983084,0.1202572347266881,0.19323360827624775,0.23075632601705579,0.09245211454579935,,0.126651495037613,0.11144825842341488,0.0840445034452241,0.1661925532587395,0.18841266831025982,0.08437966458863815,0.09930634823074896,,0.2657242368367138,0.11874030497263441,0.17370562238417186,0.1743787865484239,0.2091297346495834,0.18839430528023068,0.13054604433231212,0.08051901243467292,0.09357907253269916,0.45424098295679743,0.06254458977407848,0.2635156559651209,,,,,,,,,,,,,,,,0.08565454409678143,0.08050182958703607,0.1198566201179897,,0.02679343128781331,0.08585422068568135,,0.03125900316911553,0.08856763044200731,,0.08773678963110669,0.09222333000997009,0.0982884679295447,0.07409221297138459,0.07374239138039598,0.07563142797173442,0.07297278388022108,0.15070314139788707,0.09755874554265337,0.09307854073329065,0.09591295602084667,0.09591295602084667,0.10267897961049648,,,,,,,,,,,,,,,,,,,0.014233423036208502,0.02572474396418687,0.015891438264440675,0.016350580943028045,0.29389129389129387,0.19111752445085778,0.3676447009780343,0.17604617604617606,0.02041388069179336,,0.02061932688356804,0.020992865414067464,0.02060064995704307,0.08179419525065963,0.03393433010847259,0.10751978891820581,0.08025505716798592,0.020222209158779612,0.03502145670448533,0.03234671683028628,0.022015166656869083,0.016842043383692905,,0.004456785279529975,,,0.022409682189961668,0.04525395389633528,,0.031055560123893322,,0.07088524590163935,0.07488524590163935,0.08544262295081967,,0.07088524590163935,0.20069808027923208,,0.3200261780104712,0.20615183246073296,,0.07094266277939747,0.07340078888698336,0.050077173726633506,0.028311701179034972,0.027890617259486772,0.02838601010601407,0.29188546517388286,0.08244270886856439,,0.03062377967320933,,0.06191552769499538,0.09407546525525012,0.09151442718115077,0.11746627966535769,0.1063684480109271,0.09151442718115077,0.01258771485759235,0.003144494894820053,0.0025798487527161425,0.0029244776049657706,0.004482122134907593,0.0017408682802075408,0.00306321928396738,0.002500197671026335,0.0018744666290410091,0.0029066710580877876,0.004539565447716626,0.009733875911930843,0.0038987089618720146,0.01769537847382159,0.04376631352679257,0.004406493180919497,0.007443226018210059,0.004801914563136906,0.02241238056594362,0.0021454612137892107,0.0014353384553735767,0.0031747996223746777,0.0008127547405033344,0.002532595087399434,0.19795184057569884,0.1100470523110988,0.10406864101854414,0.42900636590091334,0.0006808878183230093,0.001075633061282237,0.0006225563074074867,0.0007020992768377449,0.004532252340843533,0.0037387025052664463,,0.0034890663754731767,0.0044175375950551606,0.0018102269061032383,,,,,,0.17317185168178167,0.16048674090230744,,0.22132935369073586,0.28951899896682354,,,,,0.0015451049866124454,0.002437608627087821,0.0033720532281118517,0.3357354028085736,0.31725794530672585,0.3630820399113082,,,,,,,,0.0014991124447958255,0.0011765650239106602,0.0013429701705945979,0.0011428441571817566,,,,,,0.003890550086427301,0.007268351044616222,0.00236816092217314,,,,,0.0037657390444618914,0.004550873825932711,,,,,,,,,0.0036862320521743614,0.0029849661228881328,0.006087702462996888,,,,,,,0.33881767744404057,0.011903349849821124,0.012982342025214744,,,,0.007941157604396076,0.005572066967435695,0.006688190895678762,,0.0069233894246188725,,,0.014613281666899276,0.0065185087884932725,,,0.01968051448274081,0.022024202729483196,0.017343883961826588,0.022741008306511688,,,,0.05828171040115079,0.031089765898703048,,,0.03461484691737733,0.028799105270515872,0.03374807772962394,0.034391164546344194,0.03293722913462883,0.03622226436563626,,0.039288197736898664,,,0.03573623671964176,0.013492551292182516,0.034067960312582315,0.03801914127667047,0.05256890848952591,0.05168687982359427,0.046571113561190744,0.05106945975744212,0.06068357221609702,0.039942589091927466,,0.040537702163411043,0.17975915423930547,0.04316320100819155,,,0.04386375923589836,0.04105244188142008,0.05501387237415775,0.027923107411811334,,0.037475227903289735,,,,,,
2023-04-01,1.686571086518527,0.745116360557129,2.0726469588854908,1.553486797562627,0.9956518917515736,,,0.7187803755051926,2.2203277724700525,1.5403651466643595,1.1856429759923937,,,0.9122098090484114,,,0.7477404009514101,,,0.5889390698042944,0.34512525389302645,,,,0.40218683147135725,0.32739085650899297,,,0.3307186435306236,0.27874177957372637,,,,,0.2563980667142065,0.33269946913873705,0.24706340450386138,0.31764519451707474,,,,0.3052056096981222,,,,,,,0.5438380167434615,,,,,,,,,0.16675913218676086,0.054924518935965186,0.1720442666510935,0.19587117119747713,0.1652115513767629,0.24241539404911375,0.26203755073437085,0.23657546646421582,0.11530937016380996,0.3970274768592869,0.3849388267585482,0.4281250912488685,0.11910532309399362,0.10660787806231202,0.40876702444304136,0.9810588978082438,0.4129160277802832,0.041507893304300485,0.04985895976641758,0.04328945414955214,0.04036967387538972,0.0640990745781165,0.05159103281041224,0.07524620181125354,0.1386895630227149,0.09532587717127727,0.12514227742861386,,0.3901288902860735,0.9625903803835271,0.6311432463585873,0.6659919028340081,0.08652482269503545,0.2243316966721222,0.3197274031563845,0.13660834454912515,0.05250486017646179,0.02440556303275011,0.07191565724540153,0.038956183639898306,0.039359952145954835,0.02734605369407623,0.07144995781050109,0.07653991670976346,0.04095556946750501,0.11668345173612055,0.020350762586533837,0.28414486546876455,0.09717332260335981,0.062207021426415855,,0.06675384770143848,0.146604969318982,0.16913791369077555,0.09528216477215572,0.30396759395874134,1.1915121925047618,0.21884808326850339,0.11315288247444806,0.11245540145397967,0.09603777127987767,0.05733758994628559,0.06430525995743387,0.07360393229958448,0.1148018648018648,0.07535218404783621,0.1929157798723016,0.21457889936150804,0.10565521435086653,0.23084524171480691,0.05738826391000303,0.34106111280024326,0.07061416844025539,0.1056298773690078,0.2723218810175332,0.1151565825478869,0.09514036687949731,0.13418465592378637,0.05581355715563887,0.12826466703591666,0.04682373993438711,0.07144987431298197,0.08071662903157087,0.06565548975331259,0.20695752204848536,0.13829832559328534,0.06382344169400536,0.31860593924417363,0.1216607728686464,0.09703463849005155,0.09654467214860891,0.03911209577776831,0.16296706574070127,0.19206680584551147,0.08576541263687103,0.04490648033743768,0.07387840313578459,0.13488986408759746,0.34576711686762385,0.10138042690980359,0.17011590559977655,0.10518084066471162,0.11850300237397011,0.1456500488758553,0.18986175115207374,0.13417120513894706,0.19494484010613042,0.45186426476749053,0.1093259999035075,0.09400781589231437,0.05459063057847252,0.14213344912433057,0.05249191875331693,0.16780045351473924,0.04966951319534906,0.13337675495730206,0.11361991605152699,0.26636753992377094,0.174096588990206,0.08431031987262991,0.10276451005934288,0.0965648670815844,1.1549307738044678,0.009580967010047773,0.013105790504643396,0.014689406857287805,0.02945808260875692,0.0033028705908879526,0.00702596226038726,0.012431187958342915,0.0222525744776934,0.017154873153122203,0.007659019191183194,0.009267288549288401,0.006218364469021768,0.010521981934013954,0.026660950104941215,0.09540363672385292,0.018344591038825152,0.01141168040128986,0.03600063696803217,0.05133365181734941,,0.011186751064930929,0.009345515346948526,0.014905051952705122,0.01079461762012819,0.008977268203352044,0.00709622198335921,0.017140411640590787,0.022317767427047254,0.007173047712249567,0.005561025690287642,0.008678502170376018,0.008855614459567366,0.010256005235188591,0.006369730179683808,0.012447362911647417,0.0052790658899131105,0.022137977808115796,0.017886894352239436,0.012215440045431809,0.02186217764288642,0.022357364303184614,0.07308955106001286,0.038271033836919356,0.005605324676712785,0.006030571999639646,0.017300771247478672,0.007420832996138419,0.012476466339803911,0.007217752586984837,0.004013510191430007,0.007258979436963383,0.006477196207740571,0.010534987089888277,0.014208757499087666,0.011230499318230055,0.007612461502520182,0.022819824923310424,0.10325569961200953,0.02261979835489599,0.043491272886627685,0.020601209626316775,0.028648079973981277,0.02048363675785944,0.03806230751260091,0.11358729179518814,0.29124254575365,0.07105953115360888,0.2287939543491672,0.19135564466378777,0.11816265679621632,0.17509767633148263,0.022221365412296933,0.07963191445609706,1.0451702186548575,1.4308884583448658,0.5947412122889565,0.6174923885967339,0.6272349847771934,0.7733739274840853,0.7651812897868806,1.216828120675339,1.9779684472737336,0.766841959590368,2.3378355936894546,1.1039025740381954,0.5008026570716856,0.8889565458068087,0.7129255466371436,0.5598117907556047,0.7898699141987268,0.8182673678383614,0.732078605037365,0.5689454746747855,0.9223360088569056,1.0337115970107944,0.8730694713534458,0.7651812897868806,1.3961251037918627,0.7776363133130362,2.5088845834486575,3.8716302241904232,0.5666205369499031,0.6979241627456407,1.5366731248270136,0.14918350401328534,0.47666758926100194,2.6192084140603376,11.301799058953778,4.290174370329366,0.2594129563688612,0.2781005417079418,0.4121174801210142,0.17409618662597165,0.17068708557557585,0.1518834837086022,0.38258681159808305,0.12134436382783148,0.9457310379909507,0.546045175051092,0.31580591327318325,0.22505421541591927,0.0958564250845582,0.15907650843797133,0.13159844002391727,0.13833632299001364,0.1548195942991263,0.12942982338714715,0.31745691770858436,0.14560966685407797,0.12426262572175668,0.21156952513542698,0.23941349182975913,0.175675796274977,0.2831338741488403,0.18908909176907357,0.16007603544751145,0.1385594316975003,1.2692386638465727,0.400283794275923,0.12802870070413108,0.10188928453499684,0.1029602063309327,0.030744379891658416,0.11567740265767093,1.051636279260707,4.935146760907784,0.6878084477881004,0.5458845367817015,1.5649201717044612,0.5849999553782586,0.4817954822600313,0.4510191045816155,0.8003600255502004,2.5506648858951277,1.1922652575344055,1.421171825097265,0.6188955345218047,1.994715754021253,1.0659079031415133,0.6140758376400905,1.1015620463387723,,,,,,,,,,,,,,0.005218985225604426,0.0032994170011626037,0.01372211237366237,0.04692334456334491,0.020769015351454104,0.06666129210193569,0.019657329067626166,0.017112331231595654,0.019230475479255597,0.03332428143483906,0.07033240268501939,0.02769202046860547,0.027307597654426804,0.033021325707108855,0.05056645083546195,2.900960827790096,1.7017738359201773,1.8845158906134516,1.5242054693274205,2.6701773835920175,2.416481892091648,3.002032520325203,1.5933111603843313,3.1901330376940136,3.2017738359201777,4.478381374722838,19.20491500369549,17.754249815225425,0.8130081300813009,,,,,,,,,,,,,,,,,,0.0042228029132445385,0.017855321907143576,0.0024032302143254178,0.005041555006012711,0.004934390443145862,0.004097839391839252,0.0024084215772324623,0.005035622019833231,,,,,,,,,,0.032278755118934715,0.015621316696909728,0.012721272291692934,0.019612304082538883,0.10008579526453996,0.023833376709960104,0.022136340462549337,1.3758273381294965,3.347529976019185,1.2704076738609114,,,,0.023127985283467774,0.022546224876476218,0.03454854389382271,0.04364406694658035,0.02400463803469298,0.022273399306300866,0.0318202881920692,0.08055960983945035,0.07237193407141077,0.07018262076821757,0.08672261578441492,0.060375209141717984,0.07120163041543554,,,,,,,0.02896364012899027,0.03753735096594775,0.06189166001005887,0.06494482411762965,0.10024555486524067,0.0779030206206917,0.07022869145883258,0.050566551285464924,0.02347859530783113,0.038991872888320706,0.06674359336216702,0.008467470799677905,0.029345597330256268,0.01681872141190925,0.04579075385394443,0.06926044951291015,0.10420801305622437,,0.039486692259298725,0.11545572431856407,0.05104831358249772,0.20337797064978752,0.17875476899107123,0.12270539120707909,0.11533467830533528,0.07162974651938557,0.07494556858358468,0.037113237320975566,0.08802896582937317,0.11289318850418646,0.12819642453043675,0.14095383570943654,0.1087632948630912,0.21285924417288982,0.22307083050463908,0.09253989064048859,,0.11882454513478079,0.12029546253957087,0.08317078630128226,0.17123397179675756,0.19991686119016402,0.07361297654716396,0.07381960946378757,,0.23179047422254362,0.1047628887281744,0.14513379481351377,0.1802872197541068,0.24047263046570147,0.1471968137172174,0.12839639518007223,0.07456036723259189,0.08884757604854032,0.4629103761057427,0.0629430631882163,0.2777789127459192,,,,,,,,,,,,,,,,0.08969178353537756,0.08517550114887885,0.12566357657871802,,0.02671766870090811,0.07962741262008351,,0.031214412941279523,0.08818551117129317,,0.08810088016249154,0.09470209884901828,0.08843940419769804,0.06729833214355246,0.06762281783373353,0.06905055487053022,0.06677915503926277,0.14251411512752288,0.10192116893659241,0.08992513754848021,0.09317218363849553,0.09317218363849553,0.09939568864435824,,,,,,,,,,,,,,,,,,,0.014438066016726878,0.024669668926609593,0.015613401296580393,0.015885584203493838,0.2821550918716911,0.169884771099346,0.35284957957022733,0.199159140454687,0.022964509394572022,,0.023007115163393124,0.02390183630863619,0.023220144007498614,0.07783357245337158,0.03285509325681492,0.10401721664275466,0.07639885222381636,0.02440556303275011,0.03388664573052191,0.032525796321220275,0.02282039778675041,0.0167638701959025,,0.00391046753223187,,,0.01997876915539345,0.045580226225387516,,0.031224689289205416,,0.09915277907085002,0.1033423331160972,0.12214877571920678,,,0.21589769307923767,,0.3410230692076228,,,0.06086863213241409,0.06808487807495238,0.04646296644043244,0.027138514980460268,0.026752544989627054,0.020770010131712258,0.3441163699522362,0.08036890645586298,,0.029846964629573324,,0.06035269078747339,0.09232990741527222,0.08969676378153402,0.11551855941561198,0.10719442792831053,0.08969676378153402,0.012901452910753793,0.0025595045165654373,0.00235868998463945,0.0021296909570045516,0.004268189568918138,0.0018839330982110948,0.0031389650004017213,0.0028882356689486272,0.002134662429664189,0.0028822803455551575,0.004004936502249293,0.009162387037700545,0.0037780166407898404,0.01272075055187638,0.023929359823399558,0.004392581766079333,0.007388950042226307,0.004873674054745165,0.018702462721884208,0.0020758482424383085,0.0014353051474012579,0.002842362267965363,0.0008191927782774201,0.002614851132898568,0.19568225851093274,0.13124827013562138,0.10285081649598671,0.36125103791862717,0.028316957154203817,0.042131848321776307,0.025889534416749217,0.029191543287551427,0.19253389021266723,0.0015495506749170574,,0.003512513142182428,0.003621070914993316,0.001823175746111624,,,,,,0.18355496196504267,0.16195342895302248,0.3442308809012252,0.19354276755124555,0.2894721560884966,,,,,0.0004998345199806515,0.0027181153947334925,0.003153455137942447,0.2777161862527716,0.3135624538063562,0.36049519586104956,,,,,,,,0.0015440596532095415,0.0005068995067092803,0.001342708934743456,0.00114284146282224,,,,,,0.0021819037466709926,0.007039491744774306,0.002369076862194239,,,,,0.004936172473798169,0.004521725269324265,,,,,,,,,0.00368515126773617,0.0026609202165215344,0.005667510002353496,,,,,,,0.372556609251016,0.011903010784321315,0.012982991274996322,,,,0.005818833118461924,0.0055938670796812405,0.006017841537383299,,0.006844159102904658,,,0.014672798665128134,0.006288342285054914,,,0.014537138712309723,0.018642794541129337,0.015187179166144985,0.020934017778890694,,,,0.049597507141002334,0.024289395361844077,,0.02355032658849849,0.03368974881194841,0.028767820773930756,0.03318058384249831,0.03434034849513465,0.03281285358678434,0.036229335209285965,,0.042240910689732354,,,0.03112408306643248,0.011778076247546232,0.029651823535489202,0.03288046285773324,0.04898332571000873,0.049066489251112316,,0.047486381970144285,0.05655120795043453,0.04102695014769702,,0.04186572335071661,0.18511359906640895,0.044309106159512786,,,0.03982853478246195,0.037837108043338855,0.055670187337841424,0.028356044045843635,,0.03824388649410611,,,,,,
2023-05-01,1.6072671888598782,0.6826044386422976,2.2946294843449113,1.6928872544622837,1.0022653943845679,,,0.8812793444486919,2.2286998715570143,1.4013752298712723,1.1564775485436893,,,0.903443567961165,,,0.7874616646458883,,,0.5614381067961165,0.35967351331958025,,,,0.43712075242718446,0.36893203883495146,,,0.3293385922330097,0.25439927184466016,,,,,0.2513652912621359,0.3626365291262136,0.24905608567309676,0.3356341019417476,,,,0.3144720873786408,,,,,,,0.5566005354568546,,,,,,,,,0.143766318537859,0.05828437771975631,0.15964969538729332,0.1849706266318538,0.16503481288076588,0.2331919060052219,0.2533996953872933,0.23566688424717147,0.10895343777197564,0.3990970409051349,0.36743907745865967,0.3630058746736292,0.11148281114012185,0.10367711053089643,0.38393723000969754,1.0103147315524992,0.4435334567574716,0.05681180631784364,0.0535431150140261,0.043859007195999514,0.040907427735089645,0.0703500426881327,0.048969386510550064,0.07159409684107819,0.14198072935723868,0.10511037931455057,0.1273813879741432,,0.38042024832855775,0.9295128939828079,0.6674307545367717,0.524925857929671,0.09474041014631943,0.24207671882944468,0.31420183486238534,0.15448854744629392,0.05535638070849338,0.025423246550007116,0.07727984066012235,0.04043249395362072,0.03627827571489543,0.023709694730755782,0.058540233426930315,0.06250108196255891,0.03489978429994425,0.09467951403435274,0.015964573949111407,0.20550366069174453,0.11008704557091654,0.050435227854582695,,0.07544605931702707,0.13486155421639295,0.2005002166292489,0.10668005829296152,0.27964941769720253,1.4808740545083445,0.25253932044663224,0.10980910073238083,0.09487333413374954,0.08546043942850283,0.05828297231841742,0.05067789321201421,0.07381000882732396,0.12643444014395328,0.08433489509064983,0.20728367397750164,0.2087775288019737,0.09490504968199,0.31631244199995473,0.05269233380865078,0.38661415540617006,0.0648468798804916,0.08856748375998733,0.2913243249360585,0.10325705620062922,0.08433489509064983,0.1057015459134017,0.048201513423862336,0.10372827476590303,0.039027676998030475,0.0958329014201306,0.06848415742372413,0.05473204104903078,0.19588127569883554,0.15156698109947825,0.04718219826543657,0.29757092014788705,0.15291455029197332,0.08852493003006115,0.08047406793130851,0.03747278946822846,0.14650495836356725,0.18109256763760753,0.08795480460246707,0.04930721122283265,0.04585190560105041,0.12877924052382433,0.36337721571473,0.0901489236722988,0.12580203812040006,0.09650405736931496,0.10393470466125684,0.13335063219475374,0.16484242309869784,0.07888280807699564,0.15821381392715606,0.36924419701830535,0.13746717648684756,0.0948081264108352,0.053623255171142956,0.15911917814529875,0.060395264200488324,0.18950108260008292,0.05053669323259778,0.17006034919611185,0.11616068549315889,0.2600082922559543,0.17549638365504217,0.07147463951720644,0.09872391394481043,0.09499239876537523,1.132062510733299,0.012361938342783627,0.016133797112498214,0.017027683804259782,0.0307314051555725,0.003447848668223186,0.008770576665786595,0.014605761614747265,0.026552019769025166,0.018652122707976733,0.008180235127991386,0.010612798248554553,0.008012625595903803,0.010522717655969774,0.0265432089470205,0.09646928790956606,0.019510997806010358,0.007690734154683167,0.020711988047003315,0.03298438526163928,,0.00553866839884633,0.006642813308594745,0.00891928975848774,0.005533883372151862,0.005344874817720389,0.0036784892713720226,0.01242432181218531,0.013764129286636258,0.008005268699282564,0.006121504266215342,0.007113036087961578,0.007821273103494602,0.010284231170782636,0.009076760955047959,0.012994330988320472,0.005681208348375892,0.022976084771727148,0.019489057148711544,0.013295588708811852,0.02169543454291764,0.022726053060388152,0.07862094704694254,0.039202533004185906,0.00498252254688013,0.005812942971360152,0.017300673101063205,0.006660447179170264,0.01332460822428185,0.0074485295319191925,0.00401394630938286,0.006858767620436959,0.006643363395840173,0.0124927022534253,0.015000304537007188,0.012630115293254283,0.007361625068892213,0.022491172140657475,0.10377135658609558,0.02198385805307263,0.04540126835949628,0.018792904436287144,0.027162472721654663,0.02091723575472441,0.036285955793110926,0.0882338281179907,0.21362136512715202,0.056652677120612484,0.1824090596433164,0.16624963863108472,0.09593970871173227,0.15482539650892707,0.017714553447708673,0.06348130351998245,1.0649321893163575,1.4707445336285634,0.630500968724052,0.5558815388873513,0.6314973706061444,0.719512870190977,0.6897868807085524,1.24483808469416,1.916579020204816,0.8250761140326599,2.429172432881262,1.0871298090229724,0.5147522834209798,0.929587600332134,0.5926376972045392,0.5754220869083864,0.8555217270965957,0.7919180736230279,0.8812067533905341,0.5704954331580404,0.8458898422363686,1.0571270412399667,0.8152228065319679,0.6823138665928591,1.4833102684749515,0.8250207583725435,2.578743426515361,4.0883476335455295,0.5519512870190977,0.7035704400774979,1.3025186825352892,0.15333517852200387,0.5312482701356214,2.449820094104622,11.410351508441739,4.360642125657348,0.14929919020742816,0.15411560354326354,0.2312840721547796,0.0855695252392569,0.0939465238583272,0.0744980296490899,0.21198473759929942,0.06148264695834597,0.5071091415621347,0.30425201245242534,0.2084578335282032,0.1171673138270999,0.06883958600978679,0.10124572368895882,0.0726263165745245,0.08064725666527131,0.08568981528260944,0.07671136644677647,0.1582632042380588,0.07887658722712204,0.06784839605256193,0.11996766603634684,0.13560056007044186,0.09764183399011697,0.15690152094730814,0.09302269632537977,0.09337394325196915,0.08527601753347672,0.7320755806400393,0.1897888187998903,0.0718757067040047,0.05646414634967834,0.07924226895891373,0.012062685547391871,0.06339766444851827,0.5630247653141255,2.773003064990305,0.3810499877304156,0.3014853414553171,0.8680995616630821,0.3143611876957721,0.4694915254237288,0.6993785310734464,0.7222033898305085,2.2993785310734465,1.1545197740112993,1.16954802259887,0.5772316384180791,1.766271186440678,1.0219209039548023,0.6132203389830508,1.1033333333333333,,,,,,,,,,,,,,0.004595404595404595,0.003299180158684291,0.01441120862608466,0.050480924034643035,0.020769313331296804,0.06538420257428522,0.01785652364164761,0.016547089274362,0.018531881341798697,0.033324526712956465,0.07033214719165132,0.02792331635306842,0.027105951899340328,0.031731078838516856,0.05019443366550805,3.0127494456762753,1.6045824094604584,1.7808573540280856,1.8196600147819662,2.6151145602365116,2.4641537324464156,3.068736141906874,1.43569844789357,3.7616407982261646,3.2196969696969697,4.906319290465632,19.739837398373982,20.401145602365112,0.6960458240946047,0.3198952430018891,0.33324746694143914,1.1780010303967028,0.7310235273913791,0.4742400824317362,0.6797612914305342,0.43813326464021984,2.5400566718186504,2.5497595741026964,0.6860295380388116,,,,,,,,0.004970180194004074,0.020405239920752553,0.003144139476186448,0.006095303513385652,0.005368457696935898,0.004679441867424173,0.0027037814259864806,0.006018368371410561,,,,,,,,,,0.03224881926291079,0.01502998665630453,0.012147961720523563,0.01789734819046959,0.092155480046443,0.04343772039277383,0.043278359464004774,1.375956692178458,3.3479559454918797,1.2836475639350382,,,,0.02469408508935716,0.024073086156308345,0.03688691984529208,0.046599926647105896,0.03142504667911443,0.023783425580154706,0.03057898773006135,0.06819909349398946,0.09289809783883711,0.07606767827482334,0.09556788003340747,0.065435470097501,0.06688531666713587,,,,,,,0.03090874257615429,0.03785798466173969,0.060418347856881605,0.06761142299810158,0.10277563294997359,0.061010513849137006,0.07183786262910088,0.05099594192128837,0.02682744166874699,0.03834451919887636,0.06771714160527749,0.01135921574729635,0.028610973477418748,0.017165765109108257,0.05475682515243215,0.06617791194574038,0.12621045203277534,,0.03527445603673476,0.11267057162791451,0.043479201484101615,0.201765345361912,0.21024678454877033,0.13467568201693578,0.13224409700744408,0.06371179318729604,0.09421325427127104,0.051361900902246016,0.09282804931748127,0.1236789960369881,0.12538529282254512,0.1403841919859093,0.10499229414354909,0.21031483927785116,0.22135072655217966,0.08340592334494773,,0.11666251866600298,0.11902687904430065,0.08172598307615729,0.18840219014435042,0.1840156794425087,0.07360221133308205,0.0889558989822842,,0.23178791305440383,0.10441010177157933,0.1638899359215982,0.20909662017841438,0.2273579222170159,0.1450438497136015,0.12701854308922042,0.07349276722436168,0.08757501667037121,0.4846127422255451,0.061185313908141206,0.28238598476429105,,,,,,,,,,,,,,,,0.08548240291262135,0.08297936893203883,0.12363470873786409,,0.025565709312445607,0.07666993037423847,,0.02978133159268929,0.0961521212664813,,0.09695936855323348,0.10305857027536103,0.0964212036953987,0.0732477517676941,0.07359099334111349,0.07544449783757809,0.0732477517676941,0.13921878217889752,0.10200123424138234,0.09371418495988716,0.09477210614475888,0.09371418495988716,0.09882747068676717,,,,,,,,,,,,,,,,,,,0.015514087083790708,0.02500304915233565,0.017550920844005367,0.01613611416026345,0.2629572094336958,0.16395989267052674,0.23019347549781105,0.2571670667984748,0.019176946200891467,,0.019176946200891467,0.01966068898794098,0.019366988010089493,0.08007339449541284,0.03456880733944954,0.10943119266055046,0.08044036697247707,0.023858301323090057,0.037103428652724424,0.03181106843078674,0.02038696827429222,0.01657419263053066,,0.0030537311262451225,,,0.015694516094409455,0.039559350820909604,,0.02715134931119079,,0.07056298914415551,0.07188841201716739,0.06879575864680637,,,0.2608982826948481,,0.4616908850726552,0.3305812417437252,,0.05594909352863489,0.05835034217793253,0.029583383359346863,0.02671949140830147,0.025821163679918924,0.02038512922098862,0.37190767955037546,0.07378737466331681,,0.02740997261266155,,0.05269233380865078,0.09608449252962391,0.0933367679890091,0.12004121586810923,0.10681779151640049,0.0933367679890091,0.015058845952256159,0.0022661647686663174,0.003076190022394816,0.002353838090246343,0.004368418544813456,0.0022827528308211682,0.0034545362852387916,0.003249844998264574,0.002349499989617109,0.001780029930341974,0.0025145315279427615,0.004981212788940846,0.0025635780515610553,0.011645825167653707,0.026744054937797655,0.004574148376256831,0.00766156602303505,0.0033391813175455425,0.021389311439611168,0.001889614990945595,0.0014350377997275508,0.0030446272986973245,0.0008222499194091091,0.0026338737255869023,0.20116246886244118,0.13490174370329366,0.10572931082203156,0.37603099916966515,0.012144482776871593,0.022229600011547845,0.014343384769355871,0.014800486934095492,0.10669245685196145,0.0016190304864498791,,0.003673430515474515,0.0037898314001212387,0.0019047417487645633,,,,,,0.14214689265536723,0.16265536723163843,0.3459887005649718,0.1668361581920904,0.2894915254237288,,,,,0.0005003261201608309,0.0024380578099586366,0.005908141445331528,0.33647450110864746,0.3222468588322247,0.3717664449371767,0.1035119354284733,0.11398763523956724,0.17800103039670273,0.1919543190795123,0.0789541473467285,,,0.0018761973297129894,0.00066563774769609,0.0015820585548689955,0.0013465775125805959,,,,,,0.004265447838116421,0.013562632235664297,0.004631638908479357,,,,,0.0055985194681664975,0.004523272885176071,,,,,,,,,0.004826287009869298,0.0031526600121641445,0.005506779721655754,,,,,,,0.007250191017913234,0.008597769023929138,0.012981388447430459,,,,0.0058337507313233694,0.006073666886940564,0.006031576333323512,,0.008110849682005868,0.005356111823166412,,0.01515517573206337,0.005949870396835471,,,0.014770455169169248,0.02196552704344006,0.016125281029537173,0.020195363981704007,,,,0.04969818484312011,0.029456306123754883,,,0.03602487890797006,0.030383091149273445,0.03294253632760898,0.03440114487010128,0.032804931748128575,0.03624315579890493,,0.03994524639123942,0.0028621204579392734,,0.031184822213845963,0.011785400175901496,0.02970222389747456,0.03311973866063576,0.047349077259931184,0.04598060681889271,,0.04598060681889271,0.05466061933062246,0.038757614298145796,,0.03959435035812304,0.1746435504384497,0.04187027244126113,,,0.038963140351444936,0.037086178440827164,0.06393339934126777,0.028935723089979593,,0.03905918486936491,,,,,,
2023-06-01,1.4841731177167414,0.7287804071737514,2.3787053356833843,1.5874648453194053,1.0547798886091402,0.49858209387117314,,0.5156343409663919,2.557868059288841,1.45830797321972,1.4788205980066444,,,0.9591362126245847,,,0.8569940714629066,,,0.6667774086378737,0.3003615910004018,,,,0.44518272425249167,0.39509966777408634,,,0.35921926910299,0.33538205980066443,,,,,0.2723421926910299,0.38596345514950164,0.2544441901274129,0.37275747508305646,,,,0.3082225913621262,,,,0.28965796631749524,,,0.5608453498130771,,,,,,,,,0.15209785393537012,0.05215019697512328,0.14956334885258546,0.20025345050827845,0.167304884432078,0.23193476404308658,0.23840877159150392,0.2511914928785917,0.10768891705005648,0.40874404253560703,0.3802308603542798,0.3578335491335849,0.10317088625030993,0.09636629108239896,0.4003286929621036,1.0158546017014694,0.4714810518174788,0.05191239465622657,0.05544609830814404,0.04570934651904768,0.042099375881837015,0.07400439806281857,0.050590433577811386,0.06251350561197899,0.1315732607949562,0.12426434137102617,0.12892933863812586,,0.40055632823365783,1.1343746656681288,0.738311757783246,0.5729811320754717,0.08118841006030297,0.1907143207334412,0.2838734869191722,0.12783487397370386,0.045774243555147275,0.025205259229488432,0.06868289602112879,0.04093701555951083,0.03940115978641557,0.021696299759818086,0.06250324705167708,0.07216647284265887,0.04027143353834718,0.11495562029677052,0.021912103809740756,0.28080326752893126,0.1067784561344819,0.04777536171280422,,0.07886593627164004,0.14332608513841263,0.17868194363134565,0.11990884001003597,0.37329829886515503,1.5892359616735,0.27095838901850633,0.10358574761591953,0.08963236460008607,0.08840917842662015,0.05182320027038191,0.039073941942994475,0.05217995418528671,0.12093957715272821,0.06906004731683503,0.20134064365916857,0.33208156521086035,0.0949340944083518,0.38951894551053357,0.039731120207292796,0.36137293927672837,0.05311878027714146,0.07257125690037176,0.22263321942243416,0.08438168913590445,0.06911637688234631,0.08811821698148634,0.03944716795060529,0.08473994883302129,0.03287263995883774,0.089713722183315,0.05223891263023997,0.047336601540726345,0.16867952034530564,0.24837423356725316,0.03840381894321609,0.27683050580988183,0.1380650878271185,0.07889433590121057,0.07713636428602055,0.030585847613875113,0.16277673760487088,0.2414566867237412,0.11409664556147898,0.05598353509511628,0.044035045092686555,0.106278674232138,0.32779739019823634,0.07103348721540155,0.1484733727810651,0.1539171597633136,0.11050887573964496,0.16769230769230767,0.15879289940828403,0.07831952662721894,0.16769230769230767,0.3654201183431952,0.1305932463882668,0.0858692311070127,0.06867782022570589,0.20623106310104072,0.06430861107451807,0.19424318271637467,0.04749044921617705,0.18686602555658016,0.13636762833179644,0.2727352566635929,0.15189039652219735,0.06762394063144953,0.09293900671848242,0.08286128309840601,1.1062099982701954,0.009994869712419809,0.01651384425650101,0.015151894947752952,0.027673473071003516,0.0028425469621846007,0.008698888632489448,0.015444509784947037,0.024622782661773573,0.02003439060883288,0.007671636680338547,0.010799544436090786,0.008963889860725478,0.009961514064749079,0.028769913879333482,0.09705195296299007,0.020273731976871847,0.008548542152627948,0.022949772209068745,0.03512488019641224,,0.006382230702687247,0.008529577809968533,0.009647015231284745,0.007871660999245803,0.006040872534817803,0.004297611805740944,0.012653592940596384,0.016233477316457984,0.6277173913043478,0.4151086956521739,0.5276086956521739,0.48728260869565215,0.009630560914100535,0.0077706449437702696,0.012068458739752553,0.00658380613401769,0.022985893784719047,0.021129682826281873,0.013047816883492196,0.021979365553763428,0.02315385432387238,0.08301696648446241,0.0347727716205969,0.006502766270453705,0.005467107103854728,0.017127862164820984,0.006712605709437811,0.013208602965730738,0.007473743746183029,0.004660090193353129,0.007438394450010079,0.006868293035135696,0.01384112973342118,0.014601515657481867,0.012838563524941561,0.007478256422290214,0.02062292980983583,0.11352012803966341,0.022404684759489406,0.04550206530143173,0.01853581711026273,0.027079065093848623,0.022663411522968017,0.036958065205161296,0.049162368557834554,0.16706249250329855,0.04488425092959098,0.1444964215745072,0.12089080804446045,0.06657070888808925,0.1275438806924953,0.014033825116948544,0.05028987245611931,1.0395239413230002,1.5180736230279546,0.6141156933296429,0.5610849709382785,0.6239136451702186,0.7592582341544423,0.6911707722114586,1.2703570440077498,1.818378079158594,0.7465264323277055,2.535898145585386,0.8765568779407694,0.5317464710766676,0.9174093551065595,0.5852753944090784,0.5682812067533904,0.7676169388319954,0.8497647384445058,0.8155549404926654,0.5636313313036257,0.8076944367561583,1.0541378355936895,0.7796844727373373,0.6658732355383338,1.441018544146139,0.9051203985607528,2.5568779407694433,4.063935787434265,0.5405480210351509,0.6965402712427345,1.4693052864655411,0.15145308607805147,0.5144201494602824,2.4321062828674234,12.169222252975366,4.223415444229173,0.10392004688217686,0.10638769659629062,0.14354498946734878,0.05599569190807292,0.05967340861935157,0.045900185311307164,0.13115922517699607,0.0398308440375691,0.34173622440090595,0.20401982989372316,0.10725881812566325,0.07618036967229992,0.055096060946829915,0.0607124190252942,0.041357682499960406,0.05549836070766745,0.05571376530402141,0.045995216750875076,0.10244705956887405,0.059388314300647796,0.044113594247430186,0.058495018768709314,0.09618448770134787,0.06349050477532985,0.1142562997925147,0.06048117585567892,0.05610972963555443,0.058517192771275164,0.47569570933050354,0.11985681929771767,0.04764242837005243,0.052587230942236725,0.06702250661260434,0.007659534029174652,0.04136401792926494,0.36587104233650636,1.8945594500847365,0.24782298810523148,0.16788570885534632,0.5629218999952484,0.21131507673788746,0.46948115096390364,0.6500772267032778,0.731880327212402,2.4187403466620903,1.0960471368914821,1.1166981293976317,0.535438476059722,1.6671243063897947,1.0257994393913392,0.5816028831302557,1.112750986785653,0.00432465640615106,,0.005347481733504378,0.003391646133605431,0.0045067472021995255,0.011735013599393686,0.005057530848805582,0.0038214460305846924,0.015377239634768515,0.005330256928472767,0.004734360697260108,0.0035060680527439934,0.0051251997257154855,0.004538656326990584,0.003828054396995742,0.014411843142565973,0.04851571976869489,0.021299665849892447,0.06548071384561881,0.01781604438837656,0.014614991694317441,0.01853166233199489,0.03215348332886072,0.07044573133060629,0.028143180436878065,0.02768170718351671,0.032307307746647834,0.05746094406392408,2.5502586844050263,1.520879526977088,1.7664449371766444,1.45269770879527,2.387841832963784,2.4382852919438287,2.9157427937915745,1.3771249076127126,3.2108277900960833,3.034737620103474,4.1548410938654845,19.494641537324465,21.252032520325205,0.6873614190687363,0.501485399608724,0.5312658503007028,1.9615245272081734,1.2099847837113253,0.7033548293601913,1.0180421708571843,1.436924860517354,4.360263749003695,4.290268821099921,1.0117382798347947,,,,,,,,0.004987914346806599,0.01971192416683022,0.003146229517228081,0.005680429161200577,0.00515189703436664,0.004679317005650301,0.0026839791066257616,0.005816866200456569,2.000108683838713,2.781436800347788,1.04097380719487,1.485055972176937,1.4531029235952613,1.7272035648299096,2.2827953483317027,2.4820128246929682,2.2760569503314856,0.03104150923027097,0.011390748137752349,0.01190623987908885,0.016869534707977977,0.0965656374824571,0.12361382252903175,0.12685410670799202,1.3588762366996454,3.3064215045734553,1.2789807728206086,,,,0.0246944059352666,0.02407403890587513,0.03688862723748874,0.05192725247039014,0.031480461603712075,0.01969981832108425,0.030579452346738745,0.0681822500950209,0.09149087799315848,0.06672843025465601,0.08802261497529457,0.06543614595210945,0.06688521474724439,,,,,,,0.028342462010051448,0.03746717834780853,0.05697601197619019,0.068328442263595,0.1165005287107774,0.05752254446517044,0.0661660745898036,0.05064930435919066,0.027083061057183937,0.036001527312904166,0.06729113183635003,0.009484775614987164,0.02728447015240633,0.01681668995548045,0.047066421863321745,0.07042030282688148,0.1185667934660998,,0.0464224945430796,0.11454090255458353,0.047012586723498846,0.224515752023787,0.14572613812380936,0.1228657396692008,0.11227233072800756,0.05252194348994962,0.07812416543521998,0.045863229298342446,0.11539640518322417,0.13186568203984952,0.12821513167061446,0.11495053643583669,0.11411453253448516,0.1940922390971158,0.23076494356973665,0.08033014112903226,,0.11772303427419355,0.1324029737903226,0.08363785282258064,0.22583795362903225,0.20236895161290322,0.0716852095051664,0.0848675570532993,,0.22571053348861414,0.0979012315087841,0.1755581435686498,0.22727160096141932,0.2586393869288606,0.20074800695515238,0.12693153111774547,0.07355401725665169,0.07860358549722646,0.5815178068976605,0.06009325508481389,0.27996623522791225,,,,,,,,,,,,,,,,0.0926079734219269,0.08911960132890365,0.1490033222591362,,0.025565442574175593,0.07727485605664068,,0.029807983691010773,0.08525512253917235,,0.08589795098433105,0.09112093210124547,0.08549618320610687,0.08041504539559013,,0.08194094758525979,0.08041504539559013,0.17547875181200887,0.10498839907192575,0.10440835266821347,0.10160479505027069,0.10411832946635731,0.10692188708430009,,,,,,,,,,,,,,,,,,,0.016855003749793443,0.02572739637223373,0.02056666370072835,0.016130467389508202,0.27758490566037736,0.2499622641509434,0.20950943396226415,0.2531320754716981,0.015678820015150002,,0.015678820015150002,,0.015821744536710165,0.08598203826630221,0.03631393986723936,0.11495509566575556,0.08465443186255368,0.026410977780329564,0.02915255210426595,0.03169317333639547,0.018258023769880005,0.016836998334960097,,0.003476843026531909,,,0.01867903943219557,0.03919526627218935,,0.02693491124260355,,0.07413206262763784,0.07658270932607215,0.0733151803948264,,,0.2647058823529411,,0.47058823529411764,,,0.04897275013024668,0.054363829931818694,0.02754434049878814,0.02518333113775085,0.024502700566460284,0.01918939094541782,0.41711676107671364,0.06046040031544557,,0.022456720117165496,,0.04316722370348116,0.09583117107766823,0.08796056045666839,0.1193565127140633,0.10742086144265697,0.09297699359972322,0.01351755577725528,0.0024648775833170404,0.0021289857906073963,0.0023562558593064587,0.002613605790039221,0.0022004034569261346,0.0033705774198110753,0.0032872062468828856,0.002328437758208711,0.002649172789961152,0.003021165665203495,0.006711918505843205,0.0029526022725117687,0.003117031222873307,0.009222080112639983,0.0045753019565118215,0.007639815055829417,0.0033435931013570267,0.019752960528963942,0.001898332415755858,0.0014350310020848564,0.0030453042596654003,0.0008303324037220553,0.002682033833037001,0.19867146415721007,0.13750345972875727,0.10440077497924162,0.4566841959590368,0.009316248792308789,0.014099497917227616,0.009325751936265583,0.007868603196224084,0.06936978316993206,0.0030258916799418847,,0.006881186561380127,0.0070813873341551105,0.0035578537333154107,,,,,,0.14209713403123392,0.18534408786682682,0.3476917796464733,0.2239574395057491,0.28951432984383046,0.0008112062941078044,0.0023019721581532386,0.0008973303192658624,0.0005848231422637659,0.0004999293578081359,0.0024377826210175988,0.0036817539996438628,0.5609756097560976,0.3181818181818182,0.3309312638580931,0.17252373016448083,0.20418810231142673,0.2202738931961452,0.3199768132744004,0.13803347583508443,,,0.0018765472907133292,0.0007235036687360335,0.0013850296287879571,0.0013462935608603884,0.35724377785023365,0.2380176067818715,0.36778611020541246,0.6000434735354853,0.2499728290403217,0.012498238975989695,0.042596655060679854,0.013574979370861594,0.005460098029626249,0.0030001195483246937,,0.001111799419647224,0.006823709509159848,0.005000310302944332,,,,,,,,,0.004825780259245896,0.0033256194419045435,0.005623847082366682,,,,,,,0.005178315738692642,0.008595311093823882,0.012980673896795253,,,,0.010496803090915307,0.006159361888154585,0.006130054853000797,,0.007917783997381906,,,0.015061904916647708,0.005788353426705228,,,0.013966584619974642,0.019807294530411333,0.01620715837980782,0.020815332652580315,,,,0.03393451670909965,0.023679384692078982,,,0.03413682597185453,0.030207607635502298,0.03271561933955692,,0.03279921972969207,0.036227318548387094,,0.04007056451612903,0.0028666834677419355,,,0.011472606982679585,0.02896647421760785,0.032361176499739824,0.0472895496421652,0.04598473765371081,,0.04598473765371081,0.062907753746392,0.04142567958357433,,,0.18627096587622904,0.044751301330248704,,,0.03910632853252846,0.0363177061120042,0.06379130155157167,0.0263083849184018,,0.030388294879009566,,,,,,
2023-07-01,1.6677022048716117,0.6583548688623742,2.246671826625387,1.598522994293387,1.108072595877474,0.7222865564796295,,0.6045023648853216,2.1683275563258233,1.3006211180124225,1.4541582778380053,,,0.8767229363481494,,,0.8530185758513932,,,0.5864952764441691,0.3653910708291373,,,,0.4818026947498839,0.3751742295183522,,,0.35116927365649686,0.31554901657116313,,,,,0.2809354189251975,0.43549636053895,0.2639402151597274,0.32855815394145893,,,,0.2529038253058696,,,,0.3747762922412886,,,0.6033505789603351,,,,,,,,,0.14917248584153514,0.054214548853576724,0.15681530763732335,0.19951063946775166,0.1936548083796118,0.23442568867872654,0.2568592951008963,0.2568318029361632,0.10348050805520427,0.4012756364436136,0.3753505251003464,0.3806565128938253,0.09443558585803047,0.09971408148677627,0.3482277843104317,0.8379808499916008,0.39232319838736773,0.05270829760650678,0.04647345598863274,0.06685612092407947,0.043362159778534505,0.06885274014552047,0.061552218329699405,0.06944070163404296,0.13875891129131043,0.11571817045983487,0.13035596168450966,,0.44075682382133996,1.060277088502895,0.7033705541770058,0.5271353684859698,0.09464201043148411,0.2273589378852537,0.30069483268109576,0.1279567918234952,0.048731601334190154,0.03320175035955812,0.07133021206279261,0.045273723186144005,0.039520793169925635,0.021372166021904192,0.05954489142909259,0.07259088110782608,0.04195769648788125,0.1198688180705768,0.02009530830793552,0.20428830052047975,0.09075605650296421,0.04647588377369538,0.11285954768352485,0.06685940130278856,0.12561296933323576,0.16431237649125374,0.14107443460440605,0.3544045591235043,1.546043362143293,0.2941559943641831,0.10462010808992073,0.08201375307551574,0.08106744054002901,0.047243951576310866,0.04519302321360509,0.051037261556890576,0.1065393760095831,0.06582935550029947,0.20320525618454724,0.2994899903806015,0.08230938163602373,0.33502731546182185,0.04577381708622973,0.366299435540955,0.05016607074795361,0.07274443254623664,0.21908633863912733,0.08027660308183748,0.06996751184275005,0.08501370310543224,0.03847709928988965,0.0808605030762148,0.04269032771104508,0.09758785697345108,0.055232355362100485,0.041211512437394494,0.16894766947083525,0.25420276510554,0.03793300687788614,0.2546771020801072,0.13762747806191494,0.08712454135799887,0.0729083832084711,0.030497077247171416,0.1621255876895604,0.20248608379023145,0.10756288452684887,0.05693438803554738,0.03766793621562801,0.1486627882643452,0.3321893441593773,0.07149932337225687,0.1370437868687353,0.16179080140041247,0.15008872476140234,0.17783319744856363,0.15860150592297734,0.09141048390964462,0.14016114335043883,0.3766486019855163,0.11734478232820947,0.08475518875269727,0.08070651569416948,0.21893978154961852,0.05045269503703869,0.19257891575645675,0.04747180388405668,0.19271238849464997,0.12595377394167243,0.27873556826018286,0.1613685404756079,0.06658065090205326,0.08070651569416948,0.08261962494160568,1.0139994750196868,0.009319767234785205,0.01430783555826169,0.013853295500223031,0.024957302067309242,0.002817130732844081,0.008126667430132292,0.013872453170573774,0.020641848378554532,0.017302393181969203,0.006411697424434576,0.012329969843107812,0.006606805306368858,0.009078297610412667,0.03179878657030577,0.0922382875268521,0.019836157606669996,0.00782432071171278,0.019374770906425094,0.03506888654321566,,0.005750420980975243,0.007690654084548965,0.0075611214767819694,0.007182169698740227,0.004998029450754183,0.003819833922660765,0.011657934699029607,0.014911407964326169,0.4911649560893027,0.38577928261559624,0.5224843931859062,0.5238599090043381,0.005086354876267852,0.004368272874007567,0.006782280952963849,0.0037405738393261278,0.012758943643728846,0.013926805453153156,0.007424213525846682,0.012709837936934039,0.013788028455689574,0.043622236202719746,0.020980235308853547,0.007032663203485662,0.004567645324286033,0.017127716307035485,0.007275274062534093,0.013958516594811638,0.0073210496963168155,0.004606554613001348,0.008696607491487639,0.007086831036795217,0.014341506064127084,0.014050830789606793,0.01235484355795691,0.006675613259980423,0.020702030378236435,0.1031141926589616,0.02280465782332284,0.04748611663173731,0.020702793305466146,0.026124917127029672,0.022242380455025062,0.03633212053334717,0.06852286274660616,0.14267584509479675,0.043256547321462904,0.11686343883398069,0.12131677114179132,0.06264661769795793,0.11027189170480328,0.017759489289697342,0.047686805368611314,0.9841129255466371,1.6642125657348463,0.5874896208137281,0.5494602823138666,0.543481871021312,0.7280929975089953,0.7318571823969001,1.3747024633268752,1.8113479103238308,0.7358427899252699,2.4026570716855797,0.8083587046775532,0.4829781345142541,0.9210628286742318,0.6026570716855798,0.5449211181843343,0.6693052864655411,0.8745640741765845,0.7625242181013009,0.5290893993910877,0.8420703016883476,1.0465541101577636,0.9072239136451701,0.6280099640188209,1.4458898422363686,0.9117630777747024,2.6394132300027677,4.010738998062552,0.5871574868530307,0.6652089676169388,1.5945197896484915,0.14929421533351783,0.47556047605867696,2.3976197066150013,12.235593689454747,3.93097149183504,0.08350600131102086,0.07990697277245752,0.0991001172886481,0.04799793049580197,0.04782714616878012,0.039534060171336864,0.09924327473923995,0.03433016126561232,0.2665466153309072,0.15946986535665042,0.08871994635362904,0.06347400436504647,0.04319085399698114,0.0520138737150363,0.03491283720486333,0.03845158892212486,0.041005819224789845,0.03998111326265876,0.08213721516062518,0.04699833987587998,0.03564620519736892,0.0479024921954074,0.06647277622481246,0.04873129848830755,0.07973618844543566,0.04291207369846018,0.04713898579225091,0.04105102684076622,0.3346368195939854,0.09458437875945279,0.03886599206857493,0.0332426669479585,0.05238558077973091,0.007306053048625814,0.033775112202791314,0.28761838744433815,1.4523398708569104,0.20617435572868398,0.13952577210840786,0.4533846690928087,0.15771179140201375,0.4408402483607033,0.4105495270701561,0.7319097081181454,2.5386177682353623,1.1153600649915858,1.0922068125108801,0.5386757964370684,1.7047525097197236,1.0331921313758488,0.5789473684210525,1.1584169906574595,0.005022504129951938,,0.004343989739497899,0.003391739929719055,0.004081486624613473,0.011735262072543213,0.004845283326559283,0.0036762916422086703,0.01439565417981089,0.0045224585767172625,0.004596924595044224,0.0037732222694163904,0.005570806991152688,0.004538620249267944,0.0038169524928914453,0.01441809070965127,0.048891930465488426,0.0213489844497983,0.06538428596021245,0.017816119734093843,0.01386857166601793,0.0192306224575204,0.032904996807192596,0.07033674153863637,0.02807720064144476,0.024461229650622918,0.03097150387589011,0.05586946548248706,2.5236511456023654,1.499260901699926,1.7307834441980785,1.4905764966740578,2.139689578713969,2.4068736141906872,2.874538063562454,1.357538802660754,3.267368810051737,2.991869918699187,4.018662232076867,21.715262379896526,20.950849963045084,0.6775683665927569,0.7333692722371967,0.7921293800539083,2.8773045822102428,1.7838274932614555,0.9780053908355795,1.5582749326145553,1.4854986522911051,6.226630727762803,6.259622641509434,1.552021563342318,,,,,,,,0.004606019434345886,0.01882486691659961,0.003146500669510028,0.00585160933445857,0.0053683047359921335,0.004679366473679546,0.0026837157784762237,0.005770403683767732,2.0,2.6831661338330943,1.1695513173850733,1.535001653621431,1.447139234924485,2.088303384411862,2.0535773343622536,2.3567412633667733,2.250578767500827,0.030094553556398892,0.011216687628387689,0.011903702902844818,0.016827768555228773,0.09489022125450083,0.039265912259654354,0.04029376479361888,1.339649057308195,3.259566921784581,1.2709538921037893,0.012454143075158006,0.10829453380798387,0.027058496591489515,0.024694185511403163,0.02407345969027922,0.0368882372456897,0.051881976476631814,0.0284228213058787,0.019531459026744722,0.03397510675413906,0.06868997199096734,0.08715267345732257,0.06617012822128106,0.08338744536300288,0.06560800922650488,0.06659171746736317,,,,,,,0.029285442453018246,0.037458545513854406,0.05922328337652453,0.07581715928791916,0.1483240004107694,0.058498396187093384,0.06796421473574842,0.05777954972424083,0.056438508423793214,0.04604966953013849,0.07169935346768239,0.01136384101428134,0.031984440002161114,0.01837844652151206,0.0448835701550597,0.0755647726815125,0.13322997624129182,,0.04731104059881214,0.1264165417204226,0.04851982286690609,0.21706940037425757,0.15236308407040114,0.11471455373894399,0.1096042169212901,0.0519610470829983,0.08630393996247655,0.04538550880014294,0.11538896426956129,0.1343566259611036,0.12819425599276346,0.11824400723654455,0.12827905924920852,0.19682835820895522,0.25325079149706015,0.08033232145710177,,0.1265377855887522,0.13315226074452788,0.08838472599456783,0.2640677424508708,0.3424189167598658,0.06761498340445708,0.0800379326695116,0.23655761024182076,0.21289710763394973,0.08601232811759127,0.16232811759127547,0.22422949265054526,0.28332047183331494,0.17621119473189087,0.09219190968955784,0.11132996237064909,0.08399082747094717,0.5829219946364024,0.08284426133934471,0.2617863111663881,,,,,,,,,,,,,,,,0.08401734551649373,0.08153941458881835,0.13698311909555524,0.07093077280470808,0.025155330730741738,0.07175454995326332,,0.029169186781767192,0.08769721383014434,,0.08853642161799262,0.09676065793890568,0.08669016448472643,0.0854890367085489,,0.0854890367085489,0.08557115874189045,0.1639155785497249,0.09474214681673106,0.08844280194859734,0.08718293297497061,0.0893667058625903,0.09230640013438603,,,,,,,,,,,,,,,,,,,0.015238001910874837,0.024449398564394032,0.01876577084200985,0.015372743085327913,0.15618254702436019,0.20983657107616405,0.24468085106382978,0.23080481036077707,0.015109027748713012,,0.015109027748713012,0.015374098410971135,0.011704962401819223,0.08513696989058382,0.03657854803929399,0.1158853126747065,0.08649468892261002,0.02636249579240491,0.03494598977936901,0.033308852780072826,0.017855503534379875,0.014565929189999693,,0.0032567472049736647,,,0.017765803014296245,0.03915879334324492,,0.026953143734113474,,0.06166553518895678,0.06296673455532927,0.06002489250961756,,,0.22640494756655016,,0.2347405216456037,0.25302500672223716,,0.04531785586608626,0.053414085336361536,0.025213971778857276,0.024514492914822147,0.02431428380753231,0.019175583387093187,0.4799457210864681,0.057607492240956855,,0.01976514147775741,,0.03622701780496216,0.09283401872429783,0.0881966926240266,0.11908303438621051,0.10718348061947676,0.09283401872429783,0.011307531966208,0.002466049419358997,0.002176025725610449,0.002357502539827377,0.002691623403385645,0.0018860428586980648,0.002780994230179231,0.0027286826966171403,0.0021801185068308967,0.002455607521710492,0.002820779235096171,0.005830345355980411,0.002509349773869139,0.0037079403239721974,0.007915119671956338,0.004575768298990119,0.007613577592073387,0.003350845196940415,0.01715981163404742,0.0023261651233920356,0.001435066119088363,0.003044842573780785,0.0008308277531564207,0.002684740921356698,0.1958483254912815,0.13556601162468862,0.10296152781621921,0.32886797675062274,0.008170020820618691,0.01098796221647918,0.007290983843300357,0.005761459502766455,0.044881116527653246,0.0015331133372040893,,0.0034792706319866536,0.0035880437738400597,0.0018021063771929181,,,,,,0.13114373585562583,0.1805257355074566,0.34938780247200135,0.22398885858527243,0.2895026983113793,0.0008112219873607453,0.0023017903877266687,0.0009002484003326426,0.000584911853450876,0.0005003336971352928,0.002669577082342206,0.003950940160937846,0.5530303030303031,0.31374722838137475,0.3270509977827051,0.2531536388140162,0.3423180592991914,0.3231266846361186,0.46932614555256064,0.2063611859838275,,,0.0018764617562861247,0.0008456738999363016,0.0009356113410240032,0.0013464420791964656,0.33502370190717673,0.22577444603682065,0.3591665747988094,0.6000440965714916,0.25002756035718227,0.003971985344184689,0.011656561071301192,0.004312441230829091,0.030658563809996278,0.01575096118070197,,0.005578293163559193,0.006418212013837677,0.0050152586170716645,,,,,0.001887838192394931,0.008236004614025582,0.010140920290068823,0.003232301905070926,0.004826678367705134,0.0032587845336351545,0.004786018241549871,,,,,,,0.006013569664059743,0.008595112931738091,0.012981637713282196,,,,0.009095033560461834,0.005240774583091294,0.005300136107495241,,0.006406804526740247,,,0.01665856250112558,0.005731445963225098,,,0.01485925985583699,0.020420856224733077,0.01585985280398051,0.019656369855913756,,,,0.034271419637273294,0.02505137139283481,,,0.03307327001356852,0.032988466757123476,0.03262098597919493,,0.032564450474898234,0.006806199073334398,,0.040869148426266176,,,0.02757230915125652,0.01081081081081081,0.027382645803698435,0.029160739687055477,0.047750682857801034,0.037812222331918256,,0.0377793135222299,0.0516010135913384,0.04156101863080146,,,0.18667548598096498,0.043582111490831583,,,0.034630761994355594,0.03224952963311383,0.0608068716234599,0.0256714213533367,,0.027750787049632707,,,,,,
2023-08-01,1.3661377578753915,0.6311702430564544,2.0529595015576323,1.4800694608887837,1.0402851193336535,1.1381284221005474,,0.5169478935835696,2.264101410141014,1.4494404278498563,1.3093691675998507,,,0.8457633445315418,,,0.7771169640328519,,,0.49540873460246365,0.31691530507538085,,,,0.42807017543859655,0.36827174318775663,,1.4777291596544375,0.3346024636058231,0.316461366181411,,,,,0.2526315789473685,0.36483762597984326,0.25636713118692933,0.35796939156401647,,,,0.24307577454273988,,,,0.3832752613240418,0.12823964994951195,,0.6007528431843665,,,,,,,,,0.144436103849041,0.057670903113918155,0.144436103849041,0.17875909196800663,0.16273652059120441,0.21636942510289134,0.2574741801050915,0.23912199415007895,0.09005254575104185,0.36106437501617794,0.3420909585069759,0.3551368001449538,0.08712758522506665,0.08192477933373023,0.39470968952255886,0.9173623487477722,0.43757621236281774,0.05834793844106998,0.0362803668973634,0.052949378909798,0.050314063119651004,0.07248397702414,0.0654607325154473,0.07313640957412784,0.14830687356880604,0.12142921106832631,0.1199452468369814,,0.42407346671039686,1.10003279763857,0.7499726686345249,0.5847094801223242,0.09805278244538895,0.22872393001878027,0.34123858208329844,0.11934693404091813,0.04644250148621805,0.025156959125378808,0.06883002015456668,0.03781518697348007,0.03481375150434266,0.02117925488215742,0.056456657898505395,0.07146679529986358,0.04206833136112514,0.1305463644791486,0.024653858619052286,0.14103718375799046,0.1161882009960724,0.05705146374053529,0.1259262258573916,0.07405757784346277,0.14439000688342712,0.1729562295015589,0.1574077823217395,0.30271953813430574,0.8205522637496202,0.23581358249772108,0.0825167122455181,0.07799680948040111,0.07191962929200851,0.048380521790690786,0.04708345686332642,0.05931292617847614,0.11677290246071748,0.0677809072042692,0.15466572783871926,0.25667061962644533,0.07232063445004448,0.2690668544322562,0.04652757189445598,0.36440112659353696,0.0712088645123036,0.06841091016898904,0.2401978950489179,0.0821227394011266,0.0720241624666469,0.09027571894455974,0.03491468838003491,0.0798960204900799,0.0445990545000446,0.09215438918409215,0.05198975496005199,0.03657122469003657,0.14071638824114072,0.2447723536832448,0.03536067892503536,0.24135734036724135,0.12183187430712183,0.06697503727206698,0.0711036354600711,0.02861985040202862,0.13461268906813462,0.1797724173961798,0.10454018374810455,0.05593995693005594,0.03491468838003491,0.16304140066516304,0.2817513411572818,0.061393784166061394,0.12320935733999211,0.17229596530424496,0.15034827178341437,0.14826740263722785,0.14607701406229465,0.08220528321724274,0.15293293030183552,0.33666272396723174,0.08690943272846166,0.08850335131600458,0.06289847964688573,0.17383930031060976,0.046734510380905675,0.1656653588360307,0.051393657021415726,0.18924717999019125,0.13936570214157268,0.26634788294915807,0.15313879352623835,0.06169282327938532,0.0747711296387118,0.0862350825568089,1.013463782425276,0.009230432844732616,0.014203900396094558,0.012883585202378247,0.023730352953048917,0.0028071414755573496,0.008367760514807837,0.012668254701887866,0.02530095637643545,0.018476197248195683,0.008950830163188395,0.011641483272300636,0.0067636079212144914,0.00989183252754804,0.030897980219402654,0.09119536407588287,0.021527658477924753,0.009265623711198483,0.023098217347829172,0.03643880535244245,,0.005957609373575536,0.00992549008825713,0.008006668123389224,0.006948856014551791,0.005938797393527811,0.004235589661514596,0.012310270328153286,0.014725439151203461,0.17537313432835822,0.1333003350593969,0.16128540968626257,0.21809320743222663,0.005322794078726821,0.004386964729961007,0.0072452670395398485,0.0032274114720256893,0.012676041427739648,0.012565943857296612,0.00749157506572331,0.011944880639412812,0.012930818497803342,0.046720892072622054,0.020819027118584257,0.006732029951405003,0.005337656923708956,0.017128166562132823,0.007214726637064297,0.013083501230573918,0.00790094277169279,0.004498612057884261,0.008719560034832846,0.006558017039646951,0.014925768361577647,0.012918567253342372,0.011826825376529895,0.006649562962789231,0.02062279977696084,0.10631054041601191,0.021972534709901563,0.04636687520474889,0.019891188969699814,0.0276816713713201,0.01998651778222814,0.036678138909211414,0.05792675199594475,0.11674059054619186,0.030718540108984917,0.09736408566721581,0.10078570523381067,0.05238246103155494,0.09706627803827145,0.014377138512229121,0.03961475098213154,0.9749792416274563,1.519014669249931,0.5332410738998062,0.5476335455300305,0.5480763908109604,0.7341821201217824,0.7362302795460836,1.3862717962911708,1.7924162745640742,0.7326321616385275,2.4810406864101853,0.7623027954608359,0.4870190977027401,0.9120398560752836,0.6164406310545253,0.5196789371713257,0.6986991419872681,0.8860780514807638,0.8039856075283698,0.5397176861334071,0.8778854137835593,0.979573761417105,0.8596180459451979,0.6391918073623027,1.3657348463880432,0.9040132853584278,2.6835316911154163,4.202546360365347,0.5921948519236092,0.6709106006089123,1.6962081372820372,0.18754497647384447,0.5063382230833102,2.496374204262386,12.845391641295322,4.650982562967063,0.008903805024136263,0.008434367155964725,0.00823993580011756,0.003919656059189208,0.004806483247248872,0.0037892844550754716,0.010482777811003213,0.0034579754265791417,0.025761278832831323,0.01602194446870318,0.008959356840092596,0.006006602658629836,0.004339547713129421,0.005207106928988014,0.0030881304536806704,0.003835077168228665,0.004120093016761384,0.003993224680320569,0.008277220577493655,0.004741923028705024,0.0034872527349885606,0.005207106928988014,0.006683734253124602,0.005025937943616908,0.0074389386700444825,0.004736167660385224,0.005233631669940136,0.00444439550991187,0.03204438940421678,0.009841930060263711,0.003754251778346252,0.0033583825313060756,0.0034822480668843863,0.0007564555839459255,0.0032375197965902693,0.029503769641132764,0.15566694834606978,0.020943284848942853,0.015403617724432465,0.04416544531912141,0.01737645789109792,0.43166254244115787,0.4106002186798641,0.6692179317488635,2.352074581343155,1.0996719802037176,0.9975254646947114,0.5017551936467745,1.738907751625712,1.0665247165793865,0.5670138689071761,1.2896357253841284,0.004079697882055517,,0.004297936346976882,0.0036980899802554006,0.003905602169018059,0.011603768058304736,0.004504623437573485,0.0026790937451783322,0.01509434584979748,0.005039287049176676,0.004287622619901203,0.003693139391259075,0.005172127853911419,0.004168663958759072,0.00360353541724483,0.013846490232190463,0.050827089167528657,0.021829771846170663,0.06486952426604771,0.018713155216926947,0.014101302654926795,0.01672511374052863,0.0327059733750452,0.07046110115969086,0.02519195028214379,0.024255115170169286,0.027835103564851024,0.05769188720976192,2.265705838876571,1.4754249815225424,1.857538802660754,1.5465631929046564,1.9733924611973392,2.2716186252771617,3.193828529194383,1.5216186252771617,3.2535107169253514,2.9105691056910574,3.9619364375461936,21.67128603104213,19.76478196600148,0.7891722099039172,0.6114551083591332,0.6636029411764707,2.654798761609907,1.6791795665634675,0.7789280185758515,1.38719040247678,1.265479876160991,5.876838235294117,5.640576625386997,1.3986068111455108,,,,,,,,0.004402728661334959,0.018811068431279505,0.0029021034729991373,0.006200361604777062,0.004670728370388586,0.004494948270427726,0.0028345623508466886,0.00613844890947065,0.005000001366568647,0.006549963526282805,0.002793812942443682,0.0031841049480990894,0.0038862479190575924,0.00473078734305984,0.004807315187305998,0.005759540220711769,0.005562754335507362,0.03287503108813893,0.011667513705814293,0.011855394197601617,0.017480995685506984,0.09519999134938743,0.035218876005633476,0.04029286361970173,1.350849355982826,3.2869143177151394,0.8751166697778607,0.012341269352514441,0.10258064317473611,0.028278996440492175,0.02469455505650413,0.02407262754820469,0.0368868813625519,0.05317586326934343,0.02293490350571834,0.019596023060138055,0.0305805788807852,0.0678539506184705,0.10988783914961507,0.050573298605437925,0.08325564408392361,0.057449998558343825,0.06593174238565264,0.008905652126380233,0.02109981414671477,0.05182901497758828,0.024600415436755223,0.17180933639444626,0.058357931562260844,0.028837917008620227,0.037547998298718646,0.060006110235843124,0.08218866251729735,0.15357059419048363,0.0547944384872973,0.06194101825283198,0.05778366170858967,0.056435815566724376,0.03781939965269164,0.06799388075746299,0.012374927644091623,0.029620441577772265,0.017018109650210864,0.04170181096502109,0.07441804487147341,0.11867772573640767,,0.04500762788380709,0.11972352812976743,0.05244870637317476,0.2367196986207541,0.135669262143122,0.13733778272154246,0.11451612903225808,0.052298850574712646,0.08908045977011494,0.0474786800148313,0.09295466680226794,0.10765045384048207,0.10698939767613333,0.1268210826065953,0.11954946479875926,0.21362284203300194,0.2212249879230124,0.08033082992679913,,0.12425135469151061,0.13904997306461325,0.08334125550590994,0.2969547168615521,0.28117374908895015,0.06351870665665445,0.07299350678033482,0.22222713017359427,0.20000883431246966,0.09033084500198772,0.15354035072220504,0.2424135341667035,0.2975839072920083,0.14517063561040616,0.09542847210151224,0.11788052610232341,0.07004029612969731,0.5828882016680724,0.08057351700871522,0.24389466779120983,,,,,,,,,,,,,,,,0.07659574468085106,0.08144830160507653,0.12161254199328107,0.06898096304591265,0.024383299251934876,0.0668599383946367,,0.0279294903320995,0.08335306654037415,,0.07995895492935513,0.09045702107506513,0.08240587260241534,0.0841742751882108,,0.0841742751882108,0.08673714560307545,0.13959634790965883,0.10393021292561673,0.09980302035456337,0.0982084232248382,0.10045961917268549,0.10261701528937248,0.12891282396499495,,,0.11735667003253676,,,,,,,,,,,,,,,0.016080543437935753,0.02573910373677545,0.03276234824546815,0.016182885798718162,0.11192660550458715,0.19587155963302752,0.14678899082568805,0.2110091743119266,0.01394039017801394,,0.014577519528014577,0.014373638136014373,0.011544783822011545,0.09368976787061091,0.03871616525601274,0.12268499120087153,0.09058912260118998,0.01990807197645251,0.03266779764235069,0.019893572288195806,0.01718213058419244,0.01325271506662607,,0.0032560277968298953,,,0.01730518477204037,0.03605379594340036,,0.02486091032549174,,0.04879805528045377,0.04978842171603494,0.046547222472314756,,,0.28774834437086094,0.3470198675496689,0.3029801324503311,,,0.050402613187481016,0.048636432695229416,0.02296034639927074,0.022743992153016184,0.022539643616151708,0.026115743011280036,0.3795774072257643,0.05931292617847614,,0.019196560924992587,,0.0372813519122443,0.0961314065164707,0.09101516919486582,0.12314872991652456,0.11085180863477247,0.0961314065164707,0.012072894854134604,0.0024505722767447923,0.00217809958708614,0.0023563841864924187,0.002692770223108039,0.0024389376755430724,0.002926725210651687,0.0030988018629786326,0.0026878088669250186,0.002646700885176015,0.0027132663530371943,0.0062687305820571335,0.002645253809787729,0.003625563357974201,0.007182128105329515,0.0016238830804182099,0.002558926868376588,0.0011394735134625863,0.005609373902856772,0.0026298647011782188,0.001435228233065328,0.0030452259557659177,0.0008367751321930696,0.003046739111520336,0.19745363963465265,0.1367284804871298,0.10379186271796291,0.3813451425408248,0.0008009971300730756,0.0011040297837808214,0.0007324331770458894,0.0006180765108655098,0.004326035109248151,0.00153347181225174,,0.0034984147808024488,0.0043875952042564045,0.0018031412849385954,,,,,,0.1311503711802958,0.1831731599240375,0.2730620935719629,0.22385912412959658,0.28952063071876616,0.0008114840463144103,0.0023020238832915144,0.0009043075899955198,0.0005849945997325032,0.0005003742294657349,0.0026154014346864464,0.004066066217591308,0.5578344419807835,0.3163340724316334,0.3148558758314856,0.22890866873065016,0.30969427244582043,0.29237616099071206,0.4247291021671826,0.20017414860681115,,,0.0018764309192866272,0.0008741379847807338,0.0008949198685199489,,0.0007751177367218041,0.0006887505982154253,0.0008502790123207097,0.0014321639423209638,0.0006250684992534436,0.003971086630782192,0.01169460896854642,0.004311924835529489,0.017421012353777195,0.014750737946867824,,0.006425604023176998,0.0064866728897503435,,,,0.0014223258142842619,0.0023439404656613815,0.0018890640588242538,0.008449212351122662,0.009930287839785197,0.002705041199147689,0.004714337870078707,0.0032389490178929337,0.004785539885572683,0.00130175389276734,0.0021787002764372394,0.004785331646597636,0.001032344718799294,0.00452451233035031,,0.004323373917651167,0.008596483152273982,0.012981034800220954,0.005000546627309501,0.002273969607521592,,0.010156747064607553,0.007322575047718202,0.007241598704378506,,0.00881485337497831,,,0.01821715041759696,0.006574051103944431,,,0.012947937456748273,0.02019819863799458,,0.018538407088286264,,,,0.03589173155357805,0.027308120133481648,,,0.030052630240776996,0.030001779766596324,,,0.029976354529505984,0.009411541021009603,,0.04049814621161707,,,,0.010159459340076858,0.02577410663015151,0.0274526259993816,0.04264367481285136,0.03381783227986368,,0.03381783227986368,0.03198275610963852,0.04161655916329579,,,0.18665500528406398,0.04383951022193068,,,0.03450373718060142,0.0320991946230952,0.059132227532564904,0.02290319557679693,,0.021497516633867494,,,,,,
2023-09-01,1.3020102146073917,0.5901325886230407,2.3658848614072494,1.3726294208098413,1.2170981661272924,0.8230850938274518,,0.40570649810073367,2.0491757861199615,1.4261571683410008,1.276866472481987,,,0.8237007511881035,,,0.9393603411513859,,,0.5382492718074505,0.27326645676210004,,,,0.3692319484899586,0.38049977004445806,,1.431654676258993,0.35919055649241144,0.3362716541468649,,,,,0.23823394143798862,0.3411007205273647,0.28496943545487236,0.37467422964893454,,,,0.2570136440288211,,,,0.41343089814705536,0.1256137946785429,,0.6340345199568501,,,,,,,,,0.1298211185749868,0.05955166427654918,0.13777140413112937,0.17568621531184742,0.14235036606536342,0.21282109341585528,0.2149596195939316,0.19832943366794978,0.0860693888846957,0.38825571741263487,0.30658917654162576,0.31647671522379045,0.0912018517120789,0.0978690215613757,0.3683118289271858,0.8333483713795904,0.37850762428945234,0.054948116164078284,0.03581957889360912,0.04972491120551571,0.043155280079857,0.06594006082131997,0.06137846182417532,0.07993825011026767,0.13114887294844116,0.10769087912343014,0.10493999117858718,,0.3248632106092924,0.8375220254103682,0.6585365853658537,0.537534089278025,0.09487833594976453,0.2360184458398744,0.3232916972814108,0.13264077303657704,0.04954804637058746,0.03090405234827271,0.07757932765549962,0.046240006964293486,0.0440636652496264,0.02003702140096775,0.06188906569674926,0.07494398077485143,0.05095313870035397,0.1421995258662683,0.02593933686227389,0.16672664644491286,0.08240050915353225,0.04608588222080791,0.12122346598779529,0.07064505260005241,0.14160832615776273,0.19140054659129196,0.14046647448616675,0.3030787317682501,0.8066424188985635,0.21521731143686396,0.08260773724236746,0.08023806899592197,0.07294536904368272,0.049825435533956734,0.05626414498499974,0.06380813698485938,0.1003877261004579,0.05852734258495763,0.14738855067632767,0.22303900068422253,0.0713872173196021,0.2562150213161634,0.049825435533956734,0.3570939841049843,0.08154529026825032,0.06836962051965824,0.22688117335391847,0.08089615607291356,0.06808891384059369,0.08305408866822225,0.0357682942458029,0.08318595412021018,0.0382160707420223,0.07994361143150071,0.05372292707932847,0.03807509932077406,0.15171088043060363,0.19748814558503142,0.036806356529539924,0.23926694860950917,0.1213379469434833,0.07280533128283995,0.0685761886453928,0.04611047033192362,0.14933999743688325,0.18854286812764323,0.11981289247725234,0.06004100986799949,0.04793028322440087,0.1607458669742407,0.2820966295014738,0.06459054209919261,0.13413551006597868,0.1668922348164439,0.1511165623413974,0.16204956860091355,0.1647986804263238,0.08255794281847403,0.14999577059719169,0.3018947724581289,0.07916674917328369,0.08245381279578623,0.06308785964634364,0.17657076097503022,0.04687035900279203,0.17076889566543235,0.05409793865468011,0.18205580087523018,0.1377992514999703,0.25298508940417025,0.15381873626264828,0.06459278034098334,0.0656224629215263,0.09374071800558406,1.057140104066294,0.010111966533701255,0.015888718903583,0.015913451176726226,0.028352017976829395,0.0030544357331882374,0.008065247439593084,0.013849692366456263,0.023707980335635204,0.01869983264955057,0.01124050925098995,0.01281233941638935,0.006764090825403193,0.008231371204628805,0.027436670851203937,0.07276408828469322,0.016666214506450682,0.008922760892078026,0.02237551708722151,0.03593579347069509,,0.006028204243086169,0.00872752686589969,0.00810221208640096,0.006763868689555263,0.005641980408689896,0.0046884461069203395,0.012609571560344292,0.015369727973923527,0.007870824776787319,0.005169135790050025,0.006031376956030012,0.009197239103786533,0.004908040718054949,0.004313457291249737,0.00723932596604465,0.0032279334202934325,0.013402674125324823,0.012628761064058865,0.006588148015816465,0.01225032780502573,0.012911051819445742,0.046415691547573835,0.02097270302944347,0.0054712752566784635,0.0051840058945041645,0.01667478038147617,0.007214627492774408,0.013132522546624621,0.007528211605682231,0.004406989782567062,0.008023075112532108,0.006579418648679072,0.014705559868250815,0.013823284753379619,0.010726915750401664,0.0065743018915919976,0.019896144450438358,0.10923179932955862,0.022091233240793127,0.04413349180660997,0.019722905674775994,0.026139319061966853,0.020405627263251305,0.0386293231115146,0.19919203820985967,0.44355839838407646,0.10158436257285333,0.33383129589496496,0.28299703326530184,0.18126538599112085,0.34546678729985064,0.04995055442169714,0.13615418604161844,1.0012178245225574,1.5722668142817602,0.563465264323277,0.586991419872682,0.5476335455300305,0.7730417935233878,0.7304179352338775,1.453805701632992,1.827843897038472,0.7573207860503737,2.4984223636866867,0.6160531414337116,0.4226958206476612,1.0118461112648767,0.6380846941599778,0.5028508164959867,0.5902020481594243,0.8510932742872959,0.8399114309438139,0.5490174370329366,0.8698034874065873,1.02330473290894,0.8622751176307778,0.6877940769443676,1.4394132300027676,0.8960974259618045,2.683587046775533,4.109659562690285,0.576473844450595,0.7055632438416828,1.4725712704123994,0.1938555217270966,0.5241073899806256,2.687406587323554,13.381732632161638,4.9787434265153605,0.006868931491925963,0.006469417805300267,0.007503568486031225,0.003183765519362894,0.004162074414567456,0.0029261095615832028,0.008495788843594997,0.0027997307838129354,0.020922447516069205,0.012706847280554028,0.007278829791298674,0.004999701197463411,0.0027932648928572475,0.004215760903108623,0.0026137874348145123,0.003134977433060884,0.003339142838388974,0.003463758191353144,0.006867951811478131,0.003823104979617748,0.002833039919039208,0.004220267433168648,0.0055651727519517675,0.004075862535158282,0.0058432060630463556,0.0037970454797054292,0.004213605606123395,0.0035905288413025436,0.02646332419291475,0.008332378144896697,0.00331073210540186,0.0024805508939094245,0.0028906451293717016,0.000614259640790367,0.001859629426073803,0.02388735242338654,0.12616030903040046,0.01697355156694989,0.011908407715571334,0.03338829340645668,0.013996106749900318,0.5254086511731346,0.3760702768820193,0.5935727788279773,2.361558990325809,1.1036917602579783,0.9975536528410985,0.48120760591571216,1.9440676081396642,1.065884576893139,0.5690537084398977,1.1831980429222728,0.004680559674246121,,0.004243712752422587,0.003698052683101039,0.0039057144041503645,0.010671660113962839,0.004553411710686168,0.003169133098009955,0.015094336614468242,0.005037690004496016,0.004509567585320668,0.003953145776136679,0.005207087761589994,0.004077105888566147,0.0034579837907009812,0.013846560094249557,0.0509556986451626,0.02183014767118279,0.06538481850866325,0.018713412280879933,0.014152871158416444,0.01648473522780362,0.03231459852531941,0.06223070829355487,0.027255184741321523,0.024231073916841015,0.028538116227580183,0.05769210456825983,2.216371027346637,1.9680339985218036,2.0384331116038434,1.7272727272727275,2.3553215077605323,2.2900960827790096,3.30580192165558,1.60070214338507,3.367516629711752,3.0482261640798227,3.597376201034738,22.924611973392462,20.244826311899484,0.8167036215816704,0.5851561039446626,0.685829126939615,2.652738829687792,1.606094597120957,0.8285660871190876,1.4026920919798094,1.8141708730603852,5.898392222845391,5.8847448121144135,1.3319312020938494,,,,,,,,0.004271251893849079,0.01710885062288916,0.0029285118508312023,0.006202957039848006,0.004411800384333193,0.0049304912420721865,0.0026879898805086855,0.006138538981709455,0.005,0.006550039609189332,0.002806971217322419,0.0038750990229733297,0.004134407182466332,0.0038090837074201216,0.004718774755743332,0.005374966992342223,0.005344071824663322,0.028868642258406144,0.01149417782415031,0.012647252013962253,0.017471098058317085,0.09299549870132244,0.03529411764705882,0.030075024464499295,1.3981706178831437,3.4020907224192647,0.9057308194885197,0.011996364647836415,0.10455802358219034,0.02165146730488616,0.028105832158561515,0.027398635086310717,0.032040928738808545,0.06024712219805252,0.026233977201646858,0.027816418175198154,0.03480203149944451,0.06785492093265115,0.11004429257240489,0.0659327904320615,0.08291160985393665,0.04610327505037467,0.06884848597401873,0.0072508297736030205,0.01865566403368031,0.045746347968852435,0.03183118006227271,0.16133002855878084,0.05829801620136462,0.029586415251588706,0.037608084175434944,0.06584597932655022,0.07838779502494472,0.1381914782789874,0.05479737472653402,0.06652313319674504,0.05603014202868355,0.07561551550508734,0.03738070512795202,0.06721182662807638,0.012248330760209904,0.02990614351316241,0.01682072502852811,0.04102124702379777,0.07169263269078427,0.10911891558841652,,0.042822582468516134,0.11673336498677338,0.04545660087273056,0.20777091953243346,0.14611748818365966,0.1724510465901418,0.13242017941545287,0.05818462428860808,0.07905855117198803,0.07305874409182983,0.06610169491525424,0.10464259395725865,0.10464259395725865,0.12557111274871038,0.11628592483419307,0.19936133628101202,0.23296487349545567,0.07592688975293145,,0.13911765606343568,0.1164926675443162,0.08691791935829532,0.2707957015583382,0.26393778893549275,0.06926960932591851,0.08588314679945086,0.24231565721199713,0.21809339879470416,0.09207250389743352,0.16522791260441633,0.2643274309514391,0.3110965056413627,0.12956627013369829,0.09008843036109064,0.11085377408148225,0.06738842645485374,0.5150789764793355,0.06867598788604175,0.2088751065411748,,,,,,,,,,,,,,,,0.0844703357350912,0.08562011344473401,0.10524298635597118,0.07327916602790127,0.024454675824590533,0.0695146803532342,,0.02805243163006013,0.08003221791022919,,0.0774694295965439,0.08288789631690709,,0.09789644012944984,,0.09789644012944984,0.10104279036317872,0.16217188061848256,0.10340160606334026,0.09934133357394208,0.10249932328791843,0.10249932328791843,0.10078498601461698,0.12378668493776408,0.11693502340984356,0.12218796391458261,0.12378668493776408,,,,,,,,,,,,,,,0.01578568609698911,0.024177635397079646,0.030770480766998634,0.015924971562550783,0.1389407205396871,0.19018228792880723,0.1356394430888474,0.22075498779962682,0.014827630398564657,,0.01453287197231834,0.014699474561066258,0.012123542227348457,0.10635562086700956,0.043901542983100665,0.13914401175606173,0.10286554004408523,0.020617210510279586,0.037070353873162806,0.02060270156551514,0.017860511005034604,0.014073676421513862,,0.0036250121780924236,,,0.008524664696521937,0.03603451192691592,,0.02489003552698359,,0.058608811886278346,0.05989409284869673,0.053004986890134186,,,0.23039466940030753,,0.24269605330599692,0.26524859046642746,,0.04393989492633822,0.048697600940519496,0.022998640655424517,0.022851032652818754,0.02265301677194511,0.02613809627532128,0.38795271380764734,0.05812382673380235,,0.01993017421358269,,0.036544500780715444,0.10705338215455772,0.10165735209096166,0.13682790518404317,0.12921564848718442,0.10705338215455772,0.012295472934060225,0.002679918454162265,0.0023707650398719577,0.0025615568612625474,0.0035119827863378922,0.002438809915720225,0.002925197921446963,0.003110684872783431,0.0026847518734182084,0.0026795162723316605,0.0027460090203779053,0.0063436911114758,0.0026781015330115273,0.004080463773500205,0.006924095014744467,0.002102667488628601,0.003308952165147703,0.0014228827537946316,0.006510160671342963,0.0026300131427560605,0.0014356158455733471,0.0030452014321072115,0.0008384171969819904,0.003113912170133635,0.2043730971491835,0.14148906725712704,0.1074453362856352,0.31447550512039857,0.0006493322008227356,0.0008946441849597497,0.0005936863513859049,0.0005008126449314762,0.0034318206087538368,0.0015336667309802088,,0.0034982811384341953,0.004399609612104841,0.0018026569473412924,,,,,,0.1311019681974869,0.16668519959968864,0.23913043478260868,0.29172689869898805,0.28950294673635046,0.0008115149022196287,0.00230181658168878,0.0010682023270867412,0.0005847211991926303,0.0004996851577258232,0.0026154252401941864,0.004614978367288903,0.5772357723577236,0.32742054693274203,0.32686622320768666,0.22892129369975694,0.30977752851000184,0.29239110114040007,0.42465881473172556,0.21789119461581602,,,0.001876489667594454,0.0008738267756586746,0.0008913953369691889,0.001346504734727273,0.000775019804594666,0.0006913123844731978,0.0008999207816213361,0.0014224980195405334,0.0006250330076577766,0.003970238742447071,0.011820624737880365,0.004311965081781327,0.018584631634539214,0.013752310536044362,,0.006337470293108001,0.006054548378943498,,,,0.0014217073374252311,0.0023258540542424656,0.0018890741602916612,0.008450260082375533,0.007026760892297487,0.0031102787946219396,0.005284139180118192,0.003250415808174767,0.004899565249844028,0.0013610471915198612,0.002163038967897695,0.00478554453204572,0.0010758610283300011,0.004101248632539892,,0.004968587205887945,0.008598229209518832,0.012982584879717445,0.004421100997969694,0.0020097611634201057,,0.009797339034124174,0.0070364660826220775,0.006977381252920671,,0.00847061603991986,,,0.018025025764138686,0.006384768162237078,,,0.011196197517824137,0.022049546628305956,,0.019891756771097408,,,,0.03891193209221568,0.029786823574804666,,,0.030041758781626137,0.030041758781626137,,,0.030041758781626137,0.01604261702844197,,0.03964730735082509,,,0.028224399097191523,0.01107569164902157,0.028224399097191523,0.029573958163668944,0.049483929971256856,0.04157956623987457,,0.03929318003658217,0.03710478181343088,0.045021360499507064,,,0.1935955015153175,0.04553255194070179,,,0.03571428571428572,0.03021370670596905,0.0592096911666032,0.022994759080935026,,0.021489581633208205,,,,,,
2023-10-01,1.1962800657337782,0.52803645236791,2.135307922634944,1.36417957386587,1.0933656677637278,0.7440758293838863,,0.46122778174147716,2.031427355278093,1.4307160493827162,1.200580572075899,4.889413152462401,,0.7269895213820448,0.3205544087289885,,0.7624018774783523,,,0.47691871990937407,0.28083968865476844,2.0834562076083754,1.8613978177528754,2.2503686228251256,0.3057915604644576,0.3562730104786179,,0.9644851933818105,0.32065986972529026,0.2978617955253469,,,,,0.16503823279524213,0.3334749362786746,0.2610427853802183,0.3334749362786746,,1.6909466234149222,2.0802123267472727,0.24093741149815914,,1.0695959893836628,1.0867000884694782,0.3122696155871511,0.11708293813889767,,0.5746578901784167,,,,1.0147449130050132,,,,,0.11553209501518848,0.046910014441511876,0.1314177580797769,0.1454359842637319,0.12922663213983368,0.19234599870524377,0.19702704048603156,0.19000547781484986,0.08829241571634878,0.34430556247198846,0.2814849858074797,0.3289427817339774,0.08418405457895524,0.09810268412927643,0.3307244266472516,0.8295413178012379,0.3670367673825992,0.05523364924462795,0.03392136623815333,0.04641315567232805,0.047515717368865534,0.06414797785493104,0.06268180538613118,0.0773318006943793,0.12250164211316505,0.11834944168152389,0.11050248662850709,,0.40236245610301163,0.8997552410343727,0.751835692242205,0.4407419050613015,0.07882015934115119,0.1644436487333274,0.27580682078278784,0.12098857036857352,0.04725959960617,0.025684565003353265,0.06720794509210772,0.0470455615644754,0.033889356601646665,0.019791047988806997,0.061601380789329974,0.07215262027097591,0.05036851608994264,0.1128707582781589,0.02380904927233518,0.11330565364169028,0.08597683079744727,0.05288866430857335,0.12059962944247936,0.06570845732038252,0.12591469691014914,0.16791121591525834,0.13974510134186738,0.2501718596139197,0.7416160377533768,0.25503966705683445,0.08970142875722274,0.0800958697954406,0.07054604908682162,0.06601778193729528,0.0644080486663547,0.061394478240524096,0.13048198408984557,0.07915769770706597,0.19397285914833878,0.2468694431445952,0.0847730463266261,0.23022929340196538,0.04408048666354703,0.35627515208235844,0.08656995788488535,0.07258773982218063,0.24391202620496022,0.09662143191389798,0.07013570425830604,0.08370613008890969,0.030222073801970277,0.0825102431380608,0.034062447821005176,0.06520929396200727,0.050746882104370825,0.03665694799439999,0.13955071477195372,0.1873948392565858,0.03267528931245745,0.22596555223037107,0.10682404921843892,0.04997623848851098,0.07391756682122351,0.06654507622949767,0.13757272949124677,0.17362600665322322,0.09740935304468448,0.059866164892045666,0.041152369086915754,0.17019664256264688,0.2697637977317389,0.061715709570109294,0.15323613326443958,0.15123671736346683,0.17916114393547952,0.17143306449801182,0.17354480713499426,0.07716846763866736,0.1765776290072563,0.3354525644193831,0.06818547414139789,0.08334673851845895,0.10482184508968069,0.15911284484838734,0.04594627201801657,0.16639186037159173,0.060323333065229634,0.18275959140995737,0.13001689053325827,0.2549465133113488,0.14608300490629778,0.0625150808332663,0.06818547414139789,0.09470763291241052,1.1708048830953859,0.007992494548088435,0.014480152232044597,0.016055235630290928,0.025619691508442854,0.00209178568250752,0.008374049478718646,0.012964651504203513,0.023811776714952576,0.02120393627636514,0.008239284772161626,0.011955349872116897,0.006652215302389063,0.008945756532765727,0.03318746886463475,0.08199498437570762,0.018756227073049227,0.008536100535696237,0.02094808126410835,0.027930325797648328,,0.006347495030490887,0.008401334186853543,0.0076142987096122095,0.0064108352144469525,0.005786867019305279,0.004063205417607223,0.01074087800276271,0.015402446009231496,0.006058514125941995,0.00529452033032261,0.006800844581420942,0.009459658527990479,0.004841339073957708,0.003793581473946195,0.00699373058581916,0.0032275593826384718,0.013934696400414717,0.011531500911048875,0.006607245768025508,0.011613046466576259,0.012910922787323025,0.042639417202822986,0.020589224885510723,0.004368448593082727,0.003814234030462108,0.01076189029364932,0.005503885128482127,0.008984465112615274,0.005804905220869976,0.0033708623803656123,0.0061751318017881154,0.00434650507232922,0.0108322220909362,0.0104687473625576,0.00848876660533734,0.0045136134226828484,0.01603396181827389,0.08219592750760989,0.016980346482566154,0.033154971895413804,0.013556031936262512,0.020426041895245006,0.016153244546472437,0.02778556116334419,0.21357129263496225,0.4330633735805967,0.10160495654564292,0.30377873168256114,0.27565498720686815,0.19481508109365417,0.3442938402655896,0.05178575204584381,0.13615698547292296,1.0147246055909216,1.6205923055632439,0.5032936617769167,0.6143924716302241,0.5736507057846665,0.7659562690285082,0.7590368115139773,1.2974259618045945,1.8197619706615,0.7961251037918626,2.594353722668143,0.5819540548021035,0.4828120675339053,0.9386659285911984,0.48104068641018544,0.5283144201494603,0.5451978964849156,0.8560199280376417,0.9112648768336562,0.5547190700249099,0.8513700525878771,0.9452532521450318,0.9445889842236368,0.6815942430113479,1.3898145585386106,0.8965956269028508,2.7067810683642404,3.7805701632991973,0.4301688347633545,0.6909493495709935,1.5282037088292277,0.19308054248546916,0.5215056739551619,2.7371159701079435,13.68081926376972,4.506227511763077,0.007128759410421145,0.006343268504957435,0.006620064256435452,0.003158360549304878,0.004115628789959459,0.0031019473108160572,0.008440708807941422,0.0027583926404343155,0.02166522119943134,0.012553995179693732,0.007171313341184338,0.0051490256223463565,0.002795090525679638,0.004450204190547132,0.0025825160733809354,0.003107803356333928,0.0034017768413310326,0.0034086088944352147,0.0069583484858511116,0.003789837457648591,0.0029416868651436653,0.004137491359892842,0.005118574185653431,0.003613765689077948,0.0057924098232430745,0.0037765637544747506,0.0042032742712102555,0.0034294954567822863,0.025744737708697264,0.008259366598404696,0.003025428316049215,0.0024825728965426103,0.002789039278644505,0.0006088335323412802,0.0020000347458700727,0.023291054636709482,0.11217372310391495,0.016463491167424144,0.011805006957958082,0.031950193942467474,0.013874533443973552,0.19718343083600678,0.15833176070956784,0.2423098697867522,0.8817937346669182,0.4621626722023023,0.3047037176825816,0.20444895263257218,0.8333411964521608,0.4500141536138894,0.2372145687865635,0.4750188714851859,0.004777168292036157,,0.004592907230964831,0.003698039382196696,0.00361912757995528,0.011697372837836645,0.004622148660221802,0.0033900029561883273,0.015194727890475223,0.005037537182680421,0.004716682595901874,0.003726479676405531,0.00524222718747922,0.004076993362331456,0.003458054654410918,0.011941924278809841,0.0519402258718013,0.02291869611334254,0.06353267024693042,0.017652817845031792,0.01350560188523178,0.01500150651967825,0.03252612729723837,0.06337099496438653,0.025647578912643906,0.02524502378994625,0.027353334797665017,0.05276819928846545,2.6411677753141167,1.7394678492239468,1.8379526977087954,1.7187730968218773,2.2629342202512936,2.175905395417591,3.2135994087213597,1.592756836659276,3.350886917960089,2.964708056171471,3.3963414634146343,23.063747228381377,20.514042867701406,0.8067257945306725,0.07604121136434593,0.08821729628473306,0.36317202622541367,0.18998438963471745,0.11033406181704651,0.17647205744614425,0.28234779893849515,0.7841148922884795,0.7565657196378396,0.1680299719013425,0.0050001664631313105,0.005851782192883966,0.004318391377499299,0.013067114557031956,0.004176535839512171,0.1279319826820443,0.004401381692240068,0.0033910898198523686,0.015613827694996167,0.002387330256548246,0.004931120023340433,0.003986694139041863,0.003928116303080967,0.0023457588890921266,0.005322646720472613,0.0037625012008264875,0.006347529004272024,0.0026948934754121158,0.0036913804276693775,0.0038524636713498455,0.004031592484338834,0.004662922034117803,0.005425878089441272,0.0049986226984601295,0.01669336530453239,0.007736727922409393,0.007499126837000618,0.010796996319282126,0.059319671690712235,0.033022166718701215,0.03007492975335623,1.5111069628523428,3.385196938585029,0.9012507000186671,0.012592442333124194,0.11303949919567505,0.022775841003118233,0.02810505501619641,0.027399027511616617,0.01900410246546681,0.060007646676627675,0.025236378477654583,0.02609017918086736,0.034801761081230696,0.06785679291150108,0.09340749070311077,0.06593442485267288,0.08303976782273154,0.04706535584805827,0.08005356501290133,0.007390694461189285,0.018025103865857556,0.0495054052347244,0.03245054530771277,0.15616908653542538,0.054986230956331365,0.02972790619219897,0.033630748112560054,0.06574921768667916,0.07372357874899667,0.11784721333597013,0.05753638193176134,0.06521410374230774,0.057873736374952016,0.07561392692204785,0.023265961935256416,0.05162090150906537,0.008920882436236064,0.022459701423526622,0.012249958097571971,0.028586125383623952,0.07130527889825268,0.09825821279895143,,0.04275091871191143,0.13278181953688895,0.048065401968709336,0.2131296974700308,0.1677340346509807,0.189114854148682,0.13721868663548212,0.060508722972837325,0.08172893537572022,0.0756459416594728,0.0712434273865067,0.10400157989582563,0.12012145449159446,0.17761485102076083,0.12962551531758376,0.23612036831321437,0.2325656027055716,0.07532075936125043,,0.12359619704009109,0.13039598781575953,0.07895141687948064,0.26577643764807235,0.24396172425463836,0.07155107858057347,0.09338840978814889,0.2503321496726816,0.19351643838925525,0.0974708312196536,0.17409474116481868,0.23419571466531391,0.2850734389696838,0.11276983094928478,0.07349804941482445,0.10899869960988295,0.0585578997403927,0.5597462430070569,0.06888734505832023,0.2066803173790632,,,,,,,,,,,,,,,,0.07766921551968281,0.07887284055508355,0.09671481166808268,0.06747380345511186,0.024102385339375528,0.06568397988148,,0.027737662467008616,0.08569856120764212,,0.08310401761144745,0.08907933013601699,,0.09587736012471852,,0.09535769963623766,0.09691668110168024,0.16819677810497144,0.10775391336002912,0.09983618492901349,0.1029304696032035,0.1029304696032035,0.1012923188933382,0.11223521972810623,0.1002213088839709,0.11223521972810623,0.11539677521340498,,,,,,,,,,,,,,0.32822176349159543,0.016350755372055926,0.02431500422257671,0.030942103781552033,0.015611804447780804,0.1392643822697265,0.17761710154039612,0.13329141779314682,0.19050613014775228,0.014809201484773365,,0.01451378809869376,0.014719293062923052,0.012086260708735246,0.08804455634393835,0.03631647211413749,0.11497672999160755,0.0862134737163348,0.020176652730411953,0.032633666757038285,0.020162383527632315,0.01747977340505986,0.01378404988513292,,0.00353966779739388,,,0.008326988771121414,0.03810122885449195,,0.026374317615078743,,0.044352178805634246,0.044352178805634246,0.039812191998758295,,,0.2623597209584471,,0.2857142857142857,0.3124052168638156,,0.0451665644798692,0.049012503948126264,0.023131375062705534,,0.0230032976755409,0.027165607657041745,0.39306683825303623,0.06169396350023398,,0.0342536265793168,,0.038802058961160506,0.12331884957583282,0.11452513966480447,0.14618249534450653,0.14845851438030208,0.11452513966480447,0.010368388435235036,0.0017046492278344867,0.0020902246484160968,0.0021464218757073434,0.0033265636488235264,0.002531856082762734,0.0026967277982314283,0.002944752204979986,0.0027870488249664522,0.0025389980121963544,0.0026023381961524207,0.006014622148849433,0.0025376503487079274,0.004150558878664602,0.007639953018411493,0.0021235708469698232,0.0032986960846451054,0.0014863868169443586,0.006326729926447536,0.00201430267429626,0.0010994266551885173,0.00233220239803296,0.0006442392631478261,0.00207563200153042,0.20337669526709107,0.14851923609189038,0.10689177968447272,0.3236645446996955,0.000643579402413979,0.0008869956944401337,0.0005885325745459954,0.000496592659915427,0.0033467300134630484,0.0015328110736046536,,0.0034987155807485724,0.004400285898279657,0.0018031406350621688,,,,,,0.05536421966408756,0.0845442536327609,0.07046140781279486,0.13438856387997736,0.1222164559350821,0.0008111492362379018,0.0023020615608193686,0.0010695152892618261,0.0006024535561984218,0.0004997236005901964,0.002615383484788234,0.004614277887149019,0.5744641537324464,0.3259423503325943,0.4318181818181819,0.030433968154854826,0.04117389946924758,0.04360911645332501,0.056459569153918206,0.029459881361223853,0.0018180668950186993,0.0018180668950186993,0.001686663754151468,0.0008900051850832864,0.0008011936273361218,0.0012104826360177351,0.0007027156989553208,0.0005753352097187068,0.000897767073098886,0.001413127302468687,0.0006249605253171377,0.003971276927880112,0.01365906962222916,0.0043115828910396505,0.019000912893021676,0.013974693756236334,,0.006358406046324014,0.005761118740322907,,,,0.0024108741217851266,0.0036720851362413757,0.0019860457875544276,0.008662807793853795,0.007547917482392124,0.0032691917595610884,0.005256503779944597,0.0032779228499246332,0.003242539399472079,0.001364791266549042,0.0021920064175518224,0.0032853558655316657,0.001137326055457535,0.0036288283342798414,,0.004001763255410302,0.005966791564550851,0.01298391722473425,0.004506754390497351,0.0020495685572070755,,0.008042576436927703,0.007004126755764207,0.007004126755764207,,0.008486080988257946,0.003748099941625583,,0.013128464174868947,0.004684402471376307,,,0.011750371525886818,0.02467146192039247,,0.018580620697010275,,,,0.0378229708297364,0.03085663809198771,,,0.03009207830358686,0.03009207830358686,,,0.03009207830358686,0.011599643087904989,,0.044090951047660074,,,,0.011450105080078266,0.029205014856148993,0.031065053023165926,0.0508160237388724,0.04272322632856757,,0.04043026706231454,0.038103587806851906,0.0443166196367846,,,0.19086896751320453,0.04500397945155922,,,0.034876462938881664,0.030715214564369313,0.059398881129108926,0.024443306885078064,,0.021061099126110643,,,,,,
2023-11-01,1.2190909323181482,0.5122256572727969,1.983901817022633,1.3477237048665618,0.8917067601728778,0.750521576809048,,0.45713799267898186,1.9398331447963801,1.3415178571428572,1.1835429075667327,4.243125,,0.6801235384954776,0.3275,,0.7001912655403251,,0.329375,0.47577027722626664,0.264756671899529,1.694375,1.9790625,2.244375,0.3350246341642768,0.3215677623354658,0.6349086326402017,0.8559077809798271,0.2981836899772042,0.29950731671446423,,,,,0.18089565409221267,0.3551731744981248,0.23175405691918782,0.3350246341642768,,2.0025,2.1325,0.2610486065151849,,1.2175,2.8478125,0.320412869221478,0.1158279760585236,,0.4973497512843513,,,,0.804375,,,,,0.10010475484810548,0.03661309691100948,0.13140345946498377,0.1641329620072051,0.13038146094688163,0.19254452081044482,0.21405758961649507,0.1833465341475255,0.07570454022841668,0.31140294846572475,0.27938884488617494,0.2910396279925394,0.08321622933646747,0.09775415825647053,0.3429138795986622,0.7820861204013377,0.3961120401337792,0.04727937275246124,0.03223486411601721,0.05371691328184874,0.04619465896362672,0.06234746212344515,0.06089724694924247,0.08058716029004304,0.11879974061192007,0.11622944054707304,0.11000412662854447,,0.36368465788355286,0.871334466638334,0.7262005949851252,0.5218654187510087,0.10258586544446331,0.20788773835794716,0.28233731739707835,0.14388227670033352,0.04751292142823273,0.02846665718304962,0.07332416583685018,0.04896707604280273,0.04258144056143014,0.02032492807581655,0.057831274327297344,0.06461330174310374,0.04872228803520054,0.11141479099678456,0.025055000846166863,0.09814090800287242,0.0877485774033338,0.05497355880401343,0.12532925823899624,0.0634990851145115,0.13152232923813162,0.2097802264090242,0.13184404721211268,0.193368087278981,0.7430895182816503,0.19637770731445153,0.07941455724548108,0.08324823990971139,0.06433062825818239,0.054529108489440946,0.043612278223217074,0.052327394822303364,0.1044896611195714,0.07313358897675358,0.1839164816615599,0.23450085316404604,0.08025246316716511,0.2210337045667211,0.044529658917857734,0.3375227051721924,0.08206887694255362,0.06293231565234941,0.2312716731189109,0.0763627690218887,0.06854668550355027,0.08526136175990312,0.02788462649155029,0.07177923323052754,0.025262501299511384,0.045257649790345494,0.042288988229314664,0.031765833824259855,0.12049069549849256,0.16515923346155176,0.028415982257337907,0.18518903558928507,0.08882882258493029,0.04444906492936433,0.06650032920955054,0.05894583636552656,0.11432234813043628,0.15789352092502107,0.08315717734576243,0.04573124949463447,0.03104965866167654,0.1080384886393827,0.2131545205669335,0.052627323237573784,0.11457067426559947,0.11647739177806647,0.12927963793320205,0.15054687172610318,0.1325063906466077,0.06968947743368395,0.13858274315886518,0.2544315467460085,0.06638340920586748,0.0582701062215478,0.09990895295902884,0.1493373798684876,0.04517956499747091,0.151704602933738,0.05379868487607486,0.1816691957511381,0.13642893272635306,0.23437531613555893,0.15109762266059687,0.057157309054122404,0.06638340920586748,0.10140617096611027,1.0204634366536263,0.006974650934904735,0.012189011710141842,0.01271369937318299,0.024598244439419267,0.0020204170010626773,0.008270272317539674,0.012765216073930993,0.025227436276180737,0.02340946104609325,0.008121804340415862,0.008624777487406735,0.008353596182252017,0.009559405677453288,0.03058758032614443,0.0878894611538989,0.017560547099026717,0.00810504803254413,0.020871983361284,0.0303480987736564,,0.0052944890062859955,0.0071496903479180305,0.009825982888769255,0.006235645428032518,0.0049626958644631465,0.003564516982773868,0.011102805524033055,0.013032886251757407,0.006122878603965762,0.005987013704438602,0.006294576004467118,0.008999929828018926,0.004841277094043614,0.003801330536528831,0.006522335119236106,0.0032275180626957427,0.013439963276001674,0.012867567623091629,0.006471329566006498,0.01179503418434682,0.012910780661244492,0.04384919074730928,0.02081876664321828,0.005166153899436052,0.003800442153506924,0.010766957395103987,0.005092269240315626,0.009880341485658872,0.005785515143469,0.003340394705702395,0.00550209820887424,0.0052204129459776155,0.010567237925919085,0.010608798046674325,0.0077584664315441315,0.004495419728358433,0.01696345595493036,0.08547589224384246,0.01683242612977148,0.033545944136271016,0.013214963952367485,0.019196157997725737,0.015779569737305404,0.027706747170159834,0.21269619201678835,0.4961089494163424,0.10359375683119836,0.3037861233769073,0.27786035937568315,0.1939841734796485,0.3418222358238972,0.05178594849822936,0.13616491059327593,1.0145031829504567,1.571270412399668,0.4404096318848602,0.5405480210351509,0.5185718239690008,0.5375588153888735,0.73141433711597,1.2519789648491557,1.765513423747578,0.7634099086631607,2.509604207030169,0.7677830058123443,0.43609189039579294,0.9836700802657071,0.4262939385552173,0.4585662884029892,0.529144755051204,0.8056462773318571,0.8670910600608911,0.4472183780791586,0.8070855244948797,0.8988652089676169,0.8938278438970384,0.6291724328812621,1.306504290063659,0.8642125657348464,2.6452255743149737,3.8680874619429835,0.4566841959590368,0.6683642402435649,1.3377802380293384,0.18427899252698587,0.3884306670357044,2.4916689731525046,12.106559645723776,4.464821477996125,0.007195966503084889,0.007141998760547535,0.006672940834702423,0.00313995962249865,0.00417236855594559,0.0030599108147945447,0.007312930049178858,0.002742323690494796,0.021776686296346305,0.013090487854348888,0.007111704600238462,0.00535544579662507,0.0025079953511504462,0.0044060950245553235,0.002578815474257086,0.0029937050339866374,0.0032908285533093965,0.0033443950486903395,0.0063368963412077425,0.0037925881224020502,0.0024726856013862287,0.004113585847531297,0.005044679873984318,0.0033929459546161384,0.005484647380989592,0.0034756028688369195,0.0041803934990738215,0.0033660623951365636,0.026697180175421248,0.008611967718061279,0.0030274097951252083,0.002468071259087496,0.002809933836350144,0.00040225027430258736,0.0019197670198511012,0.02372092939273851,0.11310715967369779,0.016364062779932586,0.011938908515447716,0.035566547944320535,0.013793272248803732,0.002779561602398698,0.0021453414991796245,0.0032778537169508505,0.012083003597450256,0.005781249430179926,0.004196196469651756,0.0027881814260702588,0.011161013996272921,0.006042164862084479,0.003225140179882459,0.006461552436873882,0.009132059972529638,,0.007471969378121942,0.006973005177827249,0.0068504114697736235,0.020686321743672954,0.008604985113063414,0.006392832406592574,0.027427413983335064,0.009385055905073427,0.008731483079335307,0.007072954188214918,0.010201826724335164,0.005366137368727161,0.0034575583863939675,0.007869828329187246,0.05306963823100644,0.022279135374046872,0.06300336554816566,0.016577878210544707,0.014673519880538657,0.01551342969363973,0.03116360852267883,0.06807068073213123,0.025384691356357274,0.02617564160246351,0.028846470395078382,0.053200478453147806,16.623465211459752,11.281036834924965,12.80900409276944,12.092769440654843,16.162346521145974,16.834924965893588,22.4924965893588,11.562073669849932,26.765347885402456,21.054570259208734,26.287858117326056,138.7080491132333,153.68349249658937,5.762619372442019,0.07286529474037542,0.09411552066926593,0.33672441839448475,0.18998683157323967,0.11026620878411525,0.17646982881045212,0.28234656200779773,0.7744842366185545,0.7581915360582508,0.16752304474683052,0.0047730613584544635,0.005053888356553519,0.004375514080506067,0.013227300773695837,0.004171502993077091,0.12765008656754087,0.004401451920472587,0.0036314693483671086,0.014241063928706775,0.0024816668424774476,0.0053047972901698335,0.004421836480346308,0.003940114941181527,0.0023496134116277345,0.005335271158827459,0.003762607065580746,0.006276132835529765,0.002728335929070399,0.004050117980982031,0.003675091815568332,0.003179629302958866,0.004749965638604814,0.0054769732014038645,0.004977944236599536,0.016015987151559,0.008228629549142403,0.007325988121483477,0.011041410532331252,0.05874858771131902,0.02816124748976703,0.025563224949795342,1.4773193951838717,3.2745939891730442,0.8718499159977599,0.012591989309976542,0.11355386383550109,0.02295201356410519,0.028104123473853954,0.027398489312431044,0.032039670704058006,0.05971944373719371,0.025039100862037613,0.03093635955819057,0.03480158585821846,0.06785359406504143,0.08422971916995477,0.06593380090104865,0.08316852696875271,0.04781153226506652,0.08005248077795037,0.008036811003719392,0.019070216688429446,0.0567825651108611,0.03527075835572354,0.17377667732935223,0.06331785200307188,0.028675882554552723,0.0338410289404535,0.07617237999603144,0.07680374247626379,0.11599030708268444,0.058632528997576774,0.05592067682057881,0.057568232245185105,0.07561918620382786,0.023160927613117777,0.056533570278225136,0.009754376565975977,0.02381426830742293,0.013602553255433344,0.03125581881555866,0.07962612050937153,0.0984182776801406,,0.04109805425958626,0.13493249990127443,0.045752260816093966,0.19691524830897164,0.16642799327563665,0.18911234252744746,0.16364692941493889,0.05904572152003819,0.07268123612062347,0.07564908785256212,0.060150567819318615,0.09998724001531198,0.10991450810259028,0.17384203138956233,0.15232869720556333,0.2357024371570754,0.23024116371060352,0.0739209262381119,,0.11158115716148732,0.13321034384045297,0.07331658131619963,0.20433219886128692,0.256528515538026,0.06434460788906586,0.0768762297385927,0.23479808863487303,0.18150941628408132,0.0843249320715825,0.16703363627845966,0.22997282863299917,0.2557147667327621,0.108316765214697,0.07059309561310645,0.10467608252214103,0.059971468285902406,0.47942424464115885,0.053332357890116325,0.19112590533323578,,,,,,,,,,,,,,,,0.07618207221119198,0.07934406941686888,0.09713949555114347,,0.023889215360637726,0.06517795549196455,,0.027593959988758018,0.08281004709576138,,0.08281004709576138,0.08610675039246468,,0.08864062627415803,,0.08652042730163907,0.08839598793117508,0.16048275299681972,0.11935618729096989,0.1110994983277592,0.1145484949832776,0.1145484949832776,0.11047240802675584,0.11516293504766129,0.10430059853690977,0.11427621369984484,0.1176014187541565,0.13396345305608068,0.2,,,,,,,,,,,,0.336875,0.016930967399634497,0.02363968637623062,0.03008901727288805,0.014926604963744622,0.11763756656446668,0.17653703404873325,0.1034371470066161,0.19686945296111022,0.012637026255905556,,0.012637026255905556,0.012787192015802059,0.010511603192755079,0.09774236387782204,0.04072598494909251,0.133244798583444,0.09685701637892873,0.021622646877519087,0.033271689822498306,0.021606840849099848,0.01873014367679833,0.014762830543569317,,0.0034227449653071586,,,0.008550516161787106,0.03436282110380086,,0.023823492435988768,,0.044163408601292586,0.04424319795739248,0.038258996249900264,,,0.21852132223063334,,0.2528387585162755,0.26015644713600805,,0.0421346804965873,0.04571756149119507,0.0173053152039555,,0.022539200809307033,0.025978755690440062,0.38703085483055133,0.05851054070418143,,0.03251197181806506,,0.03678696585509055,0.11094392617113051,0.10161500652021267,0.08706991674189989,0.13923161801584916,0.10753335339552614,0.00808019001083369,0.0016139688113829141,0.0023928713421510423,0.0020204170010626773,0.0027535017359032682,0.0025921296822330794,0.0027542324735825474,0.0029784494186266713,0.0028496761731621406,0.002353536566315379,0.0024116326417318312,0.005415845252711473,0.0023522455424172355,0.0039948793494972625,0.008025140078096352,0.002187797565084576,0.003346537768326407,0.0016942823075380552,0.005799704851459112,0.0019989263635471566,0.0010909531698250433,0.002314667836507103,0.0006407185283099461,0.002097631650340851,0.19673401605314142,0.14364793800166067,0.10340437309714919,0.3278715748685303,0.0006397885908982299,0.0008817406262143997,0.0005850183540480522,0.0002925091770240261,0.0008648882456451142,0.0015333922499312315,,0.0034984168602915783,0.004399723755289325,0.0018026137899954933,,,,,,0.0008155679320015264,0.0011540617769501276,0.0011543933086298028,0.001325463655342318,0.001661636778533191,0.001529688369917534,0.004340754287070737,0.002024748311993959,0.0011369199931597397,0.0004997252355335031,0.002615116181896609,0.00461486125449605,4.102319236016371,2.3274215552523874,2.8472032742155524,0.03042939399416458,0.04117069895943608,0.044217511425546745,0.05645640217924552,0.028544501536316453,0.0018181428207301204,0.0022775418709063727,0.0016870021136362748,0.000889993241052208,0.000800915778822224,0.0012103595525810977,0.0007028654248645914,0.0006043764757910597,0.0007596543175058758,0.001404633479823071,0.0006249521615306554,0.0033744115355492884,0.011497690036981355,0.0036652144808893084,0.019025645527670172,0.012954448187694097,,0.00621934223665873,0.006038568370297294,,,,0.002410494579177121,0.003671540354394782,0.001986497668059816,0.008885594315560519,0.007767173369877088,0.003777921915360894,0.0052522460262612305,0.002801952441429683,0.003865670156792284,0.0013693605000242987,0.0020716770472605736,0.00235699314457531,0.0012024035529692469,0.0036064268234755575,,0.0039172498396855045,0.0058614739582545,0.01275977416864698,0.004900389578820336,0.002228623179832251,,0.007721685414362335,0.006552997892188576,0.006552997892188576,,0.007919944904731097,0.004044178897748915,,0.014353895053884272,0.0050307233461497,,,0.01144809574770989,0.018262292983146015,0.011412790006492854,0.013552688132710263,0.011111009501513475,,,0.03783492103023888,0.030716227715169252,,,0.0301390838330994,0.0301390838330994,,,0.030164603802475435,0.012341359457998028,,0.04421260218200325,,,,0.010728005246884663,0.028295699428464348,0.029490302632811768,0.05111664270939242,0.04315815306945272,,0.040774112120043476,0.038355011744907616,0.044371282128025734,,,0.19091623330465038,0.04500729544689288,,,0.03346329623796122,0.029564409099124684,0.0574840880825225,0.02366669105274709,,0.020411149315970444,,,,,,
2023-12-01,1.2919290526605254,0.5579540767221229,1.7004660131769243,1.4124130383803641,0.797997883942378,0.9048623006983793,,0.4836268682939833,2.101258054617981,1.2022562449637388,1.109151973131822,3.9541519717858287,,0.7265857568124571,0.3305546649567169,,0.7155712678772297,,0.588329592818211,0.4814136325471338,0.26889705307590084,1.2891952548893877,1.481243988457839,1.3905097787752483,0.2999771009846577,0.3310434317990993,0.5536518259129566,0.8476202189152626,0.2897488741317457,0.3401267078848943,,,,,0.17975727043737122,0.3654682848637509,0.24269553186294457,0.31974658423021146,,1.1622314844501442,1.3279897403013787,0.22502099076406384,,0.7819814042962487,2.86790638025008,0.3541968638819344,0.1306112409297749,,0.5157483519166598,,,,0.8111574222507214,,,,,0.12261790182868144,0.04012099546267015,0.12421284201842432,0.17390347861955177,0.12421284201842432,0.1986250515605665,0.24842568403684864,0.1989000412484532,0.0875017186855493,0.3664512580778221,0.29665887529217655,0.31079334524955315,0.09220404234841194,0.09311150831843806,0.3121946636602781,0.6960729049229614,0.29753851935362646,0.05536277022304514,0.033229924098439056,0.05538729415226908,0.04430247814304809,0.06433852831900727,0.06734270964893996,0.09406153053842287,0.11784974188564493,0.11984844211739605,0.11631699630914866,,0.3456541444254205,0.7745996575687379,0.6824453620707019,0.5439445250766005,0.10498644086557087,0.19248436548785214,0.3660300925925926,0.1326193426565174,0.047766566353926954,0.025638756122027498,0.07963061308786215,0.040051336519738,0.03156900926417655,0.025695361928307632,0.062304603189137574,0.06724484501244872,0.04626734862061298,0.11631151865562635,0.019931019747886337,0.09993562922433215,0.0763316533254274,0.053562605000494125,0.1221464571597984,0.06253582369799388,0.12760154165431367,0.2120367625259413,0.11963632770036566,0.2197853116070739,0.6871186964244342,0.1895706232141478,0.10942929955981157,0.07666615182639586,0.06627924936288515,0.051462210406380555,0.051462210406380555,0.060045575389289785,0.12009115077857957,0.07468666919863273,0.18872009115077856,0.24876566654006835,0.07998480820357007,0.23676414736042536,0.04973414356247626,0.330725408279529,0.08235852639574628,0.06733763767565515,0.23731484998101024,0.06610330421572351,0.0703380174705659,0.08921382453475123,0.03358204096514186,0.07647434144562938,0.03294399520814615,0.05881740172142141,0.04924671536648567,0.033829446462752454,0.13550008463872287,0.1530658749690743,0.03681133377605896,0.19933070302225347,0.0889357657200151,0.04198080654192221,0.0688177923616808,0.044702267015638626,0.12477049884761122,0.17823612901545632,0.07411747854733909,0.05175983436853002,0.03433727879995312,0.12772634347695874,0.23470968918056695,0.0552365326770577,0.10832503606770569,0.11196228638774308,0.12456058358563794,0.1307174933452543,0.10281836100217423,0.06748216934549814,0.1334403511267348,0.24843029280881068,0.06327865552983798,0.06963872396095401,0.073160913756667,0.15749220086545235,0.041360571601086846,0.1556606621716816,0.06360068431116031,0.17367414712689946,0.13082419241219684,0.23638925228942337,0.14269900372345778,0.05637516353024052,0.07273825098118145,0.08169467646170876,0.83989865969271,0.006514584074862412,0.010229910647813985,0.012193928702599452,0.024925303501057167,0.0019214761474615953,0.008275388314315155,0.012861122772201656,0.025720719001641034,0.02068770751440675,0.010342327214441095,0.012598557417089646,0.008412777162920276,0.009837997365789344,0.028858742104964176,0.07811874556616374,0.016368039124765674,0.008268595224267742,0.020146725245648898,0.029397134768987167,,0.0052945052254917534,0.007288083066177409,0.008411830732089702,0.006234651013195897,0.00501324277376863,0.0032670717193209074,0.012025271952143713,0.012456280616589797,0.004940781399411203,0.0068020449805365445,0.006314140934998833,0.008490132743029673,0.009527251454751532,0.007482583762469801,0.012709564376095106,0.006382906915589255,0.027144580786873627,0.025208193295627446,0.010123495678635613,0.02284712241850157,0.023361804932514715,0.0822057661316406,0.041831313509150383,0.005305883229501743,0.0038298104513696794,0.010764301801735734,0.005884930857489163,0.010468617906593224,0.005216708721442891,0.003970612306199448,0.005546419731502597,0.004939798406944348,0.011722927763368403,0.011470071099069945,0.008560166099254748,0.0047057153232898585,0.017094518525124038,0.08539045821030282,0.016961930111826007,0.037143529304092704,0.013261188027383615,0.020329441139837947,0.015722873789324052,0.029624123581787985,0.22026237460037482,0.6178811597398303,0.10358284643368977,0.4198434571712049,0.27606658582295224,0.2126557160180796,0.340491676772131,0.051791423216844885,0.13614816448021166,1.000941046221976,1.5129809022972598,0.4359258234154442,0.5452532521450318,0.5501245502352615,0.4644339883753114,0.7487406587323553,1.242845280929975,1.7924162745640742,0.7771381123719899,2.5214503182950456,0.7877110434541932,0.4322169941876557,0.9503459728757265,0.4256296706338223,0.45004151674508713,0.5347910323830611,0.8014392471630224,0.8545253252145032,0.44932189316357596,0.815499584832549,1.0622751176307776,0.9664544699695544,0.6558538610572932,1.2983670080265708,0.9081649598671464,2.7236091890395793,3.846720177138112,0.41511209521173537,0.7008580127318018,1.299086631608082,0.18267367838361473,0.3900913368391918,2.4506504290063655,12.48851370052588,4.493883199557155,0.007185890622159033,0.007080381580295904,0.007506042104148297,0.002968951950900441,0.004077199596729945,0.003204132410625888,0.007777466127872529,0.0027287376628418298,0.02092260408396506,0.013007211059763825,0.006905003001168452,0.0053761286598197205,0.0025650375654473192,0.004183916757393033,0.0027287376628418298,0.00294015845283474,0.0032746060072901917,0.003186010628626496,0.006458200398316769,0.0039173252088686395,0.0024605352892508236,0.004093307847396071,0.005019733613831672,0.003376289339620115,0.005617752419811618,0.003910076496068882,0.004097334910062603,0.0033517242573542724,0.027481078342678468,0.00827742595792243,0.003012242874565656,0.002019370574132284,0.0017255963526088018,0.0004002900290532436,0.0018911086282032516,0.02337448118848284,0.11597416961464434,0.0158499145960685,0.011682508795608247,0.035033431667491885,0.013725840392606393,0.0027794218454799285,0.0021454247546437944,0.003932387019110197,0.012083061644179166,0.0052736118774138535,0.004420925916637408,0.0027590242597515507,0.009981107154202404,0.006042366788717794,0.0031268495761649197,0.006457675009613617,0.00911225239600258,,0.0077387201420156745,0.006973196431651413,0.006850334601592951,0.020012301934522518,0.00860505355909457,0.006392753042208552,0.027573029938120167,0.008850777219211493,0.008718464479148536,0.0070779440175345884,0.010138463707324219,0.005999816097590878,0.003457535571493764,0.007840542988890932,0.05484633932037843,0.021932065087830428,0.06238463529427791,0.016741930430399746,0.014432933515873502,0.015769631582173725,0.028846284830775726,0.069131129228904,0.02489153163461997,0.02615415789724623,0.02750022136401098,0.054739062915057514,16.705234159779614,11.933884297520661,13.53305785123967,11.849862258953168,14.994490358126722,16.808539944903583,23.5633608815427,10.950413223140496,26.807162534435264,20.022038567493116,26.19559228650138,141.331955922865,154.35537190082644,5.768595041322315,0.0821125825227548,0.09497766839850515,0.3569670690261338,0.1899813794809693,0.11032983059234085,0.18416083961613083,0.2753753401825592,0.777009518600987,0.7563446488795135,0.15882130812401526,0.005027479327616775,0.00615090185724434,0.003863808789762517,0.013653633690802728,0.004259245470589775,0.1318182641436532,0.004401119699588867,0.003560288070059849,0.014953209894251368,0.002465208872860478,0.005304770116120165,0.003560288070059849,0.003649344528702187,0.0024711196997615177,0.005317379880175717,0.0037626346965390013,0.006225862676285302,0.0026215032442278643,0.004099107986066242,0.003518027469612948,0.0032020303506654895,0.0053484310964408265,0.004987607766224114,0.004975156040871544,0.017579020101388274,0.00820166254203947,0.007325619927942411,0.010674676199138412,0.05882264808116702,0.02822665441786849,0.0255619874043985,1.473772633936905,3.246593242486466,0.8643830502146724,0.012592228234136743,0.11149532710280374,0.0158698147237252,0.027842120566001164,0.027141887962783485,0.03174307036247335,0.05911029269238225,0.0240792789300252,0.030635782128319442,0.03447858112037217,0.06785408477017087,0.08725625656793679,0.06593235511617951,0.08316954034172731,0.048461643249134004,0.0836657844549099,0.007707738536195573,0.02156876617917579,0.05729613198045596,0.03319696351725917,0.16707522120210755,0.06167439382715021,0.029001679938382045,0.033847422780449644,0.07390515929090832,0.0767131429403167,0.10260360125419228,0.06103573962774506,0.05547435516444596,0.05907682230861135,0.0756154214704616,0.025546823926781433,0.05311614730878187,0.010211238831989539,0.024818179341904553,0.014058754630638482,0.03501920353018086,0.08190893348273402,0.101232555770602,,0.03386818984499335,0.12819660337046807,0.04554819158909067,0.19695218993219824,0.1336958292603454,0.22032828282828282,0.16004806125773868,0.05744949494949495,0.07121619420006517,0.0755131964809384,0.06507078507078508,0.09534105534105534,0.1103989703989704,0.1627799227799228,0.14967824967824966,0.23256113256113253,0.23256113256113253,0.07247353224254091,,0.12380494064805905,0.13044594161052292,0.07722168752005133,0.20580686557587427,0.22669233237086941,0.06308790139474538,0.06704971966081276,0.23024882998934246,0.17800379963857096,0.0893378434734257,0.15810203419674712,0.2093044807932904,0.2377897856022311,0.11120320855614974,0.07245989304812835,0.10748663101604279,0.049733449150954644,0.41162945173981913,0.050789433345255736,0.17646858447021954,,,,,,,,,,,,,,,,0.07884894282879171,0.08358140599954202,0.10037401725059157,,0.0251065585040561,0.07702461157706587,,,0.08191979989056515,,0.08191979989056515,0.08567185179394982,,0.08496785220151379,0.08806055180271832,0.08415398388540733,0.08496785220151379,0.15479775372344753,0.10691469372416386,0.09761367906801954,0.10644494550920706,0.10080796692972567,0.09958662157083803,0.12581478292952897,0.11905054728815644,0.12581478292952897,0.12987332431435247,0.13194097048524264,0.15657828914457228,,0.12943971985992997,,,,,,,,,,0.18595703751202308,0.018613662280970656,0.02437678564859662,0.03296016087697571,0.016136745429352693,0.1456216739235607,0.20399935494275118,0.10804708917916465,0.21496532817287536,0.0141802414156803,,0.014219305441618812,0.014323476177454848,0.011758271807492478,0.10580632716049383,0.1829668209876543,0.1394675925925926,0.10725308641975308,0.020003540449637106,0.03705670620168761,0.01998878857614917,0.017333451348321236,0.013660234849825927,,0.0034969761185309214,,,0.008738079976977514,0.033040050393188795,,0.022941092800682746,,0.044254908271644675,0.04341004184100418,0.038220148052784036,,,0.24354243542435428,0.2631280158955436,0.2821458983820608,0.28640363326710194,,0.03751254923160089,0.04884547069271758,0.019711946868484053,,0.022038844721747004,0.021757069538089965,0.3591425983697293,0.06002658564375237,,0.0333270034181542,,0.03775161412837068,0.08981693363844394,0.08695652173913045,0.07379862700228833,0.10755148741418764,0.08695652173913045,0.007891523808578434,0.0015371809179692763,0.0023000991226440645,0.0019143858295742832,0.0028488897271220256,0.0025859634393008437,0.0027508300576269892,0.002895851620043506,0.002847002251650574,0.0023529687512207575,0.0028230416450728286,0.0050510048621944205,0.0023529687512207575,0.003638357337624313,0.0076189765558722245,0.0016971470014001768,0.0033857039601323845,0.0017658673427439295,0.00643026051145114,0.002014053198460801,0.0010994278164624355,0.0023320307206180263,0.0007814502943052104,0.0021331481006709794,0.19507334624965403,0.1422640464987545,0.10251868253528923,0.32510379186271793,0.00063667860757865,0.0008774969550372413,0.0005821119084471466,0.0002911566307902366,0.00063667860757865,0.0015333145419905345,,0.0034990267363422113,0.004400716038706231,0.0018033786047280396,,,,,,0.0008155690424838241,0.0009570145959773286,0.0011586497467021117,0.0016909932955476417,0.0016615672702345722,0.0015302598448948153,0.004340330419565274,0.001859466543384796,0.0011372595038744793,0.0004997718247886825,0.002526955325336984,0.004614588228883576,4.107438016528926,2.329201101928375,2.859504132231405,0.0304308762061018,0.040261989400627626,0.05008008125317395,0.05646053882313111,0.030170449366511715,0.001818203771640851,0.002249863659872132,0.0016869499975568584,0.0005698037132602703,0.0008011140726543079,,0.000662985198772426,0.0006419556181769733,0.0007545745563657786,0.0013959767645270822,0.0006250766126990443,0.003375798293284928,0.011499850579419806,0.0036663383103299426,0.014462383481670872,0.012815436651517001,,0.004772354881238706,0.006421015264465743,,,,0.002410614960070086,0.00367126340611452,0.0019872110181997048,0.008888342351205116,0.007958681751106738,0.003766191178881784,0.0051608838922271765,0.002824604459451283,0.0035270661745499298,0.0012586124430284177,0.001838902350806595,0.0020167841345260637,0.0012483348288579593,0.0035607980172110507,,0.0038106281211705956,0.006126404964940691,0.013333705597523912,0.004700804900989687,0.0021371078500736643,,0.007267197103645703,0.006888313547192052,0.007635556116864528,,0.007972341500378883,0.004184599041185443,,0.0184578611898017,0.00503581935062105,,,0.014861974126515227,0.0196878706652595,0.011581100391329119,0.013505057391824117,,,,0.03679944607363962,0.028958944281524925,,,0.03027027027027027,0.03021879021879022,,,0.03021879021879022,0.01944177093358999,,0.04212383702277832,,,0.026898660859089013,0.010518511653769519,0.026968166442704233,0.029076502479032484,0.04903190803974094,0.044284697026211385,,0.0391644908616188,0.037265606456206975,0.04099703677880425,,,0.1763988147115217,0.041659403869618264,,,0.034385026737967915,0.029839572192513368,0.04956312911961576,0.021341099926762384,,0.01888849147548243,,,,,,
2024-01-01,1.3064048844726446,0.5418891416257632,1.7940519853292936,1.4117383512544803,0.7129834254143645,0.8592081850533808,,0.46523905123057474,2.4298799261083746,1.0458601883986118,0.932894904865279,3.0550119016133297,,0.6036266121823523,0.27929119280613596,,0.6847392760325306,,0.7569426077757206,0.38168816243136255,0.2479091995221028,1.0854271356783918,1.1951864586088334,1.243850833112933,0.27084663516792234,0.2865534414506449,0.5335035874984798,0.651809751720012,0.2649725450134082,0.27972161920572086,,,,,0.14474524326395097,0.3120929638615758,0.21657458563535908,0.24154003320137912,,0.9145728643216079,0.9267389579476328,0.15662112118503385,,0.5625495900555408,0.8413118222692408,0.298932384341637,0.07458370724897796,,0.4458563535911602,,,,0.6331658291457286,,,,,0.12419490003591524,0.03299413384412786,0.11698790853585539,0.15687776846641924,0.11923859691128935,0.1778043816592841,0.2182688854303843,0.17332694840177182,0.06955584819825213,0.31466538968035435,0.30604573207230934,0.28578953669340357,0.08830360349575005,0.08693882437447624,0.29693886062223707,0.68846442572358,0.26449245141379596,0.04685025817555938,0.04122776821572002,0.05498565691336776,0.04071141709695926,0.06146873207114171,0.05608720596672404,0.09100401606425704,0.1216982214572576,0.11375788869764773,0.11110728628800917,,0.3125,0.825,0.6754882812499999,0.3956824886028426,0.1079481246300382,0.20841629446268092,0.26335967451686093,0.10421728448685406,0.04437175084494998,0.023115659739660392,0.06941484668738887,0.03962102805641144,0.03223704749365439,0.025521722490507298,0.05776466692754584,0.07124151246844725,0.04540157473542983,0.1270796871170129,0.019828249773164136,0.13857369627844082,0.07999856504816058,0.052931785976933154,0.1131459525389679,0.05962224892827035,0.11910100267259781,0.20146723825581603,0.11910100267259781,0.2224564914412322,0.6491798592002287,0.170960940571061,0.11337240467426653,0.07415216381374407,0.06400314476646536,0.05695730068677217,0.05654673036727381,0.05973798148701104,0.11714317706778142,0.06729620782323081,0.15859211704986562,0.24094879068378622,0.07927739623768287,0.2323454762615706,0.044976112272320096,0.34420722603762316,0.08261794565541952,0.06712824723798148,0.2581554195282174,0.06630710659898477,0.07056210809196775,0.08045312033442818,0.03272830536952458,0.07092316065977235,0.03055115128854391,0.05122228269872447,0.04712828643774996,0.035094777196677474,0.11420593037839884,0.1432188749792934,0.03423101497976667,0.16475376860638474,0.09819674846770948,0.04363774049269944,0.06874600657879168,0.042560995811344864,0.11457273351160754,0.1659725015973685,0.06820171805854651,0.048027545732068064,0.029225927065338286,0.1073904915161985,0.22260217242113733,0.054310528433159005,0.12291874791874792,0.11515567765567765,0.1443764568764569,0.13322094572094573,0.10947385947385947,0.06547619047619048,0.15295121545121543,0.2547036297036297,0.07448778565799842,0.07086288416075649,0.0709022852639874,0.15443262411347516,0.04911347517730496,0.15246256895193064,0.05478723404255319,0.17962962962962964,0.13626871552403466,0.23650512214342,0.156107171000788,0.05632387706855792,0.07267533490937746,0.09083924349881796,0.8643793494092895,0.008233331386245678,0.011166785154073995,0.014164350344705751,0.02479972303865349,0.0022268034187060038,0.009017965848101142,0.017328576341408157,0.027498846880383603,0.022379484738889715,0.010465273578647646,0.012445542601861617,0.009208658420706933,0.008937801070933863,0.036253850606793606,0.07868417788252807,0.016822499948314,0.008896892983762809,0.020594343451857865,0.03062748513353221,,0.005697006477274369,0.007243092855819892,0.00908604883636311,0.006771516806628861,0.0064207903299324685,0.004425458801461228,0.012161145023427739,0.012534202399389446,0.005051399166755185,0.005986734176020017,0.006938297395224776,0.009587921490870894,0.014508287399378119,0.009938541952247056,0.013082394563146388,0.007429797165021954,0.025343695280501365,0.02720217782743528,0.012049138884717597,0.02474302931277476,0.025145310190243037,0.08603162313445688,0.05167931601229437,0.005300426471095376,0.0037169657328750593,0.014076994700723048,0.005345257664409781,0.011558401250675343,0.005359051877737289,0.003975032473877209,0.005900474750842022,0.005125125010058281,0.011608405273987562,0.011861299184991897,0.008600117250813284,0.0041129746071523,0.01635936224753716,0.08480854781419195,0.017226673410504295,0.036573057602335826,0.013304518754382537,0.020706838481257112,0.01590127941328613,0.027169427425195132,0.2144724052273464,0.5633437736256616,0.10359650070201966,0.45279187817258887,0.2741764769413544,0.27244842855599954,0.3184793174208878,0.029852035857003998,0.18349713791986177,1.0215887074453363,1.5466924993080544,0.47533905341821203,0.5541101577636313,0.5286465541101577,0.6442845280929975,0.7399944644339884,1.3396623304732909,1.8327151951287017,0.8117907556047605,2.6532521450318294,0.8067533905341822,0.40835870467755325,0.9723775256019928,0.4297813451425408,0.48497093827843896,0.5473567672294491,0.8135067810683643,0.8541378355936895,0.5055632438416828,0.8029338499861611,1.1161361749238858,1.0209244395239414,0.6891779684472737,1.2828674231940216,0.9189039579296983,2.7644616662053694,4.063769720453917,0.4950456684195959,0.6789925269858843,1.3068364240243566,0.18649321893163573,0.38920564627733184,2.564350954885137,12.58405756988652,4.594464433988375,0.007262361853395537,0.006912719557544999,0.007624997612943223,0.0032964023658341203,0.004082900660835751,0.003183595476463424,0.007316698156129066,0.0027233118685250474,0.020116441121792658,0.012981257716099513,0.006898544869875384,0.00530999549756796,0.002754023691809216,0.0038238188695410963,0.0027233118685250474,0.0027776481712585765,0.003268052990494888,0.003239900485817733,0.006374868908747889,0.003903945229006845,0.0024748610929826043,0.00409983153777446,0.005020595624313291,0.003286165091406064,0.005606482714657434,0.003875202112343456,0.00408506623811861,0.0028640743919108205,0.027610913485778165,0.00826088985145518,0.002866239969193679,0.002381741269819708,0.0019572881223795286,0.0003994505733562727,0.0022240478694952256,0.02301713345684999,0.11323291748343384,0.014582603681442008,0.012200665540960222,0.039206595482172674,0.012199090575663598,0.0027793174751060425,0.002386858453986637,0.003992074817496727,0.012070244268067201,0.0053073694500463215,0.004863805581435575,0.003020755119985009,0.009284374889436628,0.006000888438117927,0.0031268959570824113,0.006385485175007895,0.009764344056751247,,0.008323804321156258,0.006973539437765134,0.006850086648426517,0.018901393627675647,0.0076502150393274295,0.006392539747940267,0.02821976448294114,0.00898659148391796,0.009410960447269455,0.007102393286637316,0.01013856032443393,0.005912989224997205,0.003117894445343427,0.007936534416116294,0.05455064117856076,0.021538328081235413,0.06538486561691437,0.01869485505711135,0.01654702782416343,0.015679555854351455,0.029449839267453284,0.07388025216742876,0.026407014511805122,0.02730785078814833,0.02710349441064455,0.054612365145643535,16.84885290148448,13.246963562753036,14.222672064777328,11.724696356275302,17.74628879892038,15.805668016194332,23.430499325236166,10.889338731443994,26.941970310391362,20.13495276653171,26.322537112010796,136.90148448043186,137.72739541160593,5.767881241565452,0.07540598808506295,0.09524295500644223,0.3568230236385207,0.12351222748089655,0.09701616298205105,0.16279069767441862,0.29816683463241017,0.7745984768271059,0.7764864968299123,0.16669430659914017,0.004545848850895369,0.006510968591600111,0.004318137458819726,0.013636560789084049,0.00415548646447998,0.13938648044935048,0.004401434483193716,0.0035590101172554662,0.01448697403841291,0.0024591489800322506,0.00538078783103446,0.0036779140239823,0.003753966198090048,0.002442162707642703,0.005129082158352981,0.003762388584068877,0.006187514909674481,0.002554162781115135,0.00409907614235215,0.0033750081325497165,0.0038187742621066554,0.0053750731929474525,0.0047523909696167935,0.00485296350111687,0.018801889825586237,0.007754837794058771,0.007534948019283721,0.009685662748657228,0.06525119559589691,0.03275270142388697,0.025941371949206628,1.504386783647564,3.3138883703565427,0.8823035280940825,0.011851352111092372,0.11258463243620943,0.015786810592005398,0.02810173162247372,0.02739499583145669,0.03203549490671088,0.05965329219092887,0.030478280451927593,0.034035916552470936,0.03535116383812636,0.06785348299611545,0.0692833821882224,0.06593265174805177,0.08405424084268724,0.048864421724935055,0.08732394366197183,0.010201252979985585,0.024523664319639264,0.0594149063961117,0.033182819677247795,0.1683658488005109,0.0625196355639334,0.029000920947090107,0.033849261756929386,0.08506580315498648,0.07400255488547577,0.10232613410177951,0.06752027568996762,0.06633789845815632,0.058714833189744804,0.07561866848875554,0.03380756208616175,0.05066631085611355,0.008192537985556315,0.024610971196023818,0.013923311706723153,0.035155194556098536,0.07432346089196017,0.09777747196036607,,0.034633366451983845,0.11394665039313688,0.043025666113568395,0.1773276779455005,0.11877394636015325,0.1995409527940432,0.13303332610424345,0.05203137424998192,0.0650437359936384,0.06840526277741632,0.09285083848190644,0.09633085361240701,0.14769890303870886,0.17208422645315846,0.15077543815407893,0.23255579372084226,0.2494263018534863,0.07247697771631517,,0.12829619385862903,0.123456014080523,0.07678285193450042,0.1990759656787252,0.21438224848351506,0.0625281151596941,0.06837606837606837,0.22816014394961762,0.17640575798470537,0.09329734592892487,0.15141700404858296,0.19964012595591543,0.23966864645201627,0.10999356292243322,0.07638665379251154,0.10326145263383758,0.06093131850314547,0.4219793760944289,0.042642194694857,0.20186133990531163,,,,,,,,,,,,,,,,0.07099987230238794,0.07348997573745371,0.08574894649470055,,0.02248294026098408,0.06845444750389082,,,0.0799731182795699,,0.0799731182795699,0.08191457586618878,,0.07824585635359116,,0.0755524861878453,0.07361878453038674,0.13646408839779006,0.09416965551755775,0.09024939527900576,0.0894987071482192,0.0904996246559346,0.0928350988406039,0.1041978263037192,0.1041978263037192,0.1041978263037192,0.10738857313790008,0.13048765657302688,0.15639061169889334,,0.12866350480359964,,,,,,,,,,0.1568368156572335,0.017142857142857144,0.023281698221457255,0.0314859437751004,0.015915088927137118,0.12362563689997319,0.15178331992491284,0.14843121480289623,0.18315902386698849,0.013145750999834347,,0.013737368956622571,,0.010897602764039095,0.08833424614662388,0.1515530866129411,0.11548392144589625,0.08763007589390501,0.01878571525524955,0.03755785701681756,0.01877214176156801,0.01627461892416489,0.015310900872775642,,0.003521868697510611,,,0.008793921228826862,0.03454878454878455,,0.024475524475524472,,0.06461285201951908,0.06449526721147628,0.057028631900758416,,,0.229490899498813,0.27802690582959644,0.2920073859140069,0.2645739910313901,,0.03543222670907337,0.046135153486045105,0.019351034556695138,,0.022064617809298658,0.021828211189913318,0.33611111111111114,0.06022320095550911,,0.03344281875186623,,0.03786578083009853,0.09176242110373847,0.08795921670173167,0.07460754167340994,0.13206020391649134,0.08804013594432757,0.009427228548674105,0.0015928126820942494,0.002357875660881917,0.001910520399542387,0.002922056181552152,0.0024838929970190026,0.0030021856302552513,0.002966328907201171,0.003101606544177928,0.0024222457791316433,0.002483984147688686,0.0058296782905565255,0.0024222457791316433,0.0037774048577076855,0.0076374454127653086,0.0017407998908497756,0.0034279992252283197,0.001805364197508305,0.006069044825901738,0.0020139551458163304,0.0010995137539802054,0.002424907751198372,0.0007690273930086329,0.0015162139482487098,0.19911430943814004,0.14536396346526434,0.10467755327982287,0.3318018267367838,0.0006354984971878011,0.0005476941819010107,0.0005809653237921936,0.0002905810972271358,0.003050117167574536,0.0015339795999508433,,0.0034988036115749677,0.004399528673563069,0.0018028959105925559,0.005228837156942922,0.0027100226138722697,0.0009941164200551605,0.06422190731292235,0.0011480761653759432,0.00085436821959884,0.0012625518091771203,0.000876972286758472,0.0013254500830126178,0.001661562733821057,0.0015300430078654856,0.004340908705119124,0.002362577755967785,0.0011373088217820101,0.0004996304903051666,0.0022495883678681707,0.004614283593269084,4.106612685560054,2.329284750337382,3.673414304993252,0.03050172855885392,0.04352651519983671,0.04829759277449642,0.056462003597443515,0.02368954827845744,0.0018182409639979418,0.002250005421699811,0.001686659637953046,0.0005698122283402829,0.0008076200417939512,,0.0007216282448873371,0.0007492789139250937,0.0007568692936609486,0.001387412981718028,0.0006251219882457547,0.0034249213230924977,0.011669490965910342,0.003719271991020929,0.01440761060600766,0.012645972385241707,,0.004353733665790302,0.007176900291752968,,,,0.002409439267795115,0.0030012313686570724,0.0019870049554650666,0.008887710928527255,0.007986571251877374,0.0038647808592149964,0.005014230544402173,0.0029537420572097765,0.0035913339550215787,0.0014018966654997104,0.0018720354919960222,0.0018681628492736473,0.0013012079547179633,0.004142953184396658,,0.003811589711806631,0.006127010425295801,0.01333249972647275,0.0047351226593894446,0.0021540085297916426,,0.007913554087982224,0.006758742286218042,0.008655933103402054,,0.008140392120471617,0.0045766132394883,,0.01845656053505012,0.004983571559617726,,,0.015206770797495358,0.01643896158797871,,0.014892104302376972,0.011865644395764877,,,0.03332610424347575,0.027235596038458758,,0.026964505168799245,0.0302862186357332,0.03033665363762451,,,0.0302862186357332,0.026652418518402114,,0.04208442027846748,,,0.026765632028789923,0.010436347278452541,0.027417903733693204,0.029059829059829057,0.04719575366118821,0.0423354863464859,,0.039233868389077185,0.03546076613161092,0.036323851203501095,0.036323851203501095,,0.16142544545170368,0.038136917786808375,,,0.034652934234524195,0.03223903014697994,0.051154419871587004,0.021872365263635774,,0.021726441403463262,,,,,,
2024-02-01,1.045998442814408,0.463918370692128,1.6963300728101787,1.3580584156335362,0.8723371410929299,0.8342131865663259,,0.434280058574645,2.2287721441661574,1.1597370126863598,0.9351323300467047,2.644521832306456,,0.7136092371562014,0.2831502812751139,,0.6785320291240715,,0.15563889633002947,0.35910742086144265,0.2370245849968481,0.9145459416019288,1.0747388159657112,1.2196624698633807,0.2581084587441619,0.2725739491437468,0.487706517497073,0.6085459700283515,0.24007524649714582,0.2842501297353399,,,,,0.13920601971977167,0.3172029060716139,0.2421271997530102,0.27536325895173847,,0.8896330029466918,0.8497187248861505,0.17948884276076804,,0.4990624162871685,0.7042593088668632,0.275188138829608,0.049007695423248274,,0.4977616548317381,,,,0.5684436110366997,,,,,0.10019259927058148,0.028152276359464,0.11262959472196041,0.14178584600254068,0.10681063803630701,0.1592836946277097,0.15784944474040077,0.15123140597467524,0.05359996721714543,0.27410564274884236,0.23077080686800802,0.25207966233659795,0.06613940908904643,0.07970331516616809,0.2688834154351396,0.6741379310344827,0.2807060755336617,0.048329060934597025,0.03796947390701066,0.05316196702805673,0.04664753886314998,0.06406246325345123,0.060911079231438583,0.09329507772629995,0.12446790997389526,0.1301827332376943,0.10848757084734603,,0.2946446961894954,0.7934088568486098,0.5890834191555099,0.3346819196428571,0.10182584269662921,0.18263443017656497,0.24255779788138868,0.10763002607383011,0.04387264992452312,0.020886510223686015,0.07343213942637573,0.03747770001372307,0.032482503087690406,0.025488579927952504,0.054562798890418346,0.06504775970779343,0.05426573894706893,0.13508696325242983,0.018819375002614963,0.18341163715215034,0.08102690346404079,0.04972744856690698,0.11097239317742218,0.05813258308422718,0.12127659574468085,0.21209776683664497,0.12354492702655179,0.2103597776301528,0.651603090801021,0.15644557882591517,0.11097514072934513,0.0669382189433936,0.06263767001153805,0.055572837563358894,0.0573843986166261,0.06071474317919815,0.11090779337224835,0.06620432212849274,0.1623634467236363,0.22199857270947318,0.07429230178045344,0.21890610990137055,0.04389833299785906,0.3186517594100532,0.08505187652107082,0.06622262072499038,0.22790901937821367,0.07134622774433201,0.06922359055060476,0.08424673827517429,0.03700361010830325,0.07517298435619735,0.03237815884476534,0.04770858403529884,0.04807210188527878,0.032954773365423184,0.12604041315683914,0.1471244484556759,0.036276574408343365,0.19949608904933816,0.09047833935018051,0.043371440032089856,0.07590002005615724,0.045101283594063374,0.10881718812675492,0.17346068993180905,0.0695071199358203,0.05100531488166867,0.03700361010830325,0.11890794223826714,0.24749298034496592,0.050742077817890086,0.11260617905735548,0.09806058783732992,0.1386905209351274,0.12484026159512893,0.08881455310832143,0.04807186348943847,0.15652484402014585,0.2267721566563933,0.07208872458410351,0.075766526287707,0.07912037654591536,0.14943689616403377,0.05373782800083846,0.16626331535720412,0.052308630447624675,0.13735541284753322,0.12304438134801912,0.20561388798902377,0.1398708005411895,0.053947443641976484,0.059778569659088746,0.07031651961811841,0.9802275694833054,0.009055457806049943,0.011421183821704902,0.013657203762604047,0.025690261893483116,0.0019413615754212627,0.007930093249028944,0.014163629953614112,0.024501540294757457,0.0221984109023002,0.00995918719238366,0.014072797978911585,0.009705165568215582,0.008937900962374278,0.04021409630975768,0.08252188300390968,0.01709567299681878,0.008436613309951357,0.02080500678510646,0.029372944736203287,,0.005779610721927369,0.007424485015062539,0.009178133253388905,0.006915104588801325,0.006486641365670147,0.004479629425739895,0.013462765484700679,0.01367102779439602,0.007122047058665214,0.006454250015138975,0.006984114168062817,0.009695672944295297,0.013293067169029756,0.008117956175430478,0.012751870090667724,0.0074294102742065195,0.02587968624340373,0.02541009793876899,0.012085357658282931,0.023519350894007997,0.02563318681076555,0.08584101750559099,0.043832832071917245,0.00489372886857655,0.003734929722307602,0.015118393422938706,0.005429752469701453,0.01049870877487296,0.0056543882982543325,0.003975077487870527,0.0058715554163949685,0.004767335307753958,0.011600056302586184,0.011852268908045811,0.00881192925407691,0.004125600728486523,0.016516765818585025,0.08083327827553222,0.018496548594015262,0.036709286192365256,0.01294844579008902,0.020832531404490994,0.015530321527983245,0.029419824830015026,0.19920112274641047,0.5577674619453741,0.10558134513656484,0.36497894850480406,0.3212134297743712,0.2972039296124366,0.3117348591169168,0.029860736262549932,0.20600237504048366,1.021311929144755,1.5844450595073347,0.4944921118184334,0.48657625242181013,0.49786880708552445,0.6350954885137006,0.7402712427345696,1.2691392194851925,1.8732355383337944,0.8553003044561306,2.5918627179629117,0.7569886520896761,0.4140049820094105,0.9220038748962082,0.44672017713811235,0.476224743980072,0.5228895654580681,0.8156656518128979,0.8621644063105453,0.5589261001937448,0.8261278715748686,1.0725159147522834,1.0214226404649875,0.698422363686687,1.3021865485745918,0.9101577636313312,2.909216717409355,4.023636866869637,0.5285911984500414,0.7810130085801273,1.3209521173539993,0.186548574591752,0.41096042070301686,2.5535566011624686,12.93567672294492,4.168945474674786,0.007439355497249599,0.006912555299753641,0.007693604976205436,0.003285564474184724,0.004254546234539634,0.003094877364967846,0.007440142647339245,0.0029161942946180773,0.020043793095237485,0.01443003544340066,0.006989892796061415,0.005345929833834584,0.002754041376150887,0.0038481800007596,0.0026334106249125524,0.0027935956681556266,0.0036996054213388123,0.003188548225635786,0.006134457436138021,0.003828894823563259,0.0026379367379280204,0.00369448894575611,0.005129069984136957,0.0032983556631414807,0.0052349416711944185,0.003845031400401013,0.004130373307897889,0.0028729010396875173,0.027233622014069127,0.008002167811346887,0.003066933536785393,0.002006248790986659,0.0015152639225696199,0.00039947867049562705,0.0020463934455586335,0.02292161382298529,0.11323291790831393,0.014393236176709684,0.012362388945421571,0.038746479225239654,0.012799847607742644,0.009464433690591191,0.008288962242987231,0.0138790328857309,0.04218878048557158,0.018548870769103987,0.017996044372616437,0.010558640802479593,0.02524573877293142,0.02098680084057082,0.009796358442105456,0.02170673418092417,0.00872905755023373,,0.007053892945258675,0.006760045010408079,0.006850281777803144,0.020111230312766806,0.007650072613603848,0.006048177178735899,0.028299638513052325,0.00891338735713476,0.008822379335317515,0.007241307769848426,0.010138139379556666,0.005423576759244051,0.003228299648238734,0.008170799729529854,0.0576925161310763,0.021538394838055582,0.06346126749113927,0.01586219029125566,0.014529015927223186,0.016889376542967984,0.027759041448466016,0.06907660791750493,0.02692278510880087,0.027599794229247625,0.027970815237374238,0.05423076506199386,18.613207547169814,13.55256064690027,12.524258760107818,12.433962264150944,17.664420485175203,14.307277628032345,23.853099730458222,9.390835579514826,26.917789757412397,20.358490566037737,26.41509433962264,136.77493261455527,141.44743935309972,5.762803234501347,0.08820229017367576,0.09524113131519216,0.34026166126852153,0.12351125959552166,0.09701359312437836,0.17982198872765295,0.29671520746729235,0.7744765499477188,0.7806737905179669,0.13786947540231057,0.003863547122514646,0.006250058505001377,0.0039216826186198135,0.013957938475894216,0.004292665911562115,0.1388182038989211,0.0044015467983353545,0.0033927331761222897,0.014955501248156899,0.0022836891419804038,0.005157787947230497,0.00414521608028954,0.003992018278774464,0.002698519460944401,0.005004204257046617,0.0037624250123088334,0.0062485790985842065,0.0025238189819693536,0.004098970339301097,0.0036767983429613657,0.0041130608038772625,0.005374970294861939,0.004960656442228146,0.004868797452010452,0.01955953503040111,0.008231223349890595,0.007742720826549804,0.009882238207257575,0.07088940143865319,0.03500124646383629,0.025563347459923478,1.0031734179578122,3.3152884076908715,0.8826768713832368,0.012299135528124236,0.11055734672643897,0.01600493249926141,0.028105630227144268,0.02739670252818946,0.03204065796154546,0.05966009790866329,0.02978454346014198,0.03361179502409396,0.035355373959361204,0.06785329737867685,0.07988794343811638,0.06593328060830704,0.0835183473562846,0.04913908925457612,0.09362344802614653,0.010032516782523976,0.02455818695300071,0.060606185177115746,0.03323001410019773,0.17178192790400354,0.06447654557488108,0.0290005701525158,0.033846866536798595,0.09890958331353637,0.07277759300612914,0.10136836603791514,0.06394616809996674,0.06611987456644652,0.06277616762483965,0.07561647740770656,0.030759022646643017,0.049394489050121365,0.008192403104910774,0.026147669983195072,0.013887406972711996,0.03434340739950385,0.09319693534348439,0.10704806524752582,,0.03661240059891962,0.12543979852598053,0.0442787833254853,0.18797187405757457,0.13442226255293405,0.22784835652349264,0.1308529945553539,0.059528130671506356,0.08209316394434363,0.07634603750756201,0.09283625730994151,0.09233212341197822,0.11627848356523493,0.15660919540229884,0.11847146602137527,0.23953922161726154,0.22028130671506352,0.07247879359095193,,0.12007540056550424,0.13044297832233742,0.10141376060320452,0.1779453345900094,0.2028903550109959,0.06291143535799117,0.06571654790182106,0.22958941296233457,0.17749123402330053,0.09639181088112204,0.1283112770048637,0.18972966858952608,0.26920718621619966,0.10334675390035229,0.07078510317060896,0.09693004529441371,0.056899675685552015,0.35822281772918985,0.040333754586841665,0.1825448787246677,,,,,,,,,,,,,,,,0.07252205500778412,0.0726517903476907,0.09250129735339907,,0.019239437774044178,0.0585993525386223,,,0.07508580233942705,,0.07536597324367864,0.07508580233942705,,0.08737264587835752,0.08536585365853659,0.08405372028403829,0.08235566532880519,0.13954924359370174,0.10320197044334976,0.0889983579638752,0.08735632183908047,0.08990147783251232,0.09137931034482759,0.10682462535439449,0.10591332523288781,0.10591332523288781,0.10925475901174563,0.13984649408091582,0.17640171718485756,,0.13568362169897227,,,,,,,,,,0.024377176533619076,0.018543778368335647,0.023870558077185394,0.03227816843442064,0.015909785752922085,0.12876674107142858,0.1802455357142857,0.1416015625,0.1802455357142857,0.013951564380264743,,0.01441536301644605,,0.011557360609707181,0.08714142117064871,0.14977190133766333,0.11412665274878217,0.0867548132683832,0.02151777137367915,0.03428022505832304,0.0189927267737066,0.016453959105255933,0.012652669136818992,,0.003426649205678447,,,0.019781681861352502,0.03121476358716079,,0.0221378636397805,,0.06637754487411154,0.06625707746054692,0.058486929285628236,,,0.2412790697674419,0.3031976744186047,0.3218023255813954,0.2921511627906977,,0.03686934023285899,0.045155763784483056,0.019212614943533445,,0.021380795396078282,0.02111401185281171,0.3087066714941784,0.05906786949440978,,0.032809383520283994,,0.03714615089022672,0.10557731766461481,0.1016601380339489,0.08608468569296773,0.14605484051482934,0.1016601380339489,0.009657463174753559,0.0015719812320949223,0.002061198709706526,0.0018891971757912071,0.002893009406510117,0.002026014893364801,0.0018150999690555473,0.0024801747668774274,0.0028943069905211444,0.0024474137668019265,0.0025084332970311345,0.007046429229946793,0.0024474137668019265,0.0034894616105373127,0.007092776906779987,0.0017367563221573673,0.0034152159286059557,0.0018059836720615418,0.0072506540162793585,0.002014253746563675,0.0010990494629709955,0.002696204458820116,0.0007554887840077675,0.0015167227298711072,0.19916966509825626,0.14547467478549683,0.10467755327982287,0.33196789371713253,0.0006354269098671822,0.0004764225917585779,0.0005809167661591581,0.0003892457193302219,0.0030502065973804036,0.0015333322735372286,,0.002169209936455589,0.004400562462696381,0.0018021351037708993,0.00522911075744745,0.0027101190325979625,0.0009539817568571059,0.06810048001085538,0.0011455227600768979,0.0030147923982364495,0.004301286952381388,0.003550450273093951,0.004632067135786982,0.0021117281604959184,0.0015301687736052057,0.004340619888029283,0.002371607348203633,0.0011368290182933837,0.0005002530446650931,0.002286990169193917,0.004614834337035484,4.10377358490566,1.2425876010781671,2.987870619946092,0.030527147994185305,0.04353370227742215,0.04804774170513376,0.05646374741781643,0.023768840376424984,0.0018179659375260192,0.002264328305926717,0.001686719371341052,0.000569571675154288,0.0008038060971181448,,0.0007367687150498898,0.0005880059255822952,0.0007251169847272913,0.0013792397056285174,0.0006251288803310393,0.003376291173952158,0.011499983741776047,0.0036662295010893007,0.014822729280746271,0.012648838571149717,,0.004370383307478142,0.00699819893065036,0.005705268268997329,,,0.0024102582944483227,0.003033030826321785,0.001986165880977765,0.008888774710665246,0.00822886025869931,0.0039707261306855405,0.005173256181562133,0.00293659866147752,0.0035970443250086352,0.0013827232370278726,0.001892147587511826,0.0019896969312215187,0.0012325282157605673,0.00482095050222428,0.00488011826803952,0.00384162910060071,0.006124425835077962,0.013334687373058778,0.005631857403014893,0.002156138107942563,,0.007392647498004964,0.006437967854222867,0.007985038456454369,,0.007735353011157513,0.005688335245005201,,0.01845874789938382,0.0050781562591693565,,,0.016677233212623977,0.018682199648884245,,0.01733253503546675,0.012552895690206305,,,0.03347449082476306,0.029643073200241985,,0.028715466827989516,0.030323653962492435,0.031886469046178666,,,0.030323653962492435,0.02664153314483192,,0.04278982092365692,,,0.027281981676280966,0.010496550164008595,0.027757041058703764,0.02929532858273951,0.0344591439688716,0.0436420233463035,,0.038319066147859925,0.03486381322957198,0.03568581764669814,0.03568581764669814,,0.15840946716536883,0.037647924458887726,,,0.03258681429290387,0.03027176648213387,0.04844922880155915,0.02061604519085829,,0.017860133684547103,,,,,,
2024-03-01,0.9040865501237122,0.4076200333133884,1.5486017828794725,1.0821300513615661,0.7414674024116085,0.8497878683637198,,0.4242965459140691,2.1784260013326424,1.1825674101943922,0.9935936546674801,2.8365226899945326,,0.5934716290420988,0.29414980863860035,,0.5072658444254488,,0.42837616183706945,0.361744966442953,0.15263106890202538,0.9371241115363588,1.1689447785675233,1.1648441771459814,0.24338010982306285,0.2436241610738255,0.46693867754710183,0.6427178487118956,0.23099450884685782,0.28261134838316043,0.902170207930917,,,,0.1300183038438072,0.29957291031116534,0.21738538047550923,0.22611348383160465,,0.7900492072170585,1.0429196282121378,0.16394142769981696,,0.5442864953526517,0.6656642974302899,0.3671597293888316,0.04988196654008006,1.1319168276332234,0.3786361468764902,,0.7131007840018179,,0.6585565882996173,,,,,0.08292769700988081,0.026359622879505797,0.08239403593317916,0.11235991396736582,0.08988146255478112,0.13299480893316298,0.1483092646797225,0.1304397043841066,0.04492455972961172,0.24255704513478987,0.211216585539402,0.2081925061047593,0.05239581480343483,0.07189870142471336,0.2877663008392511,0.6852808263395739,0.2500806972240155,0.053515570288062,0.03784023530510295,0.056223446472757836,0.046500770344087033,0.06303982445492319,0.059468229142350254,0.09407535365796722,0.1280171810075167,0.1297562911433774,0.11555161305383072,,0.24323505654281097,0.8707592891760904,0.5892568659127625,0.35573549257759784,0.10793919813569196,0.20851649806683967,0.23413013649165887,0.11579332017832347,0.04577943433457575,0.022348900095008405,0.07624059051377621,0.05010597091281152,0.03380837535628152,0.029855550321871566,0.05188412623645785,0.06227429737792432,0.050125608415763856,0.12726880200973467,0.01878630868268174,0.18337232319596905,0.08125323389298267,0.05288418648634182,0.11306581975841704,0.06610523310792726,0.13076525059325209,0.18243616964333506,0.12953414098881294,0.19557432251857396,0.6189534448661071,0.1732677677410159,0.10893153027954461,0.0681490191886258,0.06410461987991518,0.05003528028224226,0.04921991375931008,0.04732261858094865,0.09589964719717757,0.05773422187377499,0.1475656605252842,0.1799451195609565,0.09150921207369658,0.20627205017640143,0.037773422187377496,0.2904900039200313,0.07263034104272834,0.056981575852606825,0.20627205017640143,0.05942767542140337,0.06246961975695806,0.06425715405723245,0.037640963120999696,0.08203799654576856,0.036472620136137356,0.04529868942395611,0.051254698770699984,0.0411713908361272,0.12555877273189067,0.15056385248399878,0.04353347556639236,0.20179315249415827,0.08881946561007822,0.04705120390124961,0.07713603576145484,0.04588286091638728,0.1113608655897592,0.1650157472315351,0.08941633648277963,0.05294371634664228,0.03902519557045616,0.12008533983541603,0.24941582850756883,0.04882911713908361,0.09885974273998763,0.10406485798273699,0.12314403939410959,0.1431781160478571,0.10756614053811156,0.05030987286786871,0.15564792450710552,0.24083955887584488,0.07021890252921165,0.0638034314450525,0.07535867475225558,0.15138293151900606,0.0520078390770596,0.1553394468273924,0.053098654045259576,0.1393285017009318,0.12792116550806093,0.18198121579647983,0.11017231178819702,0.05870063600059163,0.05559458659961544,0.06652122467090667,0.8708514917867919,0.00795551741042314,0.011591736508081384,0.012871037882925523,0.0248955875143719,0.0027337890139074337,0.007435731367078517,0.014212723085780081,0.024724879323324917,0.01979401930826801,0.008266075461671315,0.012118872060581903,0.008648033745184004,0.009052834043972769,0.04106027751425622,0.07454025624719827,0.01822425278608884,0.007930193273074376,0.02007516838818045,0.029771078090541348,,0.005233831986944689,0.006485842012582222,0.008294566419848659,0.0072074203098008004,0.005090472060344971,0.004089341906256943,0.012285945709595797,0.012646734858205085,0.007754626139573219,0.006526684692110016,0.006793045797357831,0.008585538769780243,0.01588148408217228,0.010875662242800187,0.012705187265737824,0.007430559650881642,0.02460121428894701,0.026998522939692876,0.012005743666263915,0.020301693339239747,0.02544328952439207,0.09167648402045667,0.044346095664684,0.005007589771288407,0.003710491278199876,0.015729965492717195,0.0053709146689995746,0.011725381305188909,0.005348600226462983,0.00399428521404986,0.006357899627348809,0.004625955587393369,0.01146905129861473,0.010891164453436337,0.008746117143957335,0.004018888317359434,0.015783176855689068,0.07868816253153345,0.017226749638248554,0.03551372137958183,0.013649000684881736,0.021096302840170802,0.01612018215451092,0.02867520298990643,0.20094613482421245,0.5800666594989786,0.10558004515643479,0.383206106870229,0.30319320503171704,0.30635415546715405,0.29205461778303404,0.030813890979464572,0.11155789700032255,1.3331894070236037,2.0636873920552676,0.6321963154864708,0.6791162924582613,0.7186960276338514,0.8318221070811744,0.9998560736902705,1.5367012089810015,2.3933506044905006,1.0778641335636154,3.2883563615428897,0.9407023603914795,0.5583621185952792,1.4063039723661483,0.5522452504317789,0.6247841105354058,0.6399683362118596,1.0,1.042314335060449,0.7296344271732872,1.0728267127230857,1.399971214738054,1.334412780656304,0.9025618883131836,1.6666666666666665,1.1914939550949912,4.104346574553828,5.67803684513529,0.606649395509499,1.1412636729994243,1.7248848589522163,0.24352331606217617,0.47999424294761084,3.333333333333333,17.159038572251006,5.443149107656879,0.0070870005873815995,0.006918373362409401,0.007514099001839376,0.003189169669065675,0.004298344833554838,0.0033189874061271252,0.008052580646600997,0.002696483220038736,0.020246715795597413,0.01438124384020659,0.006920895979123601,0.005374920028198974,0.0031224173498591895,0.003810121475637635,0.002571128574087021,0.0027529510249488733,0.003652166859840893,0.0030005555578194423,0.006420059537635405,0.0037406524922773974,0.0026118785363933063,0.003575130026338059,0.005078415540560863,0.003288133863238081,0.00550085681646935,0.0038066286217256673,0.003905204721018966,0.002848034270330205,0.026964832200387354,0.007947212886923318,0.002989882948643987,0.0019864636387116105,0.0017136329386990554,0.0003954686818105169,0.002112206379542432,0.02391731716219591,0.10918001567515216,0.014251038008266033,0.01438124384020659,0.038094811190871075,0.012897169022499606,0.0026911167384395633,0.0022828183675565853,0.003964929387536138,0.01207023906000062,0.005331033122063929,0.005253743414476656,0.003020820934096664,0.00831956848210515,0.005649975459702549,0.0026738325422280633,0.005891301972844245,0.008764767646478232,,0.007117197179236464,0.006760031553470767,0.007526593477157145,0.021275549823836698,0.007470522314402531,0.006048004596299149,0.027295134789698576,0.008906865798664584,0.008886127149426576,0.006444343226181086,0.008649552928489297,0.005223694699083299,0.0032441543775740666,0.008639730304238076,0.051196525840308225,0.01906470041185067,0.060823535273017135,0.015942606616181746,0.012904377574066692,0.016654211505247773,0.02711571675302245,0.06907715557326956,0.028371197024046765,0.028999767503653514,0.02804155041849342,0.05605819051414906,15.11275167785235,12.950335570469798,12.118120805369127,12.025503355704698,16.16510067114094,14.361073825503354,21.990604026845638,9.864429530201342,26.883221476510066,20.36778523489933,26.174496644295303,147.66442953020132,140.71409395973154,4.849664429530201,0.0856954180635985,0.0952199532662806,0.33550492735954485,0.15832317382911712,0.09882657726302956,0.17315604998476072,0.2941176470588235,0.7882378339937012,0.8235167123844356,0.14766839378238342,0.00468185513725902,0.0054399211807577815,0.003954700524660207,0.01284051026431236,0.0038977842391936333,0.1384483737398072,0.004401198970992812,0.003645561914600233,0.01648381210637078,0.002291254494502065,0.004786577445324258,0.004074835861322609,0.004627857534853047,0.002752041837492333,0.005021006368780524,0.00374972912626049,0.006228679234488548,0.0024438680796988127,0.004095691899910433,0.0036285611969556356,0.0037699687581042854,0.005187552572443714,0.00485157468383671,0.004581982787677356,0.022616132327754574,0.008392551305549712,0.007623531444367657,0.010797264204801538,0.0683789174003185,0.04711968266185134,0.03504928806133625,0.955572148590629,3.3289154377450068,0.886316968452492,0.012165656326605018,0.1106406318209947,0.018234092940625266,0.027112536700751963,0.026429143388342277,0.03560087989765207,0.05756840836086848,0.028440206536645526,0.03197222247788751,0.03410523796813592,0.07111541308432501,0.0721402949382224,0.06593406593406594,0.08316726451441478,0.07133841978401564,0.0936201104594887,0.010356344610383013,0.02400606183751566,0.06238782214094618,0.026484557553591383,0.1751540858139456,0.06542932371566934,0.02900016561383585,0.03384437031253697,0.11598883289563962,0.07203018903636406,0.11253460146213357,0.06476683937823834,0.05105637968154825,0.060330754489317906,0.07561454562661178,0.028942964163323856,0.05572749249528464,0.008192094147650293,0.026748000956353105,0.013883723401429217,0.03446191855059374,0.07633530601543187,0.10705991888102909,,0.03761122219766324,0.11921785929074806,0.046401052723562396,0.1833322196121166,0.12092140921409215,0.20083107497741642,0.117163504968383,0.05355013550135501,0.07140018066847335,0.06869015356820235,0.09022216643655076,0.09037278774946654,0.11966863311158529,0.12649679929710053,0.11627965357098029,0.24767164553784357,0.20931341784862556,0.07502894152248052,,0.13044022402302805,0.13044022402302805,0.07784487343950439,0.18841713338130847,0.1912956415631551,0.05038904109589041,0.06643287671232877,0.22334246575342467,0.17266849315068494,0.09527671232876712,0.14213698630136984,0.197172602739726,0.2411503807637591,0.10210526315789474,0.06802937576499388,0.09468788249694002,0.05545471047377019,0.3408815877049676,0.039722877715253825,0.18211109094209474,,,,,,,,,,,,,,,,0.06863941427699817,0.06900549115314215,0.08761439902379499,,0.015282112651001826,0.046444685220822485,,,0.052233743579804245,,0.052233743579804245,0.052960558193623414,,0.07262075073233872,,0.07589072825124328,0.06478642959329654,0.12269228149056477,0.09885409941897999,0.08787927695287283,0.08642672692059394,0.08884764364105874,0.09223692704970948,0.10797495637893871,0.10797495637893871,0.1098224366211639,0.11136200348968489,0.1297251890075603,0.15564622584903398,0.12588503540141607,0.12588503540141607,,,,,0.14918759231905465,,,,0.27665390924002187,0.15855658829961727,0.018581633129464495,0.023787291656940098,0.032167701573369435,0.015383537980297866,0.11686909581646425,0.17503373819163295,0.15006747638326587,0.15006747638326587,0.014159809001320736,,0.01468048359240069,,0.011746926749974601,0.08189499530584242,0.14046363833321296,0.10702679280710624,0.08146168845237235,0.02302126726595045,0.028780238251845357,0.020317181904553096,0.017598479865526564,0.011386391873127238,,0.0032304914429266765,,,0.01863714868896216,0.031230691456496092,,,,0.0665227040969348,0.06628276648071502,0.05848479395357207,,,0.27491408934707906,0.3108403623867541,0.34739144017494533,0.29771946266791627,,0.037379514315748215,0.0462166158889661,0.01965186095818412,,0.02085490312084011,0.025513977222304394,0.31685401567815413,0.05081928655429243,,0.023143865150921206,,0.03195609564876519,0.09545759302715388,0.09185383841770031,0.08540060341937647,0.1286456587328193,0.09185383841770031,0.009546915323203934,0.0016458675915716268,0.002114012398476615,0.001980046431720785,0.0026439876515766026,0.0018281409149284798,0.0028605354058721935,0.0024633541472919712,0.002610048270670032,0.002213716199910639,0.00226867083844053,0.0062182368162627495,0.002213716199910639,0.00422458089619135,0.009081942364387327,0.0016481744402117836,0.003237813437212703,0.001501261955290399,0.007266429234666296,0.0020140214802256847,0.0010991293362254376,0.0022817947906647817,0.0007380930992872538,0.0015242480748071659,0.2600028785261946,0.18983880253310303,0.1366580310880829,0.4333621185952792,0.0005390637870802827,0.00047172932555513574,0.0005751566108372778,0.00039818534596426923,0.001168553680992607,0.0015328151986183074,,0.002476971790443293,0.004399827288428325,0.00180195739781232,0.005229137320063004,0.0029239826316173286,0.000953786077524886,0.06783911627084888,0.0018511277953863123,0.0008136616895790972,0.0012493538808727542,0.0010197675764784919,0.001238592022854273,0.0006042946335831933,0.001530051454893054,0.004340522475703136,0.002922613346319312,0.0011367852174908233,0.0004998671449448651,0.002304204862495018,0.004614222133652185,4.103355704697987,1.2416107382550334,2.920805369127517,0.030529310169663718,0.04353347556639236,0.04802905618205831,0.05646144468149954,0.023836736767245757,0.0018183771891303632,0.0019233779226635252,0.0016867353197533655,0.0005695469910855519,0.000800901436857146,,0.0007523745810733535,0.0005524070184566551,0.0008373810348172941,0.001372786762525161,0.0006249998313364013,0.004629081436310352,0.01576699920073414,0.005025014061158639,0.012476820917632676,0.012806248769825238,,0.0046845054956438864,0.007077295164839521,0.005043882628483068,,,0.002409545973478528,0.003031600362987032,0.001986033800952081,0.008000102339906008,0.0049922685399133625,0.0036010854426280887,0.004977036143912967,0.002890040299366724,0.003632700057570524,0.0017001295336787564,0.0019036824574389342,0.001990038243276585,0.0012598692326671601,0.004150474956822107,,0.0038683305882629315,0.00612659291415768,0.013334578101417478,0.0056660401639066675,0.0022287412374276134,,0.00796212505363342,0.007045481140539064,0.008010882708585248,,0.007732964075359831,0.004884706319900114,,0.01845628669340913,0.0046788247482931755,,,0.019552026369016408,0.019158485557683153,,0.01584551634702086,0.012613598370870185,,,0.033477868112014454,0.026630532971996388,,0.026251129177958445,0.03037529810468181,0.03195682189029748,,,0.03037529810468181,0.026626200682081286,,0.04627514783642564,,,0.026608219178082194,0.010213698630136986,0.0263013698630137,0.029216438356164384,0.03199539634584952,0.0397640627247878,,0.03564954682779456,0.0324269889224572,0.03378057965354682,0.032664788418086975,,0.14471812323914196,0.034477949175709226,,,0.032313341493268054,0.029791921664626683,0.048330005445634414,0.020648030495552732,,0.017531917468385064,,,,,,
2024-04-01,1.1083609972010675,0.4914730195925275,1.5864764778494034,1.4903933297081746,0.8931904597303836,1.3466547923856174,,0.43892162348991076,2.4268747088961344,1.2596200681928884,0.993331281419924,2.522505358418671,,0.6702062172976301,0.12550607287449392,,0.41818680565080235,,0.3758037628006668,0.32733148661126504,0.19027551205365234,0.7778042391045485,0.8335317932841152,1.0609668968802095,0.2387914230019493,0.19903560069765056,0.38000669418721417,0.538946910356832,0.22976300400123115,0.22499230532471529,0.7888063963449458,,,,0.1115727916281933,0.23350774597311996,0.20829588662288281,0.20401149071509184,,0.7049297451774232,0.6730173850916885,0.1431722581307069,,0.46106215765658487,0.6332460109549892,0.27340532116219524,0.053307223672758926,1.3323814962878355,0.3870722433460076,,0.8099371787549972,,0.5553703262681591,,,0.9392347230154199,0.35179897201599086,0.09299941417691857,0.024295385015947406,0.09415478747640435,0.11997982164941744,0.10111957300006509,0.2568508754800495,0.1989194818720302,0.16824513441385147,0.04346481806938749,0.27536939399856797,0.2303586539087418,0.22855236607433443,0.060941873332031514,0.06549827507648245,0.24203053844093225,0.6912001071524243,0.2629252611840343,0.05499910889324541,0.038804728806511014,0.05766054773361849,0.05259906136755184,0.05488029465930018,0.06151012891344384,0.09646527654012951,0.12601437652230738,0.14414542862234894,0.11642606784292758,0.15189211667557775,0.31628787878787884,0.9766746411483255,0.5953947368421053,0.35376044568245124,0.09909861573130163,0.20281146045713058,0.27818853974121993,0.11376446368992688,0.03839000496912046,0.023170298857102294,0.06759423582025981,0.03745297082416412,0.031802370980336475,0.032349272349272346,0.04924264924264924,0.06117018117018117,0.050486090486090485,0.11825363825363826,0.018853578853578853,0.16298020954598372,0.08244433307080978,0.055129949165891035,0.11425144984606574,0.07029068518651108,0.12653039306937783,0.1843631416911291,0.13209708598840122,0.20607093294921566,0.6721063818574666,0.17785936374655262,0.09366381506139441,0.06708591705166266,0.06257136332496004,0.0542788424237722,0.04779269144231515,0.041632399720692055,0.08919233454884008,0.05790984560477926,0.13498331910931802,0.18822251532314374,0.0854371945069439,0.2012879199317247,0.0447668554581426,0.2743114283497556,0.07240282411358522,0.05790984560477926,0.1848242687563038,0.056140895337109156,0.06227015284350997,0.07271316626580805,0.03696976576985659,0.0706222171768772,0.033526317781057254,0.05370769793519255,0.052332841412192084,0.04385666174745526,0.12653725356642828,0.14686999407171958,0.04045105384644493,0.19399351673162551,0.09063962361726013,0.0470856825721169,0.07180787326093263,0.045912639850657785,0.1035809336410994,0.164793582321111,0.08239048447925733,0.05296350954200881,0.04341519405658355,0.12052067960797669,0.2495427656058829,0.052433748312962755,0.09877024817952147,0.10400876801902213,0.11095630851538117,0.13348937434982908,0.10720389359488779,0.050267498885421306,0.15405335116659236,0.2535294991826422,0.05994440143570976,0.06731648954887746,0.06712295024280385,0.14253290168203253,0.049827574072770775,0.1329966922373144,0.05746357942149341,0.13612851009923288,0.11878035048208882,0.1783552677880217,0.09330354000985291,0.05396227742979802,0.06404391582799633,0.08207826025758322,1.0078543377365226,0.00782267226987849,0.012303562937627483,0.013823362549234247,0.02411237629408863,0.0020693567811058988,0.006247682228357164,0.010957909266966088,0.02136084099056409,0.01789062178087272,0.006912110099303638,0.01060509291688986,0.008054256458856978,0.009174757095592413,0.03315681875353551,0.08073403164493115,0.01593866639765964,0.008304571810353696,0.018235917216555333,0.025319560963312244,,0.004963976969679156,0.007053120545166991,0.007645496753800986,0.006640492079229188,0.005418433526684627,0.004557000948480228,0.009178439766983619,0.012931663073595962,0.005365218162347982,0.005196063051203526,0.005728083158835285,0.007706106635927727,0.014828913385912534,0.008108796192296644,0.010506309640019007,0.007501589492873491,0.025420994375850055,0.027833483773558192,0.012006627538593703,0.02412080962708523,0.025557139375720718,0.09095302861359462,0.041328176160738236,0.0063310934469665925,0.004384167827583382,0.01880343631347483,0.007098664262886176,0.01433868720806359,0.006507279630691907,0.0037279084378158377,0.007534349476904586,0.005310169630418749,0.013551312518779534,0.013064410390887486,0.010656532546641537,0.005034281187686088,0.019491108743751536,0.09559261383812723,0.022528613182550738,0.040626621868939325,0.015941435166215958,0.02443524816302002,0.01821478325002049,0.03523245649976781,0.20101607360129783,0.5366618993745597,0.1055777317651077,0.3296902683202766,0.31470531730953955,0.25497897410720005,0.2999124810553504,0.03799602962836467,0.10167139838196683,1.287683954850693,2.1397342477496784,0.6005857979711388,0.6246606658094014,0.6393056150878698,0.8499785683669097,0.8904129161308759,1.4973567652521789,2.3331190170024287,1.0186455207886842,3.468138305472211,1.0002857551078728,0.6666666666666666,1.4195599371338765,0.5735819402771826,0.6200171453064725,0.6645949421345907,0.9676382340334333,1.010930132876125,0.5533647663951993,1.0383626232318903,1.3411915987998286,1.3416916702386057,0.7956850978711245,1.666666666666667,1.191598799828547,3.903343334762109,5.982568938419775,0.5231461637376769,0.9154879268466924,1.638376910987284,0.24353479068438352,0.4666380911558794,3.5000714387769682,17.549721388769825,5.0791541648806975,0.006967951986488814,0.006731613665112436,0.008218703492474198,0.002885169118101252,0.004162201752356573,0.003301638676305894,0.007602919392134767,0.0023399795812898317,0.018966533956560557,0.013833273289587724,0.007020514243028691,0.004538194536364448,0.0027737141142703454,0.0034096406851816257,0.002440883767202149,0.002385444014866294,0.0032222197923368833,0.00286425931531714,0.005997276737978685,0.003731536548225103,0.0024616017369331953,0.0034754394223830034,0.004520354062429381,0.0038733011744403172,0.005558554545618475,0.0034961573921140497,0.0039059127934614087,0.0027836894330297386,0.02668455318053447,0.008002123975563538,0.003027509243475662,0.0021995577864460736,0.001698106185733529,0.00042970603886614383,0.0018475441340713534,0.023654358274315893,0.11165028987892649,0.012820778435509373,0.014119488204761065,0.03480446265068007,0.012620888394215388,0.36982426060865836,0.34226318045435056,0.5248178311187313,1.6201028718388342,0.7058294042006,0.6881268752678954,0.3999571367338191,1.1895413630518643,0.7387912558936991,0.33591941705957995,0.8235319331333047,0.007972629541886423,,0.007232248585003129,0.006578029366665471,0.007561645673956356,0.021275849474680263,0.007011888032439512,0.00588644797851599,0.027160009973411857,0.00890668378718203,0.008847209312787698,0.006474330283106122,0.008591011576935188,0.004903669962981372,0.0025396213071012955,0.007899120735459824,0.05193241194784256,0.019038504813410784,0.06159632632773727,0.01589468278637919,0.013514148435548764,0.016672807588035674,0.027115671054334378,0.06560976876339979,0.02761436332658244,0.028001777157915648,0.030384784362988627,0.05576945744753634,15.808,13.94,12.318666666666667,10.443999999999999,17.06,14.233333333333333,21.733333333333334,10.341333333333333,23.446666666666665,20.016000000000002,25.149333333333335,147.75866666666667,136.56933333333333,5.4159999999999995,0.08558677810975379,0.09202879366640192,0.3353756161516836,0.13390819812664675,0.10231584786253671,0.15821388500182795,0.30980926087011335,0.7766599851241128,0.8235316364736583,0.1758632426912749,0.004165485504090963,0.005440166931149668,0.00427410375332065,0.012454567860103592,0.003904899121409875,0.12855091565671178,0.004401230941880957,0.003647190061330782,0.017658732883767563,0.002278730777858657,0.00469938150371052,0.004130175690791532,0.004249205324592285,0.0025240386449544407,0.004805821464705424,0.0024257663265057363,0.005990879332926314,0.002424962649092206,0.004095807991821778,0.0037036134140189733,0.003580114984806478,0.005074954973972906,0.004489342031980467,0.005001552436870469,0.02192011437443549,0.008927075391352714,0.008109123681238766,0.010454910040183736,0.08938576288125225,0.03427149301872033,0.025562306447637722,0.9506253500093336,3.353462759006907,0.8927571401904051,0.012226095459423077,0.11110317414963394,0.018878856569581753,0.026983831071987194,0.026306336619257208,0.01866974646247863,0.06129278673020261,0.02546060528900367,0.03182177803644829,0.033945200247353674,0.07102046583924071,0.0721414945479381,0.06593344480817691,0.08316808365323472,0.06818963283954688,0.09362002779020748,0.008637697846563725,0.023917031035620262,0.06274569953586294,0.022746708072707105,0.18420295123094024,0.06497288506672103,0.06507506855106247,0.03384396780008338,0.08323009083382753,0.07408212035628939,0.10066290492099747,0.06054805620306381,0.052791657614599176,0.06437634680085257,0.09863132739517706,0.024710078521087295,0.054849385874115725,0.010687043031665558,0.02678683271909757,0.013884585209554387,0.03570698646483692,0.08031709375138785,0.10361060532042457,,0.03333112214437703,0.1262520857465059,0.046399248876120694,0.1836426446500283,0.13309118187022526,0.23025445644234754,0.12251021576484988,0.05894545669897546,0.07860710267090432,0.11791065400635647,0.09063496810207336,0.09514553429027114,0.09875897129186605,0.1328249601275917,0.10930023923444977,0.2354964114832536,0.20065789473684212,0.07367374829171326,0.4086532488507889,0.13041992794135918,0.12038762579202386,0.09317927692881103,0.20250962852528268,0.18387377313952047,0.050907812019167366,0.0664043610146393,0.2256341495581835,0.1442388007209742,0.09744142084670505,0.15234976040796588,0.2014111751000132,0.2521832477442191,0.10208991494532199,0.06804374240583232,0.09467800729040098,0.04941264717307151,0.30230253023828974,0.035080434520540604,0.15935545226837403,,,,,,,,,,,,,,,,0.057966553811429164,0.05853082999897404,0.07417666974453678,,0.015491765931133243,0.04859077003189481,,,0.0492568424868588,,,0.049981874206996554,,0.07431731766332526,,0.07756653992395438,0.06602143104044245,0.10321465606636708,0.08083311009911599,,0.07239485668363248,0.07447093490490223,0.07721671577819449,0.11542645778938207,0.11542645778938207,0.11923411662315057,0.117384682332463,0.12428874260850163,0.07720629253598126,0.11792926475510433,0.11792926475510433,0.12358652198743576,0.1203883495145631,,,0.12632781267846946,,,,,0.13955703738985473,0.018618190459217015,0.02439256222895503,0.059870492484999704,0.01579041169132062,0.11559888579387186,0.2166511915815537,0.17332095326524294,0.173785205818632,0.014215259646069046,,0.014593660523959084,0.014265713096454385,0.011755653939783808,0.08695317313616759,0.1509550215650031,0.11498767714109673,0.08495070856438693,0.013246255412791936,0.02829559168027259,0.021196848157876053,0.017221551785333997,0.010605522822460424,,0.0032828432828432823,,,0.018663498663498663,0.031208203299152918,,,,0.06069425336014394,0.059000952481744105,0.05196317070589481,,,0.2575493612078978,0.29094076655052264,0.3252032520325203,0.2787456445993031,,0.03713527851458886,0.0459008906142955,0.012331582553094314,,0.02002252093743402,0.024456330494756845,0.2900274473924977,0.05066335635037628,,0.023430832492823336,,0.031856621925673054,0.10219564441270973,0.09862549089610853,0.07131381649410924,0.1379864334166369,0.09942877543734381,0.00967576126999551,0.0016664469425512784,0.0020738006396193685,0.0016694095148935917,0.002691496972991709,0.001713863364786353,0.002680889200214265,0.0022817174172813054,0.00244524908319255,0.0021038399318089067,0.001725126134304348,0.005337038322444841,0.002109492376547781,0.0033156774943361965,0.0063181757452732195,0.0017688787437291048,0.0022716513327143482,0.0016049577536463246,0.007250445583736102,0.002421535687945587,0.001321396377939851,0.0028080526646453055,0.0008761506733316943,0.002342320194487694,0.26003714816402346,0.18988426918131163,0.13666238034004857,0.433347621088727,0.0006152086011802336,0.0004028494114370099,0.000572813496452815,0.0003852007705550075,0.0008772525516673553,0.0012351263961359997,,0.00204204494570854,0.0035453767941275665,0.0014526836085029184,0.005229015329583384,0.002710008257631561,0.0009537789400538484,0.06754366340274134,0.0006466228577294745,0.1057865409344192,0.13167595370767252,0.1354907843977711,0.12901843120445777,0.07998285469352764,0.0015295614825003982,0.004340874137524809,0.002935599056643337,0.0011406899191528394,0.0005003408417430986,0.0023154158557765463,0.0032790047256244575,4.1066666666666665,1.2426666666666668,3.021333333333333,0.030445142014295976,0.0435308800726145,0.048031466283423474,0.05645273123810244,0.02895755329475688,0.0018182597505579472,0.001997504215654471,0.0016870161559837571,0.000569587318155529,0.0008011609967358412,,0.0007249170270043646,0.0006164205761777691,0.0009011902730386855,0.0013654479255880438,0.000624993135255426,0.003375446041084,0.011891749981247523,0.0036647699874626286,0.01247629586056824,0.012805377188905022,,0.004853949592967532,0.007149977753121603,0.005068909001819175,,,0.0024101243384417556,0.0031802017457509533,0.0019858277615863763,0.007998869776685652,0.004992348769136014,0.0036160796489958158,0.004799297952057037,0.0028932373969150233,0.00386479365859513,0.005389539537820565,0.0065942601403922215,0.0070090433303127255,0.004174251210664948,0.014327192604706334,0.004180608694492954,0.003980643355151773,0.006124356093077856,0.013333796714626632,0.00558687389297323,0.0017649394772837582,,0.008905969419611524,0.0066455956593079474,0.00804441368227954,,0.0077346408329017485,0.005142438966501625,0.0048754277124717325,0.017738117999195672,0.0020009361876067223,,,0.018608162721499313,0.018617472857842012,,0.021174379001408294,0.012644699913105142,,,0.03683597528475828,0.0279921827190714,,0.029531950174704388,0.03022826953748007,0.03202252791068581,,,0.030452551834130787,0.026649273201639956,,0.044322276059137786,,,0.026552952037631337,0.010309051743087001,0.02659691387875324,0.029608299995603816,0.035084421890173224,0.03762177740187325,,0.03950130000313253,0.035554302540488046,0.03539617605245597,0.03429367220819915,,0.15162329184437287,0.036266573824237675,,,0.03205346294046173,0.029842041312272173,0.04311718927896915,0.016261033794553757,,0.015618093413879475,,,,,,
2024-05-01,1.40154326054835,0.6122804137251683,1.8022570008823664,1.6318458889767808,0.9801974051772301,1.2380423720973261,,0.45092108596630004,2.2017045454545454,1.3490678302261008,1.3235478731109072,2.9658194566170026,,0.7352614552653179,0.1562956470931931,,0.5143732875121906,,0.3304119193689746,0.31186326106899714,0.2089711972453585,1.0514168857727142,1.2088810984516507,1.213263219398189,0.26401429192216697,0.22374583554632804,0.517391304347826,0.5705361199454793,0.24629423977596443,0.18956110279561583,0.924360641525791,,,,0.11805320843995944,0.2436386461300758,0.2864858153827053,0.226160011588045,,0.8358165352030383,0.7817703768624015,0.1586113659408044,,0.5460122699386504,0.8954133800759568,0.28559533721898417,0.0564516129032258,0.9675986129172085,0.3580607114035632,,0.6500866926744691,,0.8089395267309378,,,0.703185955786736,0.45004334633723453,0.1344606796913479,0.023017566901986537,0.12500410441635199,0.150763421441471,0.14424560827450336,0.24879330159251353,0.25494992612050565,0.2045969463142341,0.06417665407978985,0.36023641438187487,0.26893777704810373,0.3181907732720407,0.06818256443933672,0.06806764078148088,0.3322664532906581,0.8923117956924718,0.30612789224511566,0.05093535174495197,0.03371338235646362,0.05747443052528205,0.05365397973604158,0.06915135691872859,0.06782198376009006,0.09313995544803468,0.1289012910488874,0.16056672016096193,0.13606313923686794,0.150314977604254,0.27315459610027853,1.1731371866295266,0.48859679665738165,0.40881379550600944,0.10559107162206088,0.20251381514790334,0.22337850919651503,0.11318713028423028,0.04061462992353195,0.023632953397778097,0.0639157408743327,0.045318135911123936,0.032188717356802767,0.03556127003925622,0.056769883341947776,0.06543273687223145,0.06701323776286505,0.12930633097397298,0.02037137499305861,0.1361781706902414,0.08235207400445943,0.05612987635211086,0.11633220926161389,0.0765105865443087,0.14729025005988908,0.21313136897193508,0.11565039526784233,0.21079519812257422,0.6538857297590035,0.16261395432800793,0.10329452116617022,0.07877967325570899,0.074970665222493,0.05530857115540896,0.052934334018515855,0.04909412495817199,0.10032346989180489,0.07278869289481651,0.14264544194273146,0.1955160380515321,0.08676322959988526,0.19411380403779654,0.03824274582915053,0.26470353904743693,0.07336233408225376,0.05191452746307184,0.19448029701865926,0.057013560240291916,0.06361043389582038,0.061395541533215414,0.035494005257421295,0.07928447778418926,0.03036481374623325,0.05798551003398089,0.058549721100211574,0.042777457203308326,0.1329999358851061,0.13365390780278258,0.033493620568057964,0.202577418734372,0.0937744438032955,0.04572674232224145,0.08311854843880233,0.045790857216131305,0.10630249406937232,0.15526062704366222,0.08874783612233121,0.05088157979098545,0.04614990062191447,0.1162659485798551,0.23746874398922868,0.05477976533948836,0.0941515960783611,0.0982739770222071,0.10587349667521016,0.12406574301435665,0.10228881759360495,0.04966572867564032,0.1503235172871149,0.2760202892836019,0.06099479607890597,0.06680382427689702,0.06462543870265038,0.13559585760965406,0.04313549212496326,0.1343337770785429,0.05504745768572466,0.1389844573918155,0.11967289638837503,0.1857333033661244,0.0937570235645995,0.04847772341418717,0.06222229906121956,0.07977040507598417,0.9347435128885845,0.008619308148878142,0.012438462932481836,0.014403455511339895,0.02507162787353955,0.0020593481676294432,0.007736309995573656,0.011960269967840453,0.018845259437318917,0.017292774612890718,0.007650133377901444,0.010208012075172126,0.008406137342025855,0.008400529390877692,0.03264663158914103,0.07176345266148035,0.015490493560153652,0.00987627566888592,0.021979830084716857,0.02808645319571025,0.021640053026624344,0.007822898565846519,0.008395436285781935,0.009525796971168444,0.0071808001883488575,0.006046426388102988,0.004568262414905244,0.009425469099684435,0.013435908549138585,0.006301072065063259,0.005172727724165329,0.005774143534228284,0.0073838964019885345,0.011477210777592388,0.009072186520850886,0.0097825428554122,0.006475806584838022,0.02204307292441038,0.025169466792218022,0.010784751017351418,0.025410382215761102,0.02500564430420872,0.09225408730224285,0.04122820059581826,0.00025342675243881856,0.0001580605877580088,0.0007213169979040415,0.0002801381087498787,0.0005960109348787068,0.00025323359180433775,0.00016724951508402433,0.0003156244767416384,0.00020499862193684487,0.0005431677041600289,0.0005480795031511123,0.00042415315894349745,0.00019867950975168704,0.0008021961149987908,0.0037809538537036677,0.0008694160157981115,0.0017062706674980301,0.0006727784898966502,0.000998530102760354,0.0008405522981314082,0.001394316242811527,0.195769479818692,0.5677314914742067,0.10556874595294624,0.32967839412907407,0.34416145046406216,0.279840276278869,0.3000863371465573,0.037988344485214764,0.10161882149794949,1.152990465183473,2.44994221323317,0.5816960416064721,0.6246749494365791,0.7121496677260908,0.8582779543484542,0.9019791967639411,1.4972551285755562,2.4365790234036404,1.014807859000289,3.7479052297023983,1.0036839063854377,0.5798902051430223,1.2752094770297602,0.556414331118174,0.6199797746316094,0.7180005778676684,0.9703120485408843,1.0790956370991043,0.5466628142155447,1.059014735625542,1.33321294423577,1.3380525859578158,0.8262062987575844,1.667437156891072,1.1916353655013001,3.700158913608784,5.8710632765096795,0.5241982086102283,0.9095637099104306,1.5870413175382838,0.2434989887315805,0.5237648078590004,3.5478907830106907,18.775426177405375,5.098165270153134,0.006952048227055651,0.006746939413060154,0.008483694912528147,0.0029494299482839678,0.0040049380768564565,0.0032490705342340335,0.0075101529829510304,0.002334683455818672,0.01921488753618885,0.015379101403013882,0.007359752740454804,0.004850504478756836,0.003005105102318561,0.0035512242347759382,0.002622338418330735,0.0024085303615173337,0.0032111804988493803,0.0027236362680325634,0.005766244772721648,0.0037375813475861728,0.0025332195085739735,0.0035682360873976198,0.004070859005765472,0.0038371393487244207,0.005659727377329077,0.0034841434068245366,0.004019630131393364,0.0030919042139905474,0.025869808291886277,0.00823663641649964,0.0026530757429540004,0.002192209190112093,0.0016464766906688442,0.0004512007274886794,0.002149486242050825,0.023536864684631183,0.11418355479672383,0.012813984670774256,0.014540494395367826,0.033032571511642295,0.012131964033850496,0.0029452019592778444,0.0022819832008587142,0.0039635995690714835,0.012303919177661117,0.005330956308418328,0.003949196002748462,0.0030208206824737078,0.009063116754981261,0.005397736479552336,0.00254681240893427,0.005841300851545388,0.007545115721072816,,0.007118746520811905,0.006649200692676473,0.007475724711988762,0.021276054396383033,0.007471098644716492,0.00601311644273931,0.02704090522884384,0.008906721521544366,0.008307645809785366,0.007542802687436681,0.007489602913805573,0.005342690682380789,0.0033981513123348644,0.007553114346916493,0.051646565591738414,0.019096160097351992,0.06088583645198663,0.01594222225926636,0.013532593747134869,0.016673195695841702,0.02727439425889962,0.06372388041041199,0.02692349366962001,0.02943814231060953,0.03259874809338457,0.05580652958483709,14.18867924528302,13.99056603773585,11.598382749326145,10.350404312668463,16.12398921832884,13.681940700808624,22.384097035040433,10.261455525606468,25.653638814016173,19.915094339622645,25.867924528301888,158.58490566037736,131.89353099730457,4.063342318059299,0.08343212614886483,0.09569518273484007,0.3435313013881984,0.11764630897293715,0.10218363990974798,0.16210944969214883,0.29060384718344867,0.6818233966882099,0.82352416281056,0.17456371817915278,0.004832592913641782,0.00489760537436342,0.004696165249854707,0.012454318895970214,0.004367655315753702,0.13256681015376434,0.0068179355588609035,0.003738084133510941,0.01691126235756993,0.001998274077563124,0.004623034082146039,0.004676655722451304,0.004254626409545115,0.0024210749248621943,0.004806273500455398,0.00320159280528768,0.006000108354101203,0.002525192328529635,0.0038685122981904864,0.0037498645573734966,0.0036008776682197423,0.0046150720554773,0.004653266876151262,0.005382489977245638,0.022800667109653366,0.008867825107232113,0.008851642944627673,0.011340661830222818,0.10137214625034006,0.034826037406985325,0.026359746150924002,0.940171737913011,3.316408437558335,0.8829568788501027,0.01204486648560844,0.11118387682904123,0.019998266463778724,0.026914116956489837,0.026237710030082916,0.018622973072125616,0.06189696602832196,0.03168335901386749,0.03174068163474943,0.03385703279771077,0.0777100400076205,0.07188035816345971,0.0659363688321585,0.08316822251857497,0.061487902457610974,0.08263955039055058,0.013688734785278291,0.024349928507539108,0.0632363032980014,0.022747987481914426,0.17656831938539855,0.0632363032980014,0.06946547209803537,0.033848090293239284,0.08600062934530277,0.07397182195465152,0.09308966983120484,0.05957406384886214,0.0487683237447233,0.0591881445594286,0.09862909593953535,0.025532822676879795,0.05690886182276354,0.009536475937147924,0.02734945301093978,0.01388305567221989,0.03854256248208369,0.08446999005195092,0.10201171659113518,,0.03328035994386197,0.1451230083381491,0.05713902418888797,0.18333608519772146,0.13538305071485848,0.2256058205714956,0.11028965948874415,0.07238553462809755,0.07666881808758239,0.12208335778129828,0.0927806475998488,0.12022174625173239,0.10207887110999117,0.14542018394859518,0.11629078997102178,0.24384528159254124,0.2239637142497165,0.07245603015075378,0.40866834170854277,0.1339824120603015,0.12766959798994976,0.10034547738693468,0.2028894472361809,0.21086683417085428,0.05384000752021057,0.08676442940402332,0.23857868020304568,0.15183775145704081,0.09597668734724574,0.16697217522090618,0.21524252679075015,0.2561635422454889,0.10908374901548963,0.0726962457337884,0.10115515883433973,0.055002656786293846,0.32204558183619836,0.03824336162451711,0.13819597030143754,,,,,,,,,,,,,,,,0.05373955868861958,0.052291053063589395,0.06904543479310511,,0.015465440814316203,0.05386636020357905,,0.017747496306025283,0.05011400120980876,,,0.05085849890651901,,0.06660872804022597,,0.06871934943199454,0.06598795704264697,0.08827363585573282,0.08208308328332334,0.07181436287257452,0.07248116289924651,0.07128092285123691,0.07614856304594252,0.11676510676965014,0.11926397092230803,0.1232394366197183,0.12301226715129486,0.12356979405034325,0.08718535469107551,0.1234553775743707,0.11979405034324943,0.11605981794538363,0.11291720849588209,,0.11746857390550498,0.11887732986562637,,,,0.3067484662576687,0.31405200116856563,0.018479484538551822,0.02431195956789384,0.029401901841960287,0.01634769695082517,0.14875457237415085,0.24107298380073158,0.16077338442780006,0.19578470649712595,,,0.014695133679553761,,0.011822786433288454,0.08954501452081316,0.15634075508228462,0.1191513391416586,0.08865763149403035,0.014644351464435146,0.03334295195498485,0.027961333140960897,0.013316981676525754,0.007329389698456211,,0.003502731703566378,,,0.01968364352443155,0.02977075977273135,,,,0.06273376402584155,0.06364048509577241,0.05502663493142922,,,0.2715170278637771,0.30712074303405573,0.22848297213622293,0.29411764705882354,,0.048000722086830934,0.04664680927881577,0.012528206516833649,,,0.023530021956743488,0.3018620010027489,0.05145242761763628,,0.02412479882722246,,0.032346989180489824,0.0937740858097114,0.0937740858097114,0.07125117752847479,0.12451828380577203,0.09240387085724072,0.009675192118462692,0.0019440246702421944,0.0021072748158942737,0.001669944150477694,0.0027632708140191437,0.0015067851029353584,0.0029117251122581017,0.002288903193627109,0.0024547278973297004,0.0024680656385066397,0.002098859071445484,0.005338780467902439,0.0021470164497578085,0.002925637386566182,0.0065674312932798955,0.0017979325033506924,0.00231971011795946,0.0016319695030413979,0.009194601676226303,9.677347787488423e-05,5.2815636342323475e-05,0.00011219873425699437,3.443778169029242e-05,7.538783620022347e-05,0.4333285177694308,0.18982952903785033,0.07411152845998266,0.44661947414042186,0.00079897712369782,0.0004015183851730879,0.0005708636453616411,0.0006667486328656621,0.0008741772449459332,0.001234957323552999,,0.002004332244258496,0.003545409997683728,0.0014526170968842064,0.005229119296211163,0.0024181161440166615,0.001077337532950813,0.07755424115321849,0.0006464025197704878,0.0008049629451888651,0.000847846290377861,0.0010282182231956996,0.0010805948280066871,0.000604295078006769,0.0015296862446973704,0.004340793123813607,0.002947575863648209,0.0011418676050387125,0.00050009585170491,0.0023171107795660834,0.0029614009351792425,4.105121293800539,1.2425876010781671,3.0646900269541777,0.030440934643772226,0.043532576134205254,0.042130355526661306,0.030593904164595204,0.033156143638380056,0.0018183788256385506,0.0018636905406869651,0.00089112222377815,0.0005697781491429989,0.0008012384670074534,0.0012105374624310971,0.0007086358218658576,0.0005144110954599632,0.0009499945822949398,0.0013590313143352476,0.0006249322786867483,0.0034803691537619273,0.012158946168800698,0.003779245156532815,0.012476317042786343,0.012806994557339272,,0.0044464687176991495,0.006609447437664453,0.005530179631169483,,,0.0024095013691183467,0.0027382366931062918,0.0019871461499444626,0.007999948635963814,0.0049662602487303455,0.003629190181764483,0.00483115048793015,0.0029255607324737243,0.0038646296095640555,0.001547141773601845,0.0020711112487036207,0.0020711112487036207,0.001157840967137749,0.0038860424438493567,0.004642497998226037,0.0039819799903483485,0.0061263934714277345,0.01333437457292907,0.005583423097270114,0.0017655344725386092,,0.008980402373146287,0.007009334309855832,0.008100549048136334,,0.00776630309226663,0.004516576335139964,,0.016959660806783867,0.001999960000799984,,,0.01875759920415607,0.01451330637861324,,0.018013396898195644,0.012622452879528494,,,0.036104754640223745,0.02900506561833793,,0.029141974222065756,0.030238125236235352,0.03152324555877535,,,0.03049010961320398,0.02663316582914573,,0.04444095477386935,,,0.02820078962210942,0.010904305320548976,0.02820078962210942,0.03137337845459673,0.030659569832228343,0.03897033647710649,,0.03710274846702151,0.03492389578858904,,,,0.15114204661772876,0.03623548679554295,,,0.03575741664478866,0.03195064321344185,0.04492122987663895,0.017491706518461072,,0.01661568509183864,,,,,,
2024-06-01,1.2697767777651876,0.6221409262346828,1.6210894287357849,1.4511108031961573,0.8987304224015188,1.1616278111870828,1.979449106950721,0.49707153388581016,2.140622757927967,1.463707165109034,1.6286594761171034,2.973082489146165,,0.7518233179250129,0.1568740955137482,,0.49586264878976943,,0.22981186685962376,0.32372881355932204,0.19624959586162305,1.0356005788712013,1.189290882778582,1.330535455861071,0.2840267077555213,0.24304057524396508,0.7180451127819549,0.5535795713634292,0.28705701078582435,0.2637904468412943,0.9903646118471477,0.7310092532816871,,0.7536044760060254,0.13359013867488445,0.26132511556240373,0.24697437114380638,0.24463276836158196,,0.8581765557163531,0.7479015918958032,0.20308166409861325,,0.6555716353111433,0.8109985528219972,0.26921492709448885,0.28511171910624716,0.9048505419905836,0.34349786426198387,1.4458790617602755,0.9611299682470164,0.11674198407574779,0.7565846599131694,,,0.5291798970765357,0.34249425161502245,0.12093497580005504,0.025154992958544443,0.1283001764410703,0.1688978098645127,0.14359713161856355,0.24468653382326755,0.25475500590834776,0.18851676190167863,0.06348641080013598,0.3665765576185312,0.2889910484484517,0.3325509493824563,0.0628874823963611,0.07253508587338331,0.2974257963730218,0.8622563336276575,0.3647354479385995,0.04668304668304668,0.03275620565340191,0.05575328939814921,0.05294036602447817,0.06432983535787275,0.06945050402994328,0.08886541596821972,0.13937174217548048,0.19244988403866908,0.16143883900893247,0.14581276263519255,0.386512590548465,1.2019661952397378,0.4831838565022422,0.3989823406165819,0.103763987792472,0.19141189698559724,0.23284028585673922,0.13225909113750187,0.04929565668916769,0.022813688212927757,0.09770355605433745,0.0480896467395856,0.03246176780958443,0.025086909254750555,0.05841211314530897,0.07348327332702269,0.05671733100748598,0.1244879484455541,0.02132531963177758,0.16321929775122584,0.09341424237015886,0.05500624665357844,0.11399250401570588,0.07713724790290916,0.15318579332500448,0.23333928252721758,0.14167410315902196,0.2339363254399381,0.6074222526941264,0.16416152453281294,0.09229471019460998,0.08172916337042702,0.06355150044828858,0.04563517915309446,0.06187296416938111,0.038778501628664495,0.10376221498371335,0.07224755700325733,0.1475244299674267,0.16729641693811076,0.08820846905537459,0.18916938110749187,0.04257328990228013,0.27175895765472313,0.07501628664495115,0.05368078175895766,0.2098045602605863,0.05931596091205212,0.06574918566775244,0.07765472312703584,0.03623822384520776,0.07101829662596523,0.03448844256786742,0.056246592364360255,0.060405492791661915,0.04662279533898843,0.13541785537677356,0.1419478362306161,0.031965207247644775,0.22045976137040843,0.09180011918800006,0.054648965980701694,0.09235802046483321,0.046179010232416606,0.12048131664701332,0.1667617634752178,0.08907401067620171,0.04957713619130943,0.0449998098063829,0.10802997451405531,0.2384520775482775,0.05127619917075583,0.0999102937878448,0.10357329745084846,0.13087762577558495,0.1431000971817298,0.11463706361665545,0.050964341780668304,0.1586117963668984,0.26850190625700826,0.06864891718338884,0.07661594509558593,0.07731512999319215,0.137371432777052,0.05330364864118935,0.14419768532999688,0.05735156120627795,0.14703122412555888,0.13221954405784836,0.19759333198402915,0.10997442455242967,0.052310070102485784,0.05497801247493054,0.08588934479015253,0.9088596863077575,0.006977672564444718,0.01253301099342851,0.013360728503073582,0.02163790359952431,0.0021090744638679673,0.009088325705662297,0.011798992810049582,0.020341032804392083,0.017570676524896224,0.007088738339525004,0.009633313826218858,0.008399305010387215,0.008995226865196193,0.02695870647533024,0.06830104145793836,0.01564884319558549,0.009523922840889413,0.02276143525147043,0.028331158589708506,0.021639029575191267,0.008023415841387818,0.007625484029185192,0.009652160002961353,0.007770907615039972,0.00560145212060639,0.006171248170637392,0.011397243033218712,0.01419863010982125,0.005976416058891692,0.0051680185399768245,0.005776020721150569,0.008108513393770021,0.005593369079427499,0.005069391250851935,0.005567735631698623,0.003685938998425805,0.011476245333204663,0.01499858262112558,0.0062138492994529525,0.01478069831543013,0.013904637543049114,0.05206756373681385,0.024465618007346243,0.006297067853634694,0.0039250751289207535,0.015533535665645967,0.00806911386175194,0.014560062801202063,0.006221820299349685,0.0040518435311846885,0.00821825315853304,0.005166320821676176,0.014303814373096356,0.01357099810118559,0.010524489011484403,0.005461887791660537,0.02052766839012942,0.09970639895710957,0.02161163991537023,0.04194000397252854,0.016296179796912953,0.02532249678164177,0.021247604450045456,0.0340268084665023,0.20536122915985616,0.5764193091424212,0.10785659801678109,0.3368203116486869,0.36643783371472155,0.2807017543859649,0.3043260324724855,0.03881442737277977,0.10380298572518253,1.1000856653340947,2.234151913192461,0.5833095374071958,0.706453455168475,0.7060965162764133,0.8300256996002283,0.8921330668189605,1.34230439748715,2.4171901770416904,1.015134209023415,3.960665334094802,1.0088520845231295,0.5818817818389491,1.0908052541404911,0.5261279268989149,0.6200028555111364,0.704525985151342,0.9716590519703027,1.075742432895488,0.5466162193032552,1.0335522558537977,1.3362364363221015,1.3383780696744716,0.8968446601941746,1.7682752712735577,1.1916047972587092,3.7015276984580234,5.276556253569388,0.4846516276413478,0.9066247858366647,1.763635065676756,0.24350371216447741,0.5156339234723015,3.424328954882924,19.060394060536833,5.012421473443746,0.0069000518951242385,0.006677236132337328,0.00826970229338361,0.002966496698232233,0.0037583496398287935,0.0032367322259199485,0.007486038307171525,0.002313094234880189,0.02083098853070144,0.015300967915482364,0.007339589314365427,0.005052966353867615,0.003117706711610701,0.0037229276467703617,0.0026663619613500346,0.0024008874542346898,0.003200929351215727,0.0029268850070701155,0.006176567208946909,0.0038307171525288164,0.002525245311584991,0.003717023981260623,0.003764253305338532,0.003912416265550683,0.006061160070272663,0.003615709463480592,0.0040063035912378175,0.003023248063454882,0.025529163631516052,0.008377682239964959,0.0026846442803479353,0.0022287289503377943,0.0016006551164307581,0.0004572484157704046,0.0019531610796090252,0.023406319778707763,0.12606534976837636,0.014316198420293373,0.013374849432724397,0.032764581815758025,0.012446450421112268,0.003036223423339483,0.0023089532842167177,0.003963751665717139,0.012304064915977329,0.0062290299193370705,0.0049631010695206194,0.0027279100592006948,0.009636005824631488,0.00519182882234971,0.0025486806743812945,0.0063380557364564535,0.006759516356642781,,0.007104692876714834,0.006580451274486198,0.007459013145662968,0.0208843224329687,0.008627889043655306,0.005995251346417023,0.02772384659227719,0.00902869003605685,0.0073942449244573955,0.009751808176340245,0.007929154233708127,0.005328700683365294,0.0035173213662034017,0.008425920434401546,0.05207365452161134,0.01909650145964718,0.06095180198881047,0.015942444431264784,0.013587404200357167,0.015206031011736485,0.026603964441281328,0.06433403185523463,0.028030662475535262,0.028481242051018457,0.03259823787965654,0.055828209741085606,13.74034620505992,12.653794940079894,10.880159786950731,10.693741677762983,16.165113182423436,13.901464713715047,22.37683089214381,10.258322237017312,26.735019973368843,19.025299600532623,28.561917443408788,163.20372836218377,131.98135818908122,4.214380825565912,0.089397298931667,0.11542531747631526,0.3435295303366257,0.11175922193106227,0.0921437210239871,0.1557271719411409,0.294119129207821,0.7606581334408385,0.8235360814351946,0.1729364039508164,0.005561591240080061,0.004916649143711596,0.004678142255243258,0.012454440316815028,0.0044084834466484426,0.1420503220329743,0.006817889768930632,0.0038719525910743792,0.016753553038811788,0.0019985009336758465,0.004628348213434715,0.0045780235046889665,0.004254344127983359,0.002433504666091745,0.004806390933012475,0.0031266054338523106,0.006354673617891283,0.0025188997797000075,0.0039016309267029346,0.0037498383690358172,0.0036017937757555425,0.00545596530027486,0.004999516780305839,0.005382612282989516,0.02297344382757516,0.008882516023372082,0.008390493318030424,0.01253653770651147,0.10001516233234829,0.029835567698779087,0.02646046586380993,0.962478999439985,3.355702818741833,0.8934104909464252,0.012592224800876918,0.1111980063103893,0.02000828060134298,0.026869838052558836,0.026193454690232258,0.01859036278127029,0.06179067405334606,0.03134663629350966,0.03063179635205415,0.03379880875090769,0.0655761798270527,0.06660496597855835,0.05564183942197312,0.07018387069866099,0.052253597772419794,0.06971118516959082,0.013418823375973174,0.024395374618460714,0.061330270501097024,0.022788229131825894,0.17689539039541247,0.06374519591818703,0.08488141480759978,0.03384460117587692,0.08499290014434417,0.08715806273690634,0.09431659488575687,0.06026662598429817,0.05904028728010985,0.06574701043268046,0.0986293171229742,0.029499642578311586,0.06005672628087086,0.011127838372924236,0.025365410145505217,0.017752492892743846,0.03845330293876395,0.10181136789506558,0.11349266357649275,,0.032437349433720855,0.14224452463539222,0.06467477683703356,0.17969491898159717,0.13583383433857613,0.22636386556251575,0.11015650757325988,0.069002967243954,0.07664410526928224,0.12022186451525319,0.10232847715103972,0.11654837504669405,0.11413273564935873,0.15654339434690573,0.1465072842734404,0.2422114307060142,0.22423110447017808,0.07331533041561908,0.4086662321134804,0.16696154204302074,0.1339354998913617,0.09566377999192972,0.17801160877797437,0.2244467206754198,0.04941903848203816,0.08822087197526916,0.21899584266069716,0.1424794797995949,0.114486728493764,0.14335358703762924,0.19823046583519882,0.2542411219181181,0.09965336016996534,0.06266353572626636,0.08719669014871968,0.05185723631605728,0.34849167696445443,0.03925274405757069,0.141498873300865,,,,,,,,,,,,,,,,0.05839753466872111,0.0563944530046225,0.08510529019003596,,,0.05442154847273257,,,0.05039028220405524,,,0.05112927809339061,,0.06442809682012339,,0.06858092074038918,0.06389416231608923,0.09367584242999524,0.08428988657203017,0.07349045710792639,0.0757318481287781,0.07349045710792639,0.07756571350947497,0.11867305061559508,0.12334701322389421,0.12528499772001825,0.12186502507979936,0.12633857370699475,0.08783321941216678,0.12451583504215083,0.12087035771246296,0.11879995620278112,0.11551516478703604,0.1177050257308661,0.11671958830614257,0.10226650607686412,0.11771035076393371,,,0.307959479015919,0.3154848046309697,0.016831614962456085,0.02358263105926657,0.02709591494638224,0.016969390801166502,0.12930260401077523,0.23765339718647116,0.15369649805447472,0.17345106255612094,0.013123359580052493,,0.014733665538184539,0.014733665538184539,0.011830042983757465,0.09481469170683064,0.162954960943992,0.12414824663453547,0.09257104869536315,0.01720239191973334,0.03949682584881325,0.03284702098792315,0.015627878930001175,0.013400110550912045,,0.00342676681037868,,,0.01927504660650879,0.0314158630485161,,,,0.06667418136729977,0.06413796990362397,0.04999154596178774,,,0.26588729016786566,0.28357314148681056,0.2239208633093525,0.3081534772182254,,0.047430691067630044,0.04597155564931526,0.012341121248879277,,,0.025722644390881157,0.32604095751531764,0.053224755700325733,,0.0250814332247557,,0.033452768729641695,0.094022891055532,0.094022891055532,0.08317083509961848,0.12971598134802884,0.09309029249682069,0.007766307291172316,0.0018327033560944018,0.0019876386740886732,0.001574477826103949,0.0029591249923230246,0.0013689582552075562,0.003766905985656432,0.003999174732274586,0.0012794244925446922,0.002468234861735221,0.0022223367983807744,0.005650367326757544,0.0020980657341048716,0.0031094893637526972,0.005193636991545615,0.0018655365228097427,0.002331296310633059,0.0016395244005684019,0.008371189323237294,0.002405888019436918,0.0013131037175681348,0.0028214443327406174,0.0008080638261957751,0.00189881441038118,0.4266847515705311,0.18989149057681323,0.0691747572815534,0.37642775556824665,0.0006158856212417694,0.0004223977451806569,0.0005690371788096496,0.0005604673417793838,0.0008714572055665852,0.001235444132963237,,0.0019923549704770264,0.003545287539844224,0.0014528546926746446,0.005229167424502209,0.0024976897085456466,0.0012351527244681628,0.07672783438326765,0.0004389655943344828,0.0008084733441582704,0.0007466812638324483,0.001032024797064779,0.001087670021232535,0.0006043330159614443,0.0015300539785975318,0.004340232799846386,0.0022524101398079203,0.0011429686095101085,0.0005000032949146288,0.0025197859623457158,0.00296130452259982,4.103861517976032,1.2423435419440747,3.030625832223702,0.030513001411005845,0.043527010683329974,0.038059363031646844,0.030588591009877042,0.032692501511791976,0.0018180065886311068,0.0018637609713168695,0.000890976093475859,0.000569584203531422,0.0008010016142031578,0.001210461744452654,0.0006708856252447889,0.0006127921772487318,0.0008384731756850275,0.001353818278875857,0.0006251069173769283,0.0034942556764335866,0.012164775907647458,0.0037935257898791277,0.012476080660841755,0.012804939459150597,,0.004273109010525537,0.00746044448188238,0.005152395793848012,,,0.0024103120700732896,0.0027188610549471292,0.0019860752646381837,0.007999822331925208,0.007884020818891193,0.003643781855330597,0.00482290745311125,0.002932693680573403,0.0034038664724863645,0.0014632362839764536,0.0020713245462667205,0.0027497827709855468,0.0012085276156209078,0.004583991139503861,0.004644061835563442,0.003980624430482951,0.006127938072323562,0.01333251010067878,0.005593455299688457,0.0017670185978707425,,0.009021269977057976,0.006940934012520899,0.008418555819107982,,0.0077818174748221025,0.004529537525983074,0.004658011681265503,0.016731288068704026,0.0019995849296521643,,,0.01721511774439221,0.01673101673101673,,0.018941515124721232,0.01298790611767711,,,0.0326008959913116,0.02918759575664721,,,0.030232847715103973,0.03210061013572407,,,0.030556593201344788,0.049570102740789025,,0.04454170158611913,,,0.026948086557936256,0.010020253704295918,0.02645773371708773,0.028632341967807267,0.03385556750941367,0.043134749865519094,,0.04155459924690694,0.03136767079074772,,,,0.1478737842117168,0.035512327527708665,,,0.030906854523090686,0.027619367102761937,0.04627462382786945,0.012226502871265537,,0.01711128879842989,,,,,,
2024-07-01,1.2072120824519113,0.5685541398140405,1.7022401692144986,1.495836637589215,0.757416563658838,1.1027723821296134,2.4417949491900592,0.4002183704108094,2.25242925030144,1.3188362101454738,1.3675298804780878,1.86152466367713,,0.7512581253931643,0.09614349775784754,,0.4652917988654937,,0.24161434977578478,0.33922205913189346,0.1713917525773196,0.6631390134529148,0.7379372197309417,0.7461883408071749,0.2423464038582512,0.34865799958062493,0.6574735020549427,0.5362680255882034,0.26918641224575385,0.2665653176766618,0.917681224170669,0.75349632759835,,0.7296508703088842,0.12009855315579787,0.2617949255609142,0.1857231149567367,0.2471692178653806,,0.5906726457399103,0.5886995515695067,0.173149507234221,,0.3483408071748879,0.5058295964125561,0.3110542115486491,0.26065271603599693,0.7642131129230426,0.3656983930778739,1.2091759734379717,0.6815592538813806,0.1081597746252138,0.4319282511210762,,,0.3821065564615213,0.3305037417625377,0.12280874370705631,0.02274478936062052,0.11785638149587578,0.13807579409980159,0.13453370722028174,0.2501598858660895,0.21278758957708138,0.1607057936078451,0.05729653498630721,0.3771338613666552,0.28561355176202424,0.3386956593037176,0.06269165805742773,0.05806726685361014,0.2753937292298801,0.9108510330877042,0.3185233347782113,0.05636194336418908,0.035493235471326066,0.052670208687078925,0.04677657884646985,0.05508024319439119,0.06154351755491044,0.07798652571616366,0.11913238757736758,0.15055047379087474,0.1721531467382374,0.13672563948074712,0.3429105746344781,1.0315368922135328,0.4698231893913635,0.3998336106489185,0.09854178351093662,0.2069545709478407,0.25931102524048344,0.1407529943215257,0.04245335538977874,0.02335014076890041,0.07674688638279596,0.0485294819386343,0.04086274634557572,0.02133252818035427,0.050434782608695654,0.07059581320450886,0.05210547504025765,0.11910628019323673,0.020213365539452497,0.17526939655172416,0.08799571090088376,0.04956676639975095,0.10937202746407014,0.06757060583525017,0.15049895366735266,0.2238633022604244,0.10900883761954999,0.2228406167504582,0.6218115783632909,0.15050527129958133,0.0924957543759353,0.07734602256486137,0.06628217846753989,0.04295740762249249,0.053111881730242734,0.04679022382982959,0.10695382369045445,0.07363652955914317,0.15186912011150008,0.18775821732565662,0.08896779438849159,0.1948265277339926,0.039887836201032034,0.27526589125421025,0.07632447858766529,0.05762498133368729,0.19175695631253212,0.06636911181536112,0.061358243873301355,0.07687202376014202,0.03395894294074616,0.059173829553767376,0.02857534747622531,0.04754937820043892,0.05389310534016094,0.03709080102414046,0.11826764813460132,0.1311151243599122,0.040085497439648864,0.18584262984637895,0.08137115947329919,0.04760652889539137,0.08603465618141916,0.04121708119970739,0.10673463789319677,0.13473847841989758,0.07345007315288954,0.047183613752743235,0.045446232626188736,0.10676892831016825,0.19554681784930505,0.04764081931236284,0.10773147788229807,0.11550571406359325,0.14213247298452927,0.14555313690429916,0.11787685609888829,0.04081473995179974,0.16351162248309103,0.2611171577392521,0.05935785132417601,0.07099764818160127,0.06654964381880774,0.11771021507208834,0.04113977981526296,0.13078155356351615,0.04696819932513037,0.12435665837281434,0.11029687446743243,0.18734449026892533,0.11261460854153175,0.04587750093731893,0.04962677664542078,0.07876887419475784,1.0227454464682364,0.00811243315949548,0.013880006845428424,0.013880006845428424,0.02213955666843807,0.0020656380509744224,0.009986196696381533,0.01231454851520657,0.0197249625726133,0.015100230333072465,0.008108224572660562,0.010137713322203581,0.009580298946472929,0.008459711027154244,0.02101158191840454,0.05722498473734969,0.014142283292485467,0.00886277848577025,0.021896276258961792,0.03160101196522245,0.018752071214762404,0.00778372611198974,0.007705592481928231,0.009650850444149272,0.007318965726279034,0.0055892488125035365,0.006196805142809416,0.010146594855574025,0.013781155784987027,0.007023117993631674,0.005619599527555792,0.0069844383508658025,0.008173837365916328,0.00681505411278631,0.0043216668761091506,0.005844977824638405,0.0034397096820663084,0.01395653200025746,0.016532674560094156,0.005343082114735658,0.014133536441459803,0.014168784079101828,0.05745058434453186,0.024795180575180143,0.00633735831728494,0.004484178861102911,0.018175684223843462,0.008263165539764873,0.016245191339021726,0.00802732053522759,0.0045966347573061185,0.010559921030970665,0.005775859779992534,0.01386253203821626,0.016156944698251154,0.01264972643541361,0.00855055283006196,0.025129988082798777,0.10899162984517011,0.025053455597882704,0.050407574529364264,0.019469707973903985,0.028181916154758055,0.02343143548389616,0.03971098834675776,0.008103193779422018,0.023799198137838866,0.004818646786306783,0.015046962138220423,0.015541610981794365,0.012575684714957375,0.013522696318062155,0.001454444611621986,0.0037280591769161247,1.119339486587828,2.315041822901644,0.5853042976636862,0.7867032016152292,0.707960773002596,0.7859821171041246,0.6065762907412748,1.3231179694260167,2.369916354196712,1.0266801269108738,3.9132535333141045,0.9521199884626477,0.5029564464955293,1.1892125757138736,0.5159359676954138,0.5866743582347851,0.8748197288722237,0.9704355350447073,1.05985001442169,0.5466541678684742,1.0328093452552638,1.2425728295356215,1.336674358234785,0.7933371791173925,1.8333573694837033,1.200028843380444,3.701687337755985,5.6897894433227565,0.5400201903663109,0.911667147389674,1.8167003172771847,0.2435102394000577,0.534972598788578,3.3460484568791458,19.864940871070086,5.333429477934813,0.0068795361989757026,0.006882796460889801,0.008050162006250113,0.002787332156442709,0.003819492722424177,0.00322708395462099,0.007336164647062263,0.00230327915225519,0.022115507244014305,0.015190902718578985,0.007435123185160822,0.005301569432551414,0.00268971607913231,0.003666068632348894,0.0026590312611172533,0.002393607585287013,0.00319160463379108,0.0025710041894365593,0.0061160595707385745,0.0037130547599344495,0.0024181554396990584,0.00393782105189474,0.004009738594117528,0.004210915932228744,0.006309565704346025,0.0037596573272948167,0.00401165639524347,0.003014208029641534,0.02547952219902748,0.008284900864065296,0.0023681008303119973,0.002091170347726111,0.0014343234620913046,0.000489998187677936,0.001829774054260347,0.025302125594877933,0.14373152318477725,0.013962934657638938,0.01374162040770534,0.03480578907447877,0.011758614043482303,0.015204291533900696,0.011272536603073448,0.016574032993183562,0.06041382648328157,0.033515911749284075,0.022895172024361716,0.01347799782196588,0.04519985479772517,0.025633041584318155,0.012679385310369863,0.029079175573750657,0.00722764344651844,,0.008432122415084233,0.005964672208552647,0.008335148389500021,0.020884818716294794,0.008470604171268444,0.0060308608291894895,0.02617759946187112,0.009997560256657921,0.00791261870659739,0.008866966259965811,0.0077894770868079145,0.004922977082405994,0.0032173656206969715,0.007754292108842972,0.05215094245433329,0.01829497094220473,0.05814138271009181,0.01594205913063736,0.01357333921283951,0.01640964627282295,0.025230569549427373,0.072386982440522,0.028180029369797365,0.028076860676503744,0.03234920938668708,0.05582840716689616,13.337819650067294,12.730820995962317,11.078061911170929,10.5464333781965,17.74293405114401,13.895020188425303,23.491251682368777,9.705248990578735,24.87348586810229,19.59892328398385,27.56258411843876,158.53028263795426,132.39973082099598,4.230148048452221,0.08070037029025157,0.10000381742527391,0.34353010039828474,0.12351915711249951,0.09019303447135021,0.14134653314161374,0.27633069082672707,0.7549721964192551,0.8235331543385039,0.16614707267105244,0.004884429586364001,0.004648174836967317,0.0038278341060568274,0.011722715534912028,0.003681178653390192,0.12934630550824355,0.005860723810167829,0.0035246250103971237,0.016106685273667702,0.0019985582654824725,0.005073411396480073,0.0046378874276437184,0.004254349078429742,0.0026004362171104314,0.004806166803754671,0.002701854225879015,0.006495320292217757,0.0027129406973823217,0.00372505442511102,0.0037496609838134805,0.0032499585609327346,0.0054488655430032056,0.0055483733847889825,0.00538261711572735,0.014172583629181458,0.0056540327016350814,0.004992124606230311,0.0072234861743087145,0.061178683934196704,0.029723920198831195,0.026460446474552743,0.015242451502985982,0.05310316739246217,0.014138466564921027,0.012592170070403353,0.11089409374509307,0.020009036752665358,0.026818070896041494,0.026143000823311814,0.018555304431515738,0.06299361648265686,0.032921069256259795,0.02872924900735051,0.033737539141520695,0.0586518064581299,0.0583992727027846,0.05582342839826256,0.05360449846796188,0.04384996127815751,0.05603555675275261,0.013341974416726871,0.025419659173005822,0.06211805703115039,0.02279121159321746,0.19073987505843357,0.06200331477625261,0.04927156091283291,0.028052027153144126,0.07005884491075025,0.0715864548642834,0.07384103032625035,0.05282288566011416,0.05657559950094801,0.054492941557867436,0.08174432426591219,0.02473156188921052,0.054324698780276605,0.01138697147381182,0.023574927633043866,0.016489769662782355,0.03251874118607586,0.09510795010868876,0.1073802840681257,,0.02927889404260029,0.14175109921621104,0.0681715280363018,0.1790691122760064,0.12229074575787824,0.20597461856552118,0.10059888777983744,0.07769499500926852,0.0697454726935691,0.1054648509910167,0.10232417748264412,0.10974444109065298,0.10338062179293692,0.1337659724318342,0.12294999496931282,0.23654291176174666,0.23123553677432337,0.06956767094084083,0.4086591215474809,0.18550333887199422,0.11593566793115338,0.08226478979214345,0.1739035018967301,0.21434617675643478,0.04513274336283186,0.06888888888888889,0.2,0.132094395280236,0.10454277286135692,0.13091445427728612,0.1745526057030482,0.21806667802578522,0.10564980308997274,0.07002928405533676,0.09744521862062001,0.05481605399402951,0.3420919802137264,0.03857746499185186,0.15146882796613836,,,,,,,,,,,,,,,,0.05976095617529881,0.05708743971482492,0.08597190186621934,,,0.05457437562519474,,0.01779242714943999,0.05481760507533704,,,0.055164551942902464,,0.06699629171817058,,0.07076637824474659,0.06656365883807168,0.09969097651421507,0.08719838173674326,0.07831238260367,0.07975726051148678,0.07831238260367,0.0827192602225112,0.11482164154830315,0.11579746286457768,0.11818280385991543,0.11655643499945788,0.11897036556348692,0.10750594851827817,0.11723988751892711,0.11356262167423752,0.12007148441863062,0.11861945716519601,0.11761420752820283,0.11928962358985815,0.10320562939796717,0.10906529831975048,,,0.19210762331838566,0.19228699551569509,0.014854576326888316,0.022281864490332474,0.025568275182121927,0.015095579777619541,0.10765391014975041,0.2615640599001664,0.1692179700499168,0.20199667221297837,,,0.013430413313825896,,0.010561448427212876,0.09717997204637015,0.15966455644166738,0.12159828989558497,0.09257584477513771,0.016176493979544765,0.04235791884712656,0.019119120711320364,0.014697227568435953,0.011850037379312539,,0.0033051529790660227,,,0.011908212560386473,0.03234082251418798,,,,0.06309267241379311,0.06082974137931034,0.04730603448275862,,,0.25665010230926627,0.2756503946214557,0.2092955276235019,0.2964045600701549,,0.038857969162477086,0.04146419383585829,0.011685975148386664,,,0.023603394798732063,0.2993626231296227,0.053676019180673315,,0.030347276377573874,,0.033748693358111134,0.09044868947134607,0.09178143047534429,0.08627276765881832,0.12270102176810307,0.09044868947134607,0.009772749790583932,0.0019515475772287423,0.0021166785260711743,0.002001086861881472,0.0025670356592778073,0.0014957054071974567,0.0029552692339235996,0.004241075462229963,0.0013984011520823806,0.0024894991095460437,0.0018496116219733321,0.005016717902570057,0.0021378977742692483,0.0030006356941607707,0.005520851166611591,0.0018745294664878746,0.0011723730605147289,0.0016476594363990784,0.00852093414685462,0.0027434553011240906,0.0014978500619288373,0.002454506123379737,0.0009230754813346641,0.002887929889996267,0.42666570522065184,0.18986155177386788,0.06886357081049899,0.48197288722238246,0.0005732307565437772,0.00044320384020497453,0.000567477353165954,0.000561915729900725,0.0008687639100512915,0.001235077119702559,,0.0019786795247915883,0.0035448920905103553,0.0014523484474395097,0.005228867177856618,0.002418753576114158,0.0012013266609476362,0.08448835456227537,0.0004388351342224527,0.004604525470899044,0.003652643891420966,0.005319243334812245,0.005080466260638083,0.0029831000685677407,0.0015300346258842145,0.004340742097578959,0.0016893490964868464,0.0011429081586710557,0.0005000353602376208,0.0024485924545412947,0.0031541331957750753,4.106325706594886,1.4360699865410498,2.9528936742934055,0.030450328934811102,0.043531372873376,0.03219361980989222,0.03059030119485411,0.024711466273047707,0.0015629160344703707,0.0016504021402398046,0.0008910720281939194,0.0005695313438629242,0.000800963620848467,,0.0007287327000344221,0.00023443831203333727,0.0008558215197064734,0.0013476822920117106,0.0006248984303449163,0.0034929804527440047,0.012161057746131972,0.003792458744766127,0.012476878330714088,0.012804889441571465,,0.003963121586245124,0.007060075752857718,0.0038470901957231908,,,0.0024106987359872405,0.0026361861462735,0.001986803777490795,0.004851646643743651,0.007705273682220349,0.0030154554106755454,0.004814435552474155,0.0029304325128026157,0.00344960362727552,0.0014516714695179892,0.0014879825706714464,0.003142841691324737,0.0012121727172292312,0.0036828727489048724,0.004263897765154973,0.0036494819413566003,0.006127150056711217,0.013333956961837833,0.004715056733670478,0.0017678806680549064,,0.005878175918584398,0.004712730422267015,0.00565846078403276,,0.0050407109854383,0.004394591652440684,0.003946163932803879,0.012577624384571613,0.001858655582770479,,,0.017379650929658316,0.01573353247470666,,0.0164700827596084,0.013421582969320634,,,0.027199486667617283,0.027163838585484105,,0.02306430914016826,0.03023443002314116,0.03217124459201127,,,0.03061173156253144,0.04956578988619619,,0.04649340063328839,,,0.024680432645034417,0.009144542772861357,0.02432645034414946,0.02542772861356932,0.036658733306888805,0.04174930583101944,,,0.030543435144783818,,,,0.14701539160561142,0.03538365422843188,,,0.03506513177824901,0.030445319600121177,0.04521134682222639,0.01201309470587387,,0.016801026809535484,,,,,,
2024-08-01,1.1356676143448552,0.4738224682860325,1.5373640626558913,1.4705634987384355,0.7431779687598018,0.9310060245935463,2.112907500662603,0.428593270754376,2.233464187837938,1.1446094731397325,1.19407674478496,2.3000886524822697,,0.6275045068246201,0.14450354609929078,,0.4929661777910805,,0.30695921985815605,0.2901879989698687,0.1719932716568545,0.7429078014184398,0.8588209219858156,0.9443705673758865,0.20916816894154003,0.27308781869688387,0.5594953230367631,0.5366486486486487,0.22312644862219932,0.25567859902137524,0.7400265957446809,0.4385546426362753,,0.5950172276702889,0.11619881534895699,0.21148596446046872,0.14716768082303494,0.23239763069791397,,0.6799645390070922,0.6092641843971631,0.1789853206283801,,0.46476063829787234,0.5948581560283688,0.2848889989271272,0.21459459459459462,0.5810062056737589,0.3113982811617841,0.7775421857054511,0.45999556737588654,0.09223429631592897,0.4751773049645391,,,0.38741134751773054,0.299645390070922,0.12454486508055264,0.022960413653216286,0.1127570784910303,0.12953264501970171,0.12003923720218797,0.2250652567875372,0.19843051191248107,0.1575473423445891,0.06301228656458344,0.34006683625118456,0.2781851131394749,0.3182868638502336,0.06334480522719338,0.0572264618351705,0.2925787506673785,0.9086263442910532,0.2501716116238273,0.04710406621508189,0.030833349600796457,0.05329220918656178,0.03980322876608039,0.04403927616296094,0.05400472407129053,0.0678255607394538,0.11450016592812384,0.12118609327112656,0.13582681008062156,0.11892166240459133,0.3988716502115656,0.9847672778561355,0.5515749882463563,0.4123186168570547,0.09496284062758051,0.19966969446738234,0.23136572242443423,0.10999775667389516,0.04037986988708592,0.020743288716069692,0.07153219172960443,0.04503103267778359,0.035967995214237644,0.01568765307147327,0.048809036335401325,0.07042639821374766,0.0575239699303887,0.11591325241630805,0.020833172374896666,0.19253187613843353,0.07623461722870385,0.05007724681689841,0.10961944843996946,0.07211478699412213,0.152611297568945,0.2275851046827553,0.10697352298758724,0.22715385993193624,0.5839333691563676,0.16543077198638725,0.08511552928533048,0.08081676518001076,0.06772344617589111,0.040895298489652586,0.051532508267703114,0.04231018376461764,0.09645085404520813,0.07231257031809349,0.14999488595683746,0.17307626743036378,0.0787562647028741,0.18461695816712692,0.04582182673621765,0.31098496471310216,0.07654017933244689,0.06499948859568375,0.19000375029831917,0.06307319900446626,0.062084483993044906,0.08458627390815178,0.036284631954244966,0.06269033647775385,0.024920151526405705,0.051041125058803136,0.05698333704721583,0.036953130802941395,0.12047834806506721,0.1368565698581297,0.038030156725841195,0.2178563470251801,0.08936839238406497,0.04580455074401446,0.09099012107256926,0.043576221248359706,0.1122830473643814,0.15194731238703607,0.07597365619351804,0.04804525984797842,0.04804525984797842,0.1172844091212954,0.2178563470251801,0.04886231399638515,0.09816267167421482,0.10687065061305645,0.1131853161014765,0.13292094701572224,0.09830995250193307,0.03774071210280202,0.1752825950881844,0.25810965057623625,0.07406284011633094,0.07301015219369458,0.05461487679982871,0.11865041839884383,0.04203614823273324,0.12882045426160188,0.04726390350955448,0.12270059057576675,0.12398522668474672,0.18502328402947527,0.11021107284957268,0.05796920441772084,0.05208128891822934,0.07889806769318607,0.8300118223273096,0.0077361200382577355,0.012750528196627538,0.013079593926738282,0.023019224204475906,0.002773993351027023,0.008775354865566607,0.014588115896670804,0.021491719170412957,0.017527920547791197,0.0088087790011349,0.010747378864095946,0.00920834934906496,0.00785631956179008,0.02595728946737694,0.06250007527517593,0.015600629661791644,0.009130531034673603,0.02156792207432825,0.03435536984254366,0.018800675208235328,0.007492320889946592,0.006866923098209592,0.0081149514348175,0.007484019149348314,0.005618894761601683,0.0049934969698646825,0.010114287295569638,0.014422890666076322,0.008056175031241411,0.004923532928871597,0.005903988982620992,0.008247448972363042,0.006847577384974689,0.004832189304216903,0.006063551904146563,0.003566051380540835,0.013183009092956813,0.016300933006129153,0.005349867419078217,0.014033423828209901,0.013751269496903811,0.055487980778730156,0.02496473070858674,0.0056085531013793264,0.004876700611343868,0.019301451430238942,0.0074644322005831655,0.014267263574203898,0.007233605307628945,0.0043247232586272515,0.00943225076292534,0.005224870941518965,0.012471600186205507,0.015429118001950064,0.012366608689744724,0.008143016946090726,0.022643423402141365,0.10973309772006334,0.02382766572251519,0.0487700940986287,0.018336456058356744,0.026145970603924984,0.022296025068263774,0.038547319127057465,0.006972319899017221,0.0212172031376792,0.004312505635199712,0.013466774862501129,0.014103327021909655,0.009764674060048687,0.012098999188531242,0.0013019565413398251,0.003173744477504283,1.049538505912893,2.1895010095183154,0.6136429189501009,0.7789154888952985,0.7058696279203922,0.7701182578598211,0.6057109893279492,1.3857081049899047,2.233919815402365,1.03684741851745,3.839558696279204,0.951398903951543,0.4909143351600807,1.165993654456302,0.5036054225555235,0.6028987597346409,0.8539082780501874,1.0020911450822036,1.0441303720796078,0.6163109316411883,1.0193971733487164,1.1945486010960484,1.2689645226420536,0.7613931352754543,1.7895875396596481,1.1388808768387655,3.5740553792904524,5.805090856648398,0.47115661955581195,0.8394865878280934,1.7512979521199885,0.20017306028266513,0.5748485722526679,3.3867176233054512,18.247115661955583,5.1920969137582915,0.0072294496037810995,0.006799601028423492,0.008045064744717162,0.002674308593268618,0.002727402925047065,0.003004825706590535,0.007691624986310086,0.0023073503518626017,0.026936459015584065,0.016428875244581684,0.0074234104468093726,0.004781036820625208,0.0027632562930007755,0.0034242905196446086,0.0026390429854452955,0.0023870898095520033,0.002999535865417036,0.0029135269663368222,0.005817062010457037,0.0037034765815792446,0.0023251790758177264,0.0037767506778343704,0.003996377046556284,0.004172901005716359,0.006223596100642559,0.0038576656557845488,0.004244999581710707,0.003005805306807849,0.02536184962627272,0.007958076245419634,0.0025612627281905234,0.002140426474832209,0.0012962070075505623,0.00048294290713605446,0.0016098749971346694,0.025006058827344087,0.13380143856251112,0.015294498192931478,0.013090789544060752,0.03506714081929452,0.012263027360429987,0.0030935013373593594,0.0023192054177281294,0.0031149258677771715,0.012236419693160553,0.006825386729511955,0.004093759101240949,0.002523407973272898,0.009063580641597735,0.00561456600261781,0.0027815066131499752,0.006176290409509813,0.007256118185710265,,0.008147068261756402,0.006069498836639967,0.007826956995495576,0.019034793571598086,0.008418295541543898,0.006030864718298143,0.02641864088325479,0.01161704284996795,0.007968878246547174,0.00876521415522558,0.007668478265154628,0.00496150803933067,0.003170728381087458,0.007000320482223464,0.052783251735377144,0.019242570949309257,0.05859966315272683,0.01217235806728763,0.013572763102267925,0.016259358762802243,0.026200274114582624,0.08045723267009425,0.02808225483109905,0.03024210045413013,0.032977279855987564,0.05647135434423882,13.212121212121213,12.293388429752067,11.752066115702478,9.0,17.714876033057855,13.837465564738292,23.935261707988982,10.62534435261708,24.955922865013775,19.578512396694215,28.714876033057852,165.4228650137741,128.72176308539946,5.951790633608816,2.2031249999999996,1.8988636363636362,7.492897727272727,2.6289772727272727,1.965340909090909,3.004829545454545,6.280113636363636,16.665340909090908,18.592613636363637,3.1593749999999994,0.004515829878247842,0.004313922067955526,0.003605933642255197,0.011713275176308784,0.0038519814716806815,0.13562392354074626,0.004342329010962021,0.003542547454553416,0.018246091856125232,0.001860823646228114,0.0049710067343906005,0.00435717557188669,0.004254607382779353,0.002421003755968186,0.005047143890151047,0.002734113677632208,0.006849411833144273,0.0026895146601956543,0.003377890798890288,0.003824989023378473,0.003249911009724525,0.0052629610700440045,0.006113666551706466,0.0043058827766074,0.0144183538955322,0.0067033652117100846,0.0060058345111812265,0.0085437312997526,0.06424352931498542,0.04698530122812107,0.037182090706894884,0.015242173732964699,0.035171778212846345,0.013791775370126684,0.012591448451552223,0.12026302355623475,0.019835101432480393,0.026779798620766886,0.026105579455212254,0.01852819589216226,0.06290068215115574,0.032808111159843605,0.028685809202974963,0.03368762889484048,0.0604478036432929,0.058645354872655396,0.05680735484421438,0.05598256566317316,0.053319776453690924,0.05775301830178751,0.011620465236406866,0.019419983250122015,0.055280294585155654,0.01675557522157506,0.16231619287807342,0.055056203247045514,0.049273626633522374,0.02805356091522541,0.06528051044900793,0.07493194180961822,0.07709571422101677,0.05809477323161926,0.05611718588817825,0.05129650223673683,0.0817453088910918,0.025733701037611308,0.07222970544468815,0.01098410160461937,0.025686674302912632,0.01432971787318233,0.0329825362861644,0.08452980463587985,0.10096789171041823,,0.029855438451825703,0.15961037957069601,0.06785373772772954,0.18363697271110882,0.1283759517310731,0.2025571038643873,0.09723818416894124,0.08064574055451802,0.06821936503375953,0.103720729780204,0.09536939211997836,0.11003169531270132,0.10918133326461721,0.13376452701832142,0.11938567784162651,0.2104774911742727,0.2512433323884866,0.06066932168550874,0.40865878725590954,0.17853931140801646,0.13158401849948612,0.08218782117163412,0.1593974820143885,0.24784815005138747,0.04660161857407368,0.07229492167183306,0.20652422660037031,0.11600474337903342,0.09904924376391287,0.13504067239478226,0.1761499573511973,0.20828147293646215,0.1270938912050328,0.08772499188656165,0.10015727588186833,0.05493929731590845,0.36800347300190117,0.039116180895495574,0.14790197751530665,,,,,,,,,,,,,,,,0.05825392737574041,0.054802987380891066,0.08251352047386042,,0.015761384607711107,0.05346900094767818,,0.01803913744658919,0.0567703952901598,,,0.056402439024390245,,0.0673734395583715,,0.07013361771532527,0.06599335047989462,0.11316730443510445,0.08588208374647242,0.08130577377774387,0.08267866676836244,0.08008542445274959,0.08229730760430172,0.11470270270270269,0.11275675675675675,0.11351351351351352,0.11264864864864865,0.11572764846639114,0.09810746138786165,0.11431368283663258,0.11170328475092452,0.11657801418439717,0.1164671985815603,0.11414007092198583,0.11546985815602838,0.09995567375886524,0.09355950172276703,0.08861206820390494,,0.22828014184397166,0.23204787234042556,0.014835926366954926,0.019374548577898377,0.022244129072559394,0.013996525269877214,0.06529793146032727,0.2229083050324174,0.0932386539055264,0.20886075949367086,,,0.014224169947262869,0.01375374483151353,0.011166406694892174,0.08909637600886217,0.1499446114891597,0.11425858521918025,0.09012501978161103,0.008090929484782771,0.036775592611979366,0.017542810139833994,0.013489867643759814,0.017258655499887834,,0.0030942649865181213,,,0.01280199021887772,0.02989800802680511,,,,0.06599878567091681,0.06812386156648452,0.0493624772313297,,,0.1952608794714058,0.20915926179084074,0.16450216450216448,0.2248803827751196,,0.037990327780763035,0.04277270284793122,0.01216192011463371,,,0.07406284011633094,0.3084375613324531,0.05383382769083904,,0.030377416385394294,,0.03383791892536907,0.08402296909305859,0.08579631818949501,0.09820976186454991,0.11433879412261441,0.08959635196757304,0.01098064662953657,0.0032137727847264294,0.0021358518650645983,0.0022896208978266286,0.002358816962569542,0.0014402763872155722,0.00273166344326329,0.003839217753685391,0.0011652869082218816,0.0024960566732158177,0.002457315217090517,0.005538644602484988,0.002541716246506351,0.0028986098365113354,0.006024268379728765,0.0020450100480237468,0.0012774231740425345,0.00179717295771616,0.010148574795109536,0.002647175304147241,0.0014451770689307773,0.001948518654904531,0.0008901117310241379,0.0027652907376656223,0.3774156331122008,0.18531871935390826,0.07484857225266801,0.3579463513123738,0.000552102682478459,0.00044199561805230783,0.0005658170855208622,0.0005634660449993074,0.0008663584321929545,0.0012355157206877466,0.0023960434930100517,0.0021389419557571103,0.0035446684163854617,0.0014521475715212435,0.005228981515863302,0.0027506709624049597,0.0008779816909521366,0.08904874320896389,0.0007515286439412073,0.0008158059473157407,0.0006711903669955109,0.0014347740214178354,0.0010290469766305239,0.0007250864513278188,0.0015295957057783235,0.004340424927994676,0.0006047422197587496,0.0011424660709653562,0.0005003273009941768,0.0024385628758847354,0.0031536814543074174,4.101928374655648,1.4600550964187329,2.9242424242424243,0.21789772727272724,0.9485795454545454,0.46704545454545454,0.6664772727272728,0.21789772727272724,0.001577677911591475,0.0016449805150222472,0.0008911597661287491,0.0005696479425807497,0.0011799286677694062,0.001210304631466579,0.0007498729205015589,0.00023462961347056537,0.0008484893814171685,0.0013421257110565398,0.000624940269173076,0.004907649163523837,0.01472294749057151,0.0053307223672758915,0.011516498474037368,0.012803198672891036,,0.004300343474515893,0.005822538766155587,0.004226925252759687,,0.0037072719999549264,0.0024095389949048487,0.003868784356589235,0.001986136439366209,0.004852082078319433,0.007447190930086356,0.0031630453873212274,0.0047871893692668045,,0.003465979183441307,0.0014491709808062013,0.0015204027603106024,0.003320983853338515,0.0012679256751783367,0.004292110447248514,0.004639107345548889,0.0036585860223771684,0.005119801349037618,0.011144078686073406,0.003325287568058249,0.0015420522588596788,0.0012856765754285745,0.005850278697032398,0.005139213717151157,0.005769399268041168,,0.0052066132413105155,0.0045548751608146375,0.004400358746804701,0.013382465074251856,0.001971763804865923,,,0.01607200257152041,0.01516021476131476,,0.014958750113323864,0.012923957168615836,,,0.02673825599770148,0.028677632524062635,,0.022679931044390176,0.030226505527353315,0.03203030381116809,,,0.03066457082485119,0.04955678314491264,,0.04936408016443987,,,0.026733517798073522,0.009445149478852435,0.025173195747602302,0.026317431917947866,0.03253781950965049,0.04257955138236828,,0.03817814293166406,0.034233176838810636,,,,0.153425821924046,0.03700555538690385,,,0.032453753401403,0.029458022318196574,0.04657115911438452,0.012170476489872907,,0.01705064295444679,,,,,,
2024-09-01,1.1469275660830758,0.48753237836656993,1.3279992808019059,1.4473131030022097,0.7009612403100776,0.930257689110557,2.208231789872732,0.45276594976090595,2.209370529327611,1.076584752862329,1.2880844645550529,2.42334146882627,,0.5976621417797889,0.14488573330374974,,0.4250910235087877,,0.23252717994231198,0.32185951303598365,0.1662264862825419,0.7299755935211892,0.9025959618371422,0.921677390725538,0.20248868778280546,0.3134561516914458,0.5112159329140461,0.5123493975903615,0.2497306614953674,0.2652445593622065,0.7449552735593926,0.40391732105785716,0.6643751282577468,0.5999638956584529,0.11091359620771386,0.2391725921137686,0.16527131782945736,0.24111182934712347,,0.682050144220102,0.6636343465719992,0.1904761904761905,0.5882413297763185,0.4865764366540936,0.5808741956955846,0.28279301745635915,0.21576305220883535,0.5587684626586228,0.3024496124031008,0.6799350121852152,0.35895568961930513,0.0926076360682372,0.4468604393166186,,0.17679047814487997,0.32702309132515084,0.2738714374869981,0.09917922791249259,0.02648004244296726,0.10217520207221546,0.11874668414318258,0.10058359079986268,0.2039603033423837,0.17741784477108885,0.1414505508223325,0.0559560590456574,0.3003464095122179,0.2510376681334457,0.28585026370814215,0.06283743719377087,0.05587803888524795,0.24462346760070053,0.8278809106830123,0.2645183887915937,0.047238337133566156,0.034279062160263996,0.05210648348582368,0.04306289144803301,0.0495377185133874,0.054482831606392085,0.070241771774372,0.10894642152759737,0.11678740824121375,0.13949259676162437,0.11627750358376386,0.36725229644163027,0.9661107642914475,0.5189512173370195,0.3561425843411839,0.08623724040830692,0.17584351586463517,0.3032988308883759,0.1312198625218016,0.043705755617112964,0.021926160430315558,0.06771314250538628,0.04805874334960208,0.036480089111668064,0.014078453571503448,0.043681992578149566,0.06321152273727908,0.0570091759789225,0.12044083834762494,0.0184008777631018,0.15971419564988967,0.07209204479254319,0.05505210693248754,0.09910026538934559,0.07099164994498025,0.13800245970612984,0.2317949381837012,0.11536345394523918,0.23113575327038033,0.5661786364030148,0.15512431776834446,0.08167720696526033,0.07523174218140866,0.06490513731265703,0.03806070853723966,0.05531077763506593,0.04292194384379013,0.08885167541905799,0.06267579299917081,0.14847090575056496,0.17757328434161965,0.0731461459671257,0.169915619360398,0.04329588502121709,0.29474693937275426,0.07139024826442518,0.06477311525517421,0.1767441104264555,0.05968426357975515,0.05887134797665306,0.07277220478969873,0.037941198700022674,0.06766936235608294,0.027347391227672387,0.048497216133827126,0.0518731262439221,0.03285214017584964,0.1210540901418386,0.14196457813720303,0.03839467916257275,0.215579573224498,0.0805809588592447,0.049064066712014714,0.09189277706396594,0.02775048497216134,0.11859773763635906,0.13166049429370416,0.07837653994407073,0.04510870934421687,0.048497216133827126,0.10865895749880332,0.21426951855490892,0.0507520217670622,0.09470881739648496,0.098339291033661,0.11584003574620197,0.1104781054512958,0.10001489425081918,0.037850014894250814,0.1714142091152815,0.26668156091748585,0.07049438509997262,0.062157628047110385,0.05976102437688304,0.10851479046836483,0.040023281292796496,0.13333675705286224,0.04598055327307587,0.12917693782525336,0.11801561216105177,0.17366817310325938,0.09961311969323473,0.047983429197480144,0.04919884963023829,0.07855724459052316,0.6960894693387375,0.008508603270254655,0.014028667774379198,0.014128231326937328,0.022875134247577016,0.002601709881600982,0.009028266334650915,0.015321849357381184,0.02438822974515991,0.01844720171386192,0.010062110025742865,0.011372280602011469,0.011108658401210756,0.008769209811031898,0.0272962576141885,0.07671080030878413,0.017325644003035944,0.008760642100474426,0.02141678039903815,0.03447195684668876,0.017519984402417626,0.006524988626762852,0.006641970494573341,0.007562227854682524,0.007055306427503737,0.005236888282316241,0.004649379346201339,0.01133034379671151,0.012800415935529993,0.00806242950734839,0.005119070933655069,0.00627125500864138,0.007203294731831301,0.007348160437638723,0.004301440325922984,0.006057408053910532,0.0038578442833761984,0.015233600558578699,0.019802479653834942,0.006277604645427438,0.01382674451750523,0.014683509437225555,0.05376400049964609,0.024987108490460284,0.005399276412913126,0.00487631392379845,0.018465556460882483,0.006970498534226415,0.015263189433044846,0.007420308532304217,0.003483303722138823,0.009456905011490388,0.005224955583208234,0.01247094328580756,0.015487316214093994,0.01184369958606585,0.006270102343447831,0.022468709800176966,0.12633201736671265,0.023758217009199317,0.049755367174920836,0.018196293036427603,0.02614345514779527,0.022396335527129847,0.038182487449289364,0.00869335515444261,0.023182280411846955,0.004712128193720605,0.014714352675734078,0.01701430818609381,0.010224672683360874,0.01329922460912673,0.0012443196262870216,0.0034678085674335834,1.0137016903715839,2.3913917640926354,0.5800134038275374,0.7984957926874675,0.6386179164494751,0.7891875791198154,0.7466676595427806,1.5600565939384914,2.3799985106858292,1.062178866631916,3.9463102241417833,0.9770645617693053,0.5002606299798943,1.1566013850621788,0.5078561322510984,0.6101720157867302,0.8940352967458486,0.9804899843622011,1.0795293767220195,0.6815846302777572,1.0150420731253258,1.2172164718147294,1.2872142378434732,0.8016233524461986,1.920023829026733,1.166654255715243,3.6857547099560652,5.649117581353787,0.5616203738178569,0.7147963362871398,1.7915704817931344,0.20507856132251098,0.6010871993447018,3.4555812048551644,18.25005584928141,5.256683297341574,0.007449408024394064,0.006791296220239942,0.00799878660020545,0.0026716463333559862,0.002720300513429637,0.0030015886476206237,0.007671405032260479,0.002392524984512409,0.0261749639771936,0.015551806360302917,0.008008635624511857,0.004752745169299803,0.002872763409692819,0.0034741448338420355,0.00263205325564423,0.002380706155344721,0.0031743405339550042,0.002905856131362347,0.005731147243898283,0.003718991578099316,0.002380706155344721,0.0037534631631717407,0.004102315604104679,0.004161803710915378,0.006207249078870002,0.0038476198355409928,0.004532127024836285,0.0028304126051752684,0.02598290800321866,0.007712179992889005,0.002749059664404346,0.002128177172128443,0.0013225269838643436,0.0005397265319911083,0.001632968230002295,0.024940487270628538,0.13345014276160733,0.016269800232239996,0.013226254741074077,0.03490316931753156,0.01254095962983427,0.003117082435137554,0.002504262071143855,0.0031147202421045383,0.012236159911019564,0.006099519867393232,0.004607288782822672,0.0025818769850857884,0.008940563173815563,0.005615270295625084,0.0027944743580571706,0.006344513030531683,0.00743540812084863,,0.0085083959309123,0.005986477174370056,0.007115896195185226,0.01957606649027277,0.008475808893717775,0.005577947000760629,0.02637245075979459,0.010396854476624364,0.008509985542482766,0.008509985542482766,0.008449580302805107,0.005236056443554297,0.003145586255308875,0.007059310754880556,0.05288296717884475,0.020035176263669036,0.058043412699026416,0.012753328813862232,0.013597077981497662,0.015250207715235515,0.023646457069750215,0.07523372797080043,0.030954940185745104,0.03192327553393771,0.0403805291561735,0.056471908393929474,2.301117047110248,2.1306459446333172,2.0381253035454105,1.9832442933462846,2.7391937833899953,2.4201068479844583,3.4783875667799906,1.997571636716853,4.347984458474988,3.8807673627974744,5.205196697425935,29.054152501214183,23.912578921806702,1.0021855269548325,2.147193585337915,2.0509736540664374,7.488831615120274,2.4994272623138603,1.965349369988545,3.0,6.280068728522337,17.15922107674685,18.74856815578465,3.2010309278350513,0.0041465783304381896,0.00456012804527505,0.0036869308981918618,0.012464113591867653,0.003827883534116965,0.1369053449860089,0.003968392922759285,0.0035532023957372703,0.01687403291056786,0.0019219504396864272,0.005492252746225792,0.00443006991477484,0.003616034626126357,0.0022305441788125742,0.005341932600105065,0.002723755509852461,0.0071408525628405915,0.002467408620571698,0.003422426443382383,0.003653362039717014,0.0034525849009448255,0.0063729288749080236,0.006641283298218278,0.004465406434083525,0.017463776749604507,0.007889188956624767,0.0066663026138988725,0.009630023100802902,0.07760032963323338,0.1408741299834158,0.08242468561877277,0.015243301205413265,0.03517175290260556,0.013791998422363004,0.012591978529104679,0.11562778707146319,0.019831125186769983,0.026741848515307226,0.026067842146299307,0.018484683381398363,0.06281175730134425,0.03274919448019314,0.028646444909960267,0.03363925863996318,0.05382884679825751,0.05206721026344764,0.050308765099171836,0.04999920215736648,0.04749078491758286,0.057294675198263895,0.011154684416152425,0.019409518419011847,0.05471124620060791,0.01586648191912027,0.155755780405244,0.05115718365351749,0.037150637152166925,0.021149168566139912,0.056269026602823964,0.056494668726766506,0.06145114656794505,0.04031727577291988,0.042673132524591165,0.037663112484511006,0.06163089537854334,0.024982429035464854,0.0658483768227897,0.009782753227675377,0.02338679549930033,0.013793998644977871,0.03224826031621404,0.08267326732673266,0.09601260126012602,,0.03225252118581655,0.1485412963854002,0.087865903355362,0.18218820271610514,0.1279571250699244,0.20192359745204544,0.09693776278037426,0.0796867387263836,0.06797553097424978,0.10339787429850046,0.09538405590045977,0.1118268956022547,0.10205990077148867,0.136659999480479,0.14136166454528923,0.2154713354287347,0.25679923110891756,0.06957619710557839,0.40865088872341115,0.1927995596853045,0.12872729627351312,0.09541230938582575,0.15650597338686179,0.2376728073299446,0.04542388126827074,0.0725514647259644,0.20132060428889753,0.11392767340597337,0.09685794304638469,0.13866345033423963,0.1647075658768935,0.2015644844706154,0.12486686615610895,0.0860171425673277,0.1010042095653497,0.054894675336349744,0.37608246187037425,0.0388637521349594,0.13692206274533306,,,,,,,,,,,,,,,,0.06038569273863392,0.056938159879336356,0.08559577677224738,,0.014667790156976564,0.048887432512561245,,0.016821146584277375,0.05659462081604053,,0.053145043928205675,0.057403115399126826,,0.0657984496124031,0.06486821705426357,0.06896124031007751,0.06486821705426357,0.09482170542635658,0.08112084063047285,0.07453590192644484,0.0759369527145359,0.07292469352014011,0.0759369527145359,0.10532128514056226,0.10411646586345381,0.10451807228915663,0.10421686746987953,0.11079664570230607,0.09423480083857443,0.11058700209643606,0.10681341719077567,0.1087996671520699,0.10911171208654047,0.1078635323486582,0.1067193675889328,0.10869565217391304,0.09450311399945843,0.09125372326022203,0.09152450582182507,0.23452407366319059,0.23186154870201905,0.014498609788245253,0.018953059908986828,0.021752725103664577,0.01393098007523499,0.09977721196690005,0.1718650541056652,0.14226607256524504,0.2129217059197963,,,0.014158667775174464,,0.011261431486660116,0.08563556482239928,0.13999553205748755,0.10663489463102242,0.0843696477771986,0.007870553576924769,0.038033680692960474,0.017060194345512907,0.013102932770522798,0.015741107153849538,,0.002777952491770971,,,0.010832267577974855,0.029993297587131366,,,,0.060050436061784174,0.057896395923085,0.042397814437322684,,,0.22549019607843135,0.24112347641759405,0.19448860625331213,0.2609962904080551,,0.038776747812527074,0.03875942129429091,0.01166074677293598,,,0.07049438509997262,0.29687072035058887,0.050937291690376696,,0.029118636903116717,,0.03202887476222218,0.07806049688508596,0.07603392629287699,0.08534113938302185,0.10080312241987541,0.07933648577647678,0.01079203622154686,0.003066883856667657,0.00190313282430787,0.0024107437234157153,0.0024841922457946642,0.001710368134110648,0.002861730155680026,0.0032365183447701958,0.0015452072372234547,0.0023266393708975108,0.002435822447520634,0.005261584454409566,0.0023266393708975108,0.0028054777398292866,0.0057397854296067675,0.002074054762577216,0.0012962842266107596,0.0018234880908412812,0.012712275594371663,0.0026474976011430468,0.0014451508069731444,0.0019486578463439705,0.0008949506882170792,0.0027338797980057386,0.3666691488569514,0.18988755678010277,0.07669967979745328,0.3666691488569514,0.0005507574392142843,0.00039671869906207744,0.000564349092757126,0.0005598185415761788,0.0008641533926441577,0.0012358729522605077,0.002170576864698309,0.002056588582693699,0.0035444356320170284,0.0014518507497429264,0.005228916998136946,0.002743849147982828,0.0008778100366216038,0.08782363649541058,0.0005712799655526708,0.0008156315086854463,0.0006735624705569512,0.0012013438853620973,0.0010289037939519758,0.0007552268582697679,0.0015300011365722728,0.004340434393153861,0.0006048472025618181,0.0011429307191641186,0.0005000631523053169,0.0024375930637288387,0.0031541784056921276,0.7173385138416707,0.2583778533268577,0.47353084021369596,0.22250859106529208,0.9487399770904926,0.640893470790378,0.6666666666666666,0.21792668957617412,0.0015872685196471575,0.0015478195114794397,0.0008911837234300194,0.0005694667969441266,0.0007464309901285794,0.001147682385461417,0.0008408066270418044,0.00023456578104122077,0.0009000065622569696,0.0013378626868672484,0.0006249502594883953,0.01578761801538281,0.04791130727745204,0.017132634273103593,0.011517121319966727,0.012805615347014382,,0.004315704619712029,0.006164243293057547,0.006333928205728328,,0.0037182181329395506,0.0024100263152912666,0.003869673046704909,0.00198724917390995,0.007404612866983369,0.007857990280514865,0.0031752965568136505,0.004781452847735621,0.0026658604548643015,0.0034671078988402766,0.0014121814613285676,0.001740094783704862,0.003287111650098135,0.0013140468174057348,0.003945331822751281,0.00470281190007152,0.003593610800908441,0.0051206825782401265,0.01114640038220075,0.0032802490416527314,0.002139053156573546,0.0012330796117361246,0.006118254547925195,0.00515346593514854,0.005798923105668133,,0.0052078202231922955,0.0042676865213289355,0.004128385180870127,0.013233627343586756,0.0018425768215233236,,,0.016003600360036004,0.02388302193338749,,0.014612103980503657,,,,0.039590739303823744,0.029647941967266365,,0.022610390313441725,0.030236122295243785,0.03072966724679845,,,0.030807595397043922,0.04956777932463496,,0.04930877068022145,,,0.025941901588404846,0.009199255882413066,0.026739170431547315,0.025717030889056972,0.0324611449931143,0.04134697357203751,,,0.040199357334907204,,,,0.14472924604549128,0.03495554785821499,,,0.03281432266571994,0.02974590454937364,0.04626494471578821,0.012090612171515896,,0.01706469301531178,,,,,,
2024-10-01,1.1592446525894886,0.4539752964697505,1.3276366295010054,1.4194013524264122,0.7154236060825488,0.9921650764098985,1.9110740687056096,0.4291073289336575,2.034506089309878,1.2686052611856404,1.2602128737962492,3.652021772939347,,0.6321338063862139,0.13724727838258163,,0.4375342716139645,,0.1634914463452566,0.3111505321844906,0.17427406523468575,0.9090202177293935,1.2888802488335926,1.3320373250388802,0.2050177394830208,0.33071464774455145,0.6166294642857143,0.5492143760158931,0.2047643182970096,0.25671566142929547,0.5954674220963173,0.32555442817799685,0.6340130334244272,0.4939121611827802,0.10836289913836795,0.19716168271667509,0.15556360125512914,0.24738976178408514,,0.6910964230171073,0.9121306376360809,0.16827166751140396,0.6443136430523438,0.5036936236391913,0.8460342146189737,0.250019393375223,0.19125880440671844,0.43474976392823417,0.28620564808110066,0.4770256558921583,0.3305004721435316,0.04007827221336426,0.5911741835147746,,0.1154088711372714,0.292823418319169,0.252219074598678,0.09395283871497823,0.022389286007723278,0.0939391449620683,0.11349382411743762,0.0859556870155835,0.17024073617615643,0.1592035713307589,0.1324733656505902,0.04643551611754717,0.2914030619231507,0.24652863363733465,0.27428587078574757,0.05079012954290253,0.060375756579848276,0.24792196194270802,0.7053651164388267,0.2822010029539053,0.05392516175738655,0.03333785801547442,0.05041400841590878,0.04166327315506086,0.04873082665942718,0.052079091443826074,0.06665761730238451,0.10442966381611693,0.12498981946518258,0.16101533867245826,0.1041672322519343,0.36435575434371237,0.9505418888697746,0.5861861345260623,0.3401300236406619,0.054125955306181674,0.18041985102060557,0.26266185871168657,0.11537192909586229,0.04202450615097059,0.021024469501691973,0.061363108836141066,0.041902341888903814,0.026118719229876488,0.017116984465876464,0.054236913789295446,0.08302289626739306,0.06172421409114334,0.13598984024147834,0.02012442023117132,0.14353225076667842,0.08201197255073733,0.041246897357278434,0.09196963060300774,0.08028909329829173,0.1278872828150095,0.21512629580960727,0.10776755730763615,0.21587748514919478,0.6323867733406585,0.15810527761563026,0.07904405452734951,0.07027091989149468,0.06623630807265735,0.040443221405778856,0.048113235164963845,0.03773529670072309,0.08015457126965075,0.06671740976023889,0.14593518545624873,0.17898650428876725,0.07735882197956616,0.17381949120290408,0.034793173102257095,0.24263005357299688,0.06604408794168448,0.06377528616177289,0.16780350712842884,0.05527093884481396,0.05452442987206886,0.07410931233349924,0.03821866267684658,0.06078241545468547,0.03001166142269357,0.04809786793988866,0.04664569077427446,0.027349336619067525,0.11999163897995554,0.13097097845937203,0.03335606944047174,0.2186956808730665,0.09827498954872495,0.04308125591322141,0.08408325815749522,0.0252920856344474,0.09621773856410482,0.1266364496468569,0.07079363682369248,0.04154106801029726,0.043565314968426146,0.1019934432000704,0.1782987524477986,0.05179431890690664,0.08985784535857542,0.09118372690196867,0.11402581273181947,0.09031099474682376,0.09272779148414816,0.03178759042008627,0.13446788513502173,0.2573385025930215,0.07049895150284592,0.06595546383516959,0.06537296541623673,0.11493525946143861,0.03489997670006324,0.1311287155077722,0.045984089471757146,0.11571747162400559,0.11856339247079185,0.1455913191092767,0.11418633292281063,0.04981193622474453,0.05453849482408548,0.0712645208534434,0.8243140565639511,0.008765471278959061,0.014560456997778484,0.01526975563313234,0.022172326245636306,0.0029212948270390354,0.00826823261981436,0.015507482477741997,0.02570638378480773,0.017030498200416744,0.009069899602197387,0.011247584769842773,0.010253457094146618,0.00913220705235242,0.026270749435222472,0.07730576564188194,0.016253314998526665,0.010463300298243453,0.020478028213042655,0.03305838684221561,0.02059620733955913,0.007019585966419338,0.006850577108067822,0.0076053986258182,0.007488490242597603,0.005653536923352577,0.004095605642608531,0.011955152927601942,0.012341458889548265,0.008075971168574246,0.005365895055502303,0.007189770714761707,0.00805232060701253,0.0054288451387123895,0.005557097890476842,0.00612094078085593,0.0037811100901288396,0.014576238049619737,0.021851453596355746,0.004861092103462433,0.013702711685467946,0.015663258323720893,0.054731861815480266,0.026987037869753074,0.0057408855297831065,0.004913174837594958,0.02117861498019608,0.00635221704199204,0.019629372226887647,0.0078033249999195625,0.005259059772134223,0.010071686663642184,0.006528377043536457,0.014812723417536207,0.015272026435261604,0.01302779627859986,0.008076011029707494,0.02434627747372079,0.1305554751171987,0.026014568995196226,0.05446078951856034,0.021387754708057028,0.027592769556977707,0.023636006782562252,0.04156571652879533,0.008160821868455194,0.019269365348258752,0.005864510341589985,0.012244871965165936,0.016116031056612627,0.009634682674129376,0.012404995114424364,0.0011727201101938399,0.0032670581192444366,1.0,2.559545355824224,0.5556359950771013,0.7511764280026063,0.6359950771012813,0.9431694780279447,0.7498009121841743,1.4746253529284008,2.492072685151669,1.0461883732715558,3.9481647723159345,0.881416057337291,0.4799826250633461,1.195033663939767,0.5816260044885253,0.6247737638456526,0.8940128864113516,0.988633895605589,1.0010859335408673,0.7065083616882647,1.0100629841453703,1.2167523347571128,1.28625208137262,0.8467385795989285,1.8933613262868312,1.0679070440889018,3.695287048432636,6.788677332947224,0.5666401216245566,0.7801346557590676,1.670310576992688,0.2050966480851372,0.605082168971259,3.7175848838051113,19.83363498153913,5.8751176428002605,0.007634646463488717,0.007036536117765273,0.00839990677807451,0.0028016245066688063,0.0032749932184869776,0.0029945633278699174,0.008087766150507563,0.002567423521725676,0.02549887102135317,0.016120707111228275,0.007981936341650715,0.0050977875074978704,0.0026684776171864554,0.003615024012286956,0.0025257793009119704,0.00237486675759625,0.00316553386744912,0.0028505278118445333,0.0060189271073312935,0.003544725511096848,0.002174095766425589,0.0036941098261258267,0.0043275604509801675,0.004321065480761516,0.007036536117765273,0.0038381453421512104,0.004340741419953313,0.002955211449486324,0.02644255198841603,0.008154244080980817,0.0026499478492097153,0.002273621633599627,0.0012313699420419422,0.000668408846913552,0.002057186302489866,0.023179020482079617,0.1334074524052403,0.016591019366472965,0.014150438792546832,0.03732468356123038,0.012897673654490507,0.002631464985538589,0.0020694777619720012,0.002771879773446645,0.008609591773530632,0.005900701811481993,0.0043207073755819995,0.002607515734329972,0.00876148907914145,0.006237631688074454,0.003021214443563754,0.007773336412835224,0.008005204928609953,,0.00853837012173166,0.006758834701790662,0.0071158235702286745,0.01876741479788403,0.008584732312437894,0.00631762118690299,0.02779413332838803,0.01026922524143111,0.008894586286991232,0.009606245914331943,0.00903599096864525,0.0061529774195919614,0.0028609757890445927,0.006858824001122672,0.052884197723916254,0.01807217845138095,0.061961635358820655,0.01647754990210033,0.012886503210975455,0.015356548585633808,0.023632077678207467,0.09027568947428212,0.030248658473834393,0.03524555107823286,0.03892681248036994,0.05808657939228697,2.3009915014164304,2.140226628895184,2.0651558073654392,2.055240793201133,2.858593012275732,2.7001888574126536,3.16643059490085,1.9353163361661947,4.351746931067044,3.8668555240793205,5.021718602455146,29.054296506137867,25.415486307837583,1.0210103871576959,1.7811651701816662,1.6043015243265817,7.355188974733765,1.758613489246189,1.711422008770098,2.329296304030069,4.831280016704949,12.498851534767176,20.688452704113594,2.5909375652537063,0.0039019930334088823,0.004405934305446911,0.0040252622500351,0.011543848740731825,0.003848088867494367,0.13268113471194282,0.003848088867494367,1.100010858942339,5.4305570637419915,0.663807145184059,1.3999348463459658,1.3157780432185904,0.9660115104788792,0.8189814312086002,1.481376913888587,0.003187441139844806,0.007999958735111723,0.002467477431228127,0.002984374452799076,0.003812387013613884,0.004214176715255167,0.005562615531506692,0.0045953339727581154,0.0039245080587340525,0.020046847299040854,0.007888589658201333,0.0066031847154251816,0.012222608326335196,0.07773482369520941,0.15997289816630147,0.09358782147387845,0.015243290525704048,0.0351717547533244,0.012138314475808747,0.0125908886172061,0.1098047101216138,0.015147030435621904,0.026712247541551878,0.02603948112605134,0.02081698929047089,0.06274059951469596,0.03630658079582565,0.031186714345660543,0.03360183174910146,0.05382739491418147,0.05200615560271542,0.0457140375044988,0.049998758951065446,0.047501147970264467,0.05623502984722688,0.011027165255599235,0.019417630042490967,0.054083265340722456,0.01691338271186321,0.15347433411392383,0.05344925631978072,0.05164432711791935,0.0215277648677288,0.06012529977133721,0.07458496774553364,0.06130021750850514,0.044271346507780106,0.04348311055752821,0.03861240728002825,0.045197151939915595,0.02035795014531187,0.06845517907509066,0.009207371612604555,0.021052360853525066,0.011839273926449618,0.0350405930210295,0.09395704057279236,0.10919331742243436,,0.026092546662091314,0.16527306608055808,0.07995864806988129,0.18172696432527288,0.1205206167974931,0.185396047283671,0.099996897396916,0.07047562905277528,0.05355092922962366,0.09143371288511061,0.10495479569675237,0.11588969139855548,0.10293449164099196,0.13255719985857872,0.1764735592706702,0.2153644123440578,0.2521086923581999,0.06515580736543909,0.40865596474661636,0.17390620081838212,0.13043751967264716,0.09833175952156122,0.18970727101038717,0.26219704123386844,0.03722027972027972,0.0659965034965035,0.1770979020979021,0.10244755244755245,0.09498251748251747,0.12550699300699303,0.15125874125874125,0.19679844097995547,0.13076029430747385,0.0890925519555957,0.10576997547437716,0.05245460659045057,0.3153315125646762,0.036630388537392096,0.1316580431769211,,,,,,,,,,,,,,,,0.05793208312214901,0.056310187531677644,0.09330968068930562,,0.013228165310985128,0.038424670665242515,,0.014926190671815519,0.053798727128082736,,0.05031821797931583,0.053798727128082736,,0.0650494810523775,,0.07041998551774077,0.06601496500120685,0.09443639874487086,0.08064848526482106,0.07515284742735454,0.07673284330562616,0.07371024249501959,0.03482860479494402,0.09553910059599062,0.09517789416651616,0.09689362470651978,0.09653241827704533,0.12109375,0.10546875,0.12120535714285714,0.11729910714285714,0.10028328611898016,0.10132200188857413,0.09962228517469311,0.10198300283286119,0.10925401322001889,0.07819973909262212,0.07863458472242355,0.07588056240034789,0.2047045101088647,0.2113141524105754,0.014071761458757524,0.018334012035654497,0.024795258133116147,0.015184833265463103,0.09278959810874704,0.17006501182033096,0.13844562647754136,0.21734633569739953,,,0.012376509934211974,,0.010121234790644458,0.09416489100147517,0.15849860678577282,0.12071791509588593,0.09572201278478938,0.0067556836922926565,0.041047192054436396,0.01792149724519589,0.014623062169392966,0.01068937293084281,,0.003011116837222999,,,0.013218729293970404,0.027826729100582377,,,,0.059122216077623045,0.058418380171937054,0.041727414408526474,,,0.219893899204244,0.24748010610079574,0.2002652519893899,0.2559681697612732,,0.03952202726367476,0.03952202726367476,0.01189781272533736,,,0.07049895150284592,0.30153446726358885,0.011461108346263064,,0.026962147603852578,,0.029655434878070205,0.0859434360489658,0.08796960742929506,0.1257070493879274,0.15137188687209793,0.09286618826509076,0.012178673437004125,0.0028959060615677563,0.001904157410345922,0.002492859409711203,0.002884798476674072,0.0013260087137715476,0.0021973858685357074,0.0033491191513544236,0.0020246258761129,0.0018502022387955387,0.0024487223311531613,0.005340934072567067,0.0023394384077078207,0.00348445168209895,0.007367468529602444,0.0020741103713967086,0.002435988419902448,0.002105088258817433,0.01144210514458225,0.003259362220356053,0.0009258454875690563,0.0028008635861993523,0.0009515857617673273,0.0029070422172672197,0.36668355896619126,0.18048215449214508,0.0766669079852313,0.36668355896619126,0.0004663006559919921,0.0004051715245223332,0.0005629610951283903,0.0005583764102681659,0.0006636331335174849,0.0014024242472398462,0.0025108558760781386,0.0023108879239221265,0.0040245205735239785,0.001648742386981689,0.005228985723492926,0.002982958961000205,0.0008778528663885556,0.08778528663885556,0.0005715576500235213,0.0008155868288304367,0.000647613998435753,0.0010537670531791483,0.001029161658101802,0.0007552215929073473,0.0015299522933057634,0.004340273753282057,0.0006583431080285406,0.0010137865701096774,0.0005003575175584558,0.002437467840126167,0.002730665650915846,0.7174220963172805,0.26180358829084044,0.5129839471199245,0.17059929003967425,0.7114220087700981,0.48068490290248483,0.4998955940697432,0.16349968678220922,0.001539402691698257,0.0015005415488296527,0.2502986209143229,0.15995222065370832,0.2319470083613856,0.33999348463459655,0.0008622189813599441,0.00023455831230950622,0.000755527526802495,0.0013326930036196365,0.0006249458737690778,0.017918925152808213,0.042425902433398686,0.019461423134586556,0.014875629978865226,0.009596104865166807,,0.004354097103243584,0.005732851944475266,0.006324630209711423,,0.003999492011138944,0.002409266011311955,0.0038669731778200288,0.001986680393797053,0.007404607168135899,0.005269931149861656,0.0031835145743517148,0.004848479319844557,,0.0034662496742246546,0.0013992826737158246,0.0018832917581940256,0.0031615721607903,0.0013116335927125607,0.00403573600407064,0.005008937317592882,0.0037188329983943126,0.005118929244295582,0.011143892610424953,0.0033360530377685707,0.003950635598458599,0.0012203349121747392,0.005860313190508215,0.005014890959746374,0.005610529349601307,,0.005050116886028117,0.0039750012145043255,0.0038092570948485014,0.012345079257123427,0.0017117366840316973,,,0.016410501193317422,0.023880272860992924,,0.0152225633533076,,,,0.04526697899537712,0.026092891936334586,,0.019996276876299214,0.030228799434314866,0.03078438304964897,,,0.030860144451739988,0.049575070821529746,,0.047371734340572874,,,0.021573426573426573,0.008094405594405595,0.02103146853146853,0.02208041958041958,0.03309394409937888,0.04202251552795031,,,0.040954968944099376,,,,0.14356904231625836,0.03543986636971047,,,0.03317413192203433,,0.04358865267694166,0.011391241096304024,,0.016112430177181836,,,,,,
2024-11-01,1.1815013027251604,0.4483839166255898,1.536003482803657,1.5149639677829587,0.7444398802887154,1.0542848870874348,2.041830985915493,0.4249913022008237,2.1634609280771917,1.2307639461390492,1.308443890990948,3.3909295352323836,3.0301413710322755,0.6211504382393793,0.13605697151424287,1.2448652974126435,0.41123204179364387,0.5991464390504135,0.35476011994003,0.2666794386704344,0.143026706231454,0.8161544227886056,1.2559970014992503,1.3082833583208395,0.20403276018966426,0.32022606446668905,0.5335791151853327,0.5342557651991614,0.20796015134824467,0.2493893385698549,0.5608311229000884,0.3664788732394366,0.5002601727547091,0.49338028169014086,0.10421955074476748,0.19723166818334212,0.14177571738747727,0.22668710187269506,0.87047212590024,0.7936656671664168,0.9756371814092955,0.15527563580631257,0.4458320324695598,0.4876311844077961,0.7475637181409296,0.2620874348581355,0.17467505241090145,0.4184792219274978,0.32234023824892905,0.4907042253521127,0.4017683465959328,0.04,0.5987631184407796,0.5861829821285677,0.08159017587678218,0.27524314765694075,0.23784261715296198,0.08031124568692347,0.02106659155458536,0.08770509119076123,0.10374856230781872,0.0838908058117973,0.15396803042039295,0.16110367814473162,0.12446306598126892,0.0412764359317419,0.26859610825528724,0.23525338591179026,0.23866863835880106,0.03973898551745182,0.048881534164260734,0.23887495048197543,0.7187376204938597,0.25848408820810775,0.03457302566401759,0.02682826296036504,0.04141387115202442,0.03422592145320963,0.04038702119505087,0.044501652360670205,0.05398193611836254,0.08873574522550927,0.1062862018844866,0.16009458589744516,0.08557565063961182,0.3673363800983013,0.9916357678710012,0.6122273001638355,0.3529492644025849,0.05639577259475219,0.15310677842565595,0.21617779108051485,0.11450067737565317,0.04252951422488871,0.024615347396942135,0.06329833559125217,0.04580752854654538,0.028631217340816723,0.016971233407274394,0.05325036570415254,0.07121068080189237,0.05851266440682307,0.13028030383053094,0.01925988521530932,0.13978443113772454,0.06863867275416372,0.041489293293035814,0.0832743874991962,0.07137804642788245,0.10913767603369559,0.23527747411742012,0.09868175680020579,0.20008198142805342,0.6078292263791011,0.15500796165791672,0.08321114947421528,0.07461886518784783,0.0625423702092103,0.03815202435058166,0.046602454516393554,0.035956024406176595,0.07893090939415419,0.06250260601259225,0.13157931312457435,0.15862624914870255,0.07018860581800998,0.1775146284173512,0.03523329024725848,0.26314472751532336,0.06422604900693547,0.06731156791616284,0.17630543857454584,0.059153011160683264,0.05339893535698898,0.07295445384925434,0.04187994416007445,0.06607724523033968,0.033026989297347605,0.05132619823173569,0.05175663099115868,0.03193345742205677,0.14314797580269892,0.14592833876221498,0.03626105165193113,0.2304560260586319,0.11043508608655189,0.044055374592833874,0.0859004187994416,0.02529083294555607,0.10471149371800838,0.14502093997208004,0.07821079571893905,0.04609120521172638,0.04497440670079106,0.10985342019543974,0.20404839460214053,0.05561889250814332,0.09247290278404062,0.09574627987374117,0.12094794328373165,0.08931643201897223,0.08776324799171635,0.032616864572373366,0.13754864138149875,0.25296858560048097,0.06891695151284973,0.06412204076465376,0.06383719458159262,0.11105836181795166,0.039118875807064184,0.11536270413976454,0.046445752626914805,0.11267249018863149,0.11376440055703255,0.15448157994682873,0.11685023420686164,0.05385175338650463,0.053614381567287005,0.06966071654639829,0.7709632169576061,0.009014792116852,0.014277030068384343,0.01687721290099042,0.021891961707241996,0.00292655914294509,0.007416978526447611,0.01365196315787379,0.025536905139351907,0.015070090513404553,0.008540602352579094,0.010782543634942977,0.009478503232242566,0.009024317873344956,0.025460659670129185,0.07997955139380607,0.015658198449194867,0.009577538547599069,0.023060122947649055,0.03943608329018858,0.019832300834925223,0.006768666797588654,0.006543719017609006,0.00788626449812246,0.007074548170365212,0.005545141306482424,0.004501335999381096,0.011993644332565653,0.012200739114134218,0.005418272610476814,0.003935713766271544,0.005324218844690083,0.005591835745279132,0.005085969462791132,0.005333506507397461,0.005768224341906722,0.00390940449768698,0.014646705809098513,0.021668659441742844,0.005444286974891034,0.012570145046012093,0.017802039124605103,0.05910252541265724,0.03156326519697913,0.0054548279725541195,0.0045753048034752695,0.02041341306288925,0.006362602942499408,0.018303449619232637,0.007073358774823482,0.004997594879584134,0.009450970858267406,0.005547761528035824,0.014428492089867491,0.014428492089867491,0.012317041709323169,0.007321677235070597,0.025494276408184996,0.11789327807875859,0.026745533799190663,0.0517067433331326,0.021814851079553357,0.028153663031849446,0.02302819157992249,0.04082310878355924,0.007542712578587375,0.018519185581389503,0.003964866574239676,0.013166238738078383,0.015221971375556552,0.009120114598298618,0.011292288489488874,0.0010739401961071763,0.0015857790883236228,0.9547527691305292,2.7825961051183667,0.5830015203069573,0.8395714182292044,0.7003547382900166,0.9341924274234417,0.7710128140157823,1.4243104322015494,2.566712517193948,1.0175197277926593,3.810323608195179,0.9118221964815754,0.4934482009701006,1.2113950626221677,0.6167378556432347,0.6541663650184609,0.9190617534206907,1.0365597625425325,1.0766669079852313,0.7206978932889307,1.0400347498733078,1.3207847679722002,1.2850937522623616,0.8726561934409615,2.0894809237674656,1.0936798667921523,4.215232027799899,6.979005284876566,0.6578585390574098,0.7986679215232028,1.7473394628248753,0.21240860059364366,0.5859697386519945,4.008687468326939,19.87569680735539,5.579454137406791,0.008213579007822791,0.006634301267389389,0.008380238320963962,0.0027950194262841206,0.003743068066333002,0.003021372064043151,0.007985372540106684,0.0022802108472039983,0.025454382991629217,0.01661458022430601,0.0083835752148867,0.004738574753283041,0.0026767450750226443,0.003606626181492178,0.0025291802104393615,0.0023691946851436664,0.003158926246858222,0.002548274658997249,0.00587627019794084,0.0031591116298539295,0.0021689810497794127,0.0039049074215857737,0.004424721341550002,0.004160365189670904,0.0069047750581268386,0.0036092215434320846,0.004756186137875267,0.0030128444462406002,0.027326565865280695,0.008101422295419668,0.0026706274361642927,0.0021893731793072536,0.001476946326802785,0.0005238923458697966,0.002193822371204237,0.01910594230362101,0.13338158234768285,0.01690414846360135,0.014756486458328314,0.03667987953071407,0.011704526199993402,0.0024291727951794386,0.0021451523291114273,0.0036440783168883353,0.010854687789704864,0.005956451684448794,0.00460240804677849,0.002607882301918861,0.008917285262178016,0.006939673095634797,0.0032579381326835115,0.007552710528574852,0.006760144162291564,,0.008537744889867676,0.006760144162291564,0.009196922834089346,0.020654743337755414,0.008583594210959491,0.0066744585458248925,0.03557832153903393,0.009962080356572424,0.008723397058878797,0.009387836400602806,0.008789540341765349,0.005342444605146623,0.0029787683532269986,0.0068521422593462306,0.058367933956821674,0.01817649974405018,0.06923076923076922,0.016413289889575935,0.012886057641523998,0.016062272996887974,0.023618886658920462,0.09222806347555475,0.03347336090549358,0.03672676747568476,0.041357427826214134,0.06985642434042139,2.7788748564867967,2.043398392652124,2.010792192881745,2.024569460390356,2.7173363949483353,2.4969001148105625,3.759127439724455,1.9563719862227327,4.483582089552239,3.8498277841561426,4.7832376578645235,30.059012629161884,28.259701492537317,1.0215843857634903,1.7111517367458866,1.53382084095064,8.208815762746294,1.7944342880357507,1.7907779809059516,2.3075360552508632,4.655494617103392,13.425756652447696,20.689417022140972,2.64411943936624,0.005559351119090709,0.004409562793305809,0.004503724672354664,0.011901132560502176,0.0039974462285000565,0.14742456704536916,0.0034979237939045597,1.1405936410689765,5.9738037393049535,0.7588465194887504,1.5504383648463083,1.31583394950882,0.9712686173022077,0.8494771310869336,1.5194887503961128,0.06721223061175072,0.14415435754066966,0.0513791357562683,0.062297752437977416,0.07996896119048144,0.08961080414731329,0.11201488101789685,0.09039778105531952,0.08899993395997975,0.022221439777159645,0.008273574091679087,0.006521679596571325,0.012134158030429288,0.08422473387087309,0.04037239573936235,0.021893667763427667,0.020859012445257338,0.051757729294352205,0.011830378697082096,0.010201274557156676,0.09192810047374379,0.012271447460330138,0.026686613475177305,0.026015070921985815,0.020981826241134753,0.06268395390070922,0.03627437943262411,0.030418882978723406,0.03383421985815603,0.05500778732131568,0.053144998380853986,0.03430739101605268,0.05109408009375627,0.04349180403707074,0.06037101574426745,0.011587834849433966,0.024493494818058896,0.056343342185026256,0.019411744529671825,0.15591856923907332,0.056161012956206686,0.053035037287005794,0.02254642412122727,0.06296182674135431,0.0732408448943882,0.06388595364973318,0.040195733109118933,0.04119560812474198,0.04288100351092477,0.04085852904750543,0.020504590746932977,0.0739859537682148,0.00863630771983583,0.022470056699359198,0.011907424596562253,0.03665887563045885,0.10009348093480935,0.12408364083640835,,0.024480931576768044,0.16090064814893063,0.08298334417806773,0.183936554078606,0.10832166702562998,0.17145433986646566,0.11467531768253285,0.06286345035537369,0.04789468016368727,0.0815609519707086,0.11393337918836594,0.11108381644885526,0.09872752284563231,0.13665618551636044,0.1577331237103272,0.22673675935933968,0.26196325046673874,0.07391078044150516,0.408683138911852,0.1884204402804568,0.11864302991335231,0.09053611340742782,0.15942561464743885,0.2651786534398824,0.033013530897875044,0.06443063283683875,0.16140981726313178,0.09465428788418914,0.06229172801810318,0.10334940095165765,0.13515398564763867,0.19773980455314735,0.10000384113082893,0.06766151955135592,0.08089421525697166,0.055025463092506575,0.36093234092562543,0.03839050870222173,0.12583244725502266,,,,,,,,,,,,,,,,0.05613295655922219,0.05589348148857704,0.0906173667321232,,0.012628218670046711,0.03875313945027346,,0.013250240593385441,0.0493429419245443,,0.04442560406952099,0.04718100890207715,,0.06507834047297693,,0.06983158265360015,0.06613461651311543,0.09782289771727012,0.08028522382147102,0.0744090849069061,0.07592763766010828,0.07289053215370393,0.034464545094414364,0.09274633123689728,0.0909853249475891,0.09132075471698113,0.0909853249475891,0.11100039856516541,0.09675169390195298,0.11139896373056994,0.10771223595057793,0.09655172413793103,0.09964633068081344,0.09717064544650753,0.09814323607427056,0.10539345711759505,0.07816901408450704,0.07866197183098592,0.07669014084507042,0.20314842578710646,0.20970764617691154,0.011570140360265246,0.015062876481520316,0.020363447034066832,0.011910013233348038,0.09115908153444245,0.19524267839956,0.1530317613089509,0.21174205967276227,,,0.014099581200558398,0.01350628199162401,0.011005118659841788,0.08852140077821012,0.14875785692906315,0.11336426219694704,0.09129003292427418,0.008019643893942326,0.033022063092703696,0.018373814592606928,0.013668473001741824,0.01145490613508806,,0.0025863365886604505,,,0.011817765699671266,0.028458339596172152,,,,0.034203592814371256,0.06146107784431138,0.04095808383233533,,,0.19999999999999998,0.22511737089201878,0.18215962441314554,0.2443661971830986,,0.03731731542354444,0.03731731542354444,0.01122514937962131,,,0.06891695151284973,0.3015096847702241,0.011188480729405552,,0.02631030313138473,,0.028951062558200943,0.0816708229426434,0.08361907730673318,0.11970074812967581,0.1424563591022444,0.08821695760598504,0.013276245837155235,0.0034803161055108095,0.002094376891938505,0.0029466676359991523,0.003539094777514992,0.001176687525122345,0.0022008169156459644,0.0025099129622677308,0.0018492699098315096,0.0017817292414260973,0.0022518581995846203,0.00469771898190301,0.0022518581995846203,0.0028215636413594313,0.00582976263612068,0.0016083383052042219,0.001787750300966277,0.0016316937129365603,0.007661635345649419,0.0023225954185987553,0.0008795231690788501,0.0026928427036378654,0.0009048010961698736,0.0029649521540882962,0.376963729819735,0.1285745312386882,0.0788387750669659,0.4062839354231521,0.00045474448847084616,0.00040543261161261337,0.000561525093998448,0.0005550366891486806,0.0006601488477149136,0.0014028190350563062,0.003265515384635203,0.0023187091488533983,0.004024248545010009,0.001648859839184639,0.005229092298921847,0.002679456238907833,0.0008776972964342993,0.0946542308073767,0.0005712894207842912,0.0008156812486177936,0.0006516514513605379,0.0009829022870668249,0.000869613224758798,0.0007553667900932385,0.001529563416751538,0.0037626508423873216,0.0006584263160070502,0.0010139464615222726,0.0004997115486182772,0.0024376173103330596,0.0027309439266764712,0.7173363949483352,0.2647531572904707,0.4828932261768083,0.17550274223034737,0.7115579930936422,0.5191956124314443,0.49989843591306116,0.1635181799715621,0.0015990629415157612,0.0017987874652382213,0.2659765501214746,0.16002957642336538,0.21685856131826345,0.3400232386183585,0.01801791885882845,0.004886961498668194,0.017027318555044357,0.02767627182072336,0.013026393994760826,0.004192404465337213,0.008853912090723896,0.0045532530499906515,0.014875382934162695,0.008780875492416332,,0.0043691495465613475,0.005918388249591,0.006480330632503523,,0.003931587512733797,0.002409798174926999,0.003774037557760857,0.001609993623411082,0.005499332549887618,0.004415439204992755,,0.004844858156028369,,0.003466075138199359,0.00416737616619317,0.0057379840653874765,0.009338507451985554,0.004223389286706519,0.010259363153225011,0.006319461132696786,0.003604662506037512,0.004806371055430094,0.010464088133730032,0.004316328575322732,0.003352330474435095,0.0012817203214049097,0.005395201634758555,0.005164690710409748,0.004955984873499342,,0.005049435248235345,0.004663438419127926,0.003827486328408951,0.010587794540310223,0.0017194332300741453,,,0.01788929889298893,0.019512463026746276,,0.011705908659391012,,,,0.03804113719577859,0.022466616411802715,,0.01783598966185656,0.030239756313255383,0.03166453768301071,,,0.030903016606072517,0.04956982333670126,,0.04751844707755427,,,0.019668624746198793,0.007377671693609634,0.01914164819665525,0.020164602675180953,0.029099146192716502,0.03932160074345124,,,0.03296160771330662,,,,0.14472894032865646,0.0357864279085003,,,0.025543520012291623,,0.04567966869998321,0.011934075773686272,,0.016914768593653814,,,,,,
2024-12-01,1.2662883932874731,0.4839635455461596,1.6113016998805072,1.3262224427149547,0.8426522327469553,1.4977609851665268,2.2373564075786962,0.4693796286091152,2.261303231201099,1.190520608639888,1.1205086136177194,2.658214042263122,1.883693916073762,0.5552502050861362,0.10047716428084527,0.9441943758772566,0.4526076398257719,0.6486133294613038,0.26203135650988413,0.2809269893355209,0.11844593966078572,0.6587593728698024,0.89093387866394,0.9188820722563056,0.16599671862182117,0.2955701394585726,0.575513698630137,0.63994338994339,0.1793273174733388,0.17551271534044297,0.7031927473393773,0.46583619274951515,0.48265277648590826,0.5304341339698643,0.09753896636587367,0.18523379819524197,0.14046008119079836,0.18465955701394587,0.6976913024538987,0.5502385821404226,0.6329925017041582,0.15352748154224774,0.4133568970328341,0.3406952965235174,0.5734151329243354,0.2672124265323258,0.11396936396936395,0.5030350808040994,0.3380784844384303,0.5663135909294346,0.41663381947181716,0.043040429658361926,0.45385139740967967,0.3953342045399545,0.12956934238675472,0.2897122585731179,0.2650374458021285,0.07893353196337029,0.023945143057442053,0.0926368137405249,0.12071156289707752,0.0929544757481488,0.1815821758752136,0.16710116987249707,0.12859834377601542,0.039302458046707275,0.29200806204267626,0.24737107304035405,0.23999912369101345,0.049719581124304434,0.047364500722954915,0.23431638483291972,0.7013331794309459,0.23460495180931493,0.039111808273708665,0.028560646980044544,0.05991076647601572,0.031993843922723475,0.04266339131785928,0.0462149743620099,0.05621859993636747,0.085918713143077,0.13143077002759876,0.16559255943352252,0.08887836567986919,0.3069306930693069,1.0405621207282019,0.5677898435004791,0.33518562307874206,0.059887869520897044,0.15332993544002718,0.2323429128105212,0.13054083098880664,0.04409722641486652,0.023207795500923722,0.06729294710023305,0.04293804412137605,0.03479961843582839,0.016317301228381105,0.058641447167389844,0.06749373586750596,0.05370347735745279,0.13213958320601357,0.018679337529792825,0.13796133567662566,0.07147461324871082,0.03888585878619595,0.08147808409361365,0.08605216184053947,0.11551715589051963,0.26651130503768344,0.07877578341927806,0.19209474240024138,0.5944029569284152,0.15007920343969225,0.07466244248321642,0.06742098513992607,0.061899373915667195,0.04976625529324924,0.04852307014931171,0.0373214540086246,0.0681291358568265,0.06221105657787389,0.12378757073852967,0.14778363398557387,0.0727004312298468,0.18665906942412036,0.03236166327812382,0.27015967159192444,0.0654744175807099,0.0684399321428109,0.18667201926936974,0.05346991103456313,0.050348998329469964,0.08364305046554693,0.041137664924072684,0.06977636710646419,0.03011160899510414,0.04644842751638868,0.048844494232843746,0.033254501701103646,0.14447971122728404,0.1340656377064144,0.032320969214173094,0.22326985312422204,0.11531200730229856,0.03488299726163804,0.07467222637125549,0.01926188698033358,0.09761638038337067,0.1320741017342959,0.06656086631814787,0.039135756368766074,0.03986183719193428,0.08971247199402538,0.20558459878848226,0.05481910214919924,0.09798355520751761,0.09362764291307753,0.10972983555207518,0.1018989819890368,0.08700404594100757,0.03241647089532759,0.13638736622291828,0.25084834246932913,0.06846768696945289,0.07433855877067973,0.0625193630336452,0.11391659954148338,0.03886548113266002,0.12316438441043437,0.045417931718198155,0.11190284404238181,0.10812317987483736,0.17451514963752401,0.11126773653881902,0.05358138670301754,0.05353491542226905,0.0790166676993618,0.8708233890214797,0.008062760027976667,0.014204647876152774,0.013753271755824265,0.022214050343579424,0.0026116362744885964,0.008234463073219254,0.017251719117159458,0.02936987328268485,0.018960024219009042,0.010806291175919384,0.012508829847045424,0.010370925656291897,0.009491995163113207,0.03673241425458991,0.09566023768187722,0.017594307437372062,0.011283280065923697,0.021220095145366335,0.04051942661826149,0.020406907510161824,0.00753103444947559,0.0072221679292792185,0.009615883460801097,0.007091864866071374,0.007311449657773482,0.004822419848534753,0.012723852820277085,0.012283476727028354,0.005163004801928796,0.004129448614012615,0.0046701073962312455,0.005622469244061589,0.006381482049511321,0.005284771922849869,0.007249425298189486,0.004962613323143068,0.01729032059064695,0.029680574607561988,0.005558092649728778,0.014234954722151059,0.017185790406699528,0.0720212967397721,0.04177608777793676,0.0054221414490799435,0.0045332297613202505,0.02317839057885519,0.005770231351541488,0.01883789270037154,0.007840450245128572,0.004225445005459515,0.008133578584043559,0.0063806711173319455,0.014961270418220858,0.015617145076543139,0.013943382261338571,0.007328208472874636,0.027024234385419794,0.11795704204193203,0.02816816772803553,0.05727141485720986,0.02042151855135975,0.030826108941147158,0.023069200272609357,0.04104309719402898,0.006541653388868193,0.01976858480361575,0.003594356150201448,0.011896907432425356,0.012148250547194907,0.00924508796260972,0.010210065992528527,0.0009702143448098395,0.0014377424600805792,2.671952586897325,5.766938971648246,1.3930802498798653,1.885631907736665,1.5728015377222488,2.2703828287682204,1.613166746756367,3.8350152170430882,6.772705430081691,2.1082812750280313,9.235623898766619,2.3001761973410217,1.0880986705109723,2.6166906935768064,1.6938971648246035,1.6344706070799295,1.9437770302739068,2.322441134070159,2.6166906935768064,2.048854717283357,2.5042447541246196,2.8092263334935126,2.8861124459394523,1.8318116290245074,4.617811949383309,2.5369213519141436,10.159218324523467,15.66122056703508,1.5691174115008808,2.0132948902771104,3.917988146724331,0.41342303379785356,1.3083453467884032,9.895242671792408,45.368412622136795,12.642960115329169,0.007058172659817508,0.006527894022994413,0.008754882071315735,0.0029958009585469712,0.004128702087457343,0.0030052767280022287,0.008492840600610714,0.0024516731202123446,0.025400346703826265,0.016229077455486206,0.008131121324289805,0.004818610994334401,0.0027437819363042423,0.0035811119487448345,0.002774578187033831,0.002599640904782913,0.003502207945396243,0.002539141761337804,0.005865319066469061,0.00354339109725948,0.002265437805149388,0.003769351753500249,0.004684310184939686,0.0040155395330012805,0.0066016956889440185,0.0035184260892715887,0.0047455382337275075,0.0030065523123519755,0.02859532104726933,0.008273804545125711,0.0024815582392635435,0.0020906827492341486,0.0013060161478045099,0.0005226251307246175,0.002188902744164612,0.02323659119398522,0.13658902549182433,0.01625932702720876,0.014662477647662101,0.03901976080606727,0.01225781892205469,0.002582989055306964,0.002145050428962928,0.0036858524445495186,0.010626220797148903,0.005966717293168314,0.004682453625820584,0.0026078254885310696,0.008678289907825395,0.009385342291635686,0.0034227120064662755,0.007515064554291342,0.006759723628081176,,0.008421331670738002,0.006935954784120536,0.0076423603423623416,0.01953574197389261,0.008582013018891535,0.007186232644378115,0.031053706815036518,0.00996224358551913,0.010117001197335208,0.00852573752368569,0.008992231760260467,0.0061532377941839215,0.002961750987183623,0.007578880634230957,0.05262391125633474,0.020805099975105282,0.07238999696620642,0.016368877280248082,0.012769949594200091,0.016153549978747437,0.028557683302368356,0.09216008504227699,0.03730765628639651,0.03603810572810645,0.045153094509474,0.05730748018228376,2.368645513476629,1.6211190719890822,1.5443534629819176,1.4570112589559878,2.0842715796656432,2.1876492664619587,3.0914363698396454,1.5327533265097235,3.8133742749914705,3.2101671784373935,3.5680655066530194,22.950528829750937,21.311156601842374,0.7705561241896964,1.7648589153492096,1.6059635781468882,7.477686611967181,1.7382429457674604,1.7884730838503102,2.3077846708024814,5.0,13.366419851911147,17.076045627376427,2.471082649589754,0.006208854846500061,0.005107054696417917,0.004516670315657177,0.01187203240972091,0.004014864483177597,0.11990777803218577,0.0035130586506980153,1.076690946930281,5.542663891779396,0.7234131113423518,1.4308012486992716,1.50738813735692,0.9499479708636838,0.8424557752341311,1.6437044745057234,0.003565318379327142,0.008550387568960217,0.0029265552731086554,0.003325504973563691,0.0041982594259837415,0.004133662288939945,0.006698140905485516,0.004492966536187843,0.004364049503031768,0.019936638120418404,0.00867024843715072,0.007362157078878603,0.011268702160624677,0.0815996176704103,0.02843605765043978,0.01843758164242794,0.020235145714544305,0.03465387139107612,0.011959509910399131,0.010200895700587227,0.09296577804309653,0.013374313425267948,0.026675250701090104,0.02600307715810264,0.020972687493862052,0.06265399430398394,0.03625590607029452,0.028312036925897233,0.03207009809805441,0.05515610909356796,0.05379731409490848,0.03767457164444661,0.05123510200102366,0.060518170074825114,0.05812352238660459,0.011586486049088287,0.027458993798606775,0.05688493365558525,0.02007138627014741,0.17227673117040404,0.06500347683503084,0.048879329932364504,0.018809079902017238,0.052583252666668745,0.062443779744211454,0.053277349111836673,0.03353139463584837,0.037042339883155244,0.03576931097699522,0.052854043656487625,0.018612727882438267,0.05558082889028109,0.00957411687025421,0.022480847866944993,0.011237824390472155,0.03446994018451556,0.08627697430707452,0.11472854297933466,,0.030672127514630203,0.1555767131495359,0.08116171606326486,0.18745126685653785,0.12233255863088949,0.18867525882104372,0.1096978660469047,0.06404676385660961,0.051750123248116064,0.08662581871962814,0.11528967620153913,0.09319490828130293,0.09534872465030733,0.15611538647693723,0.16860268138037848,0.24517206330768113,0.26162818837423163,0.0731758815190179,0.40868096401532295,0.1887611980816216,0.12173860585769011,0.10186106837993547,0.19274273821373633,0.3478116610864779,0.03083433225978828,0.05898239482387604,0.1526696610389798,0.08926791929637065,0.06314178015915425,0.10086509438049711,0.14066810126947907,0.20105282359992704,0.11021438104771439,0.07457457457457457,0.08915165165165166,0.045359770250599944,0.3307893045884312,0.03654746449506275,0.11584510274466606,,,,,,,,,,,,,,,,0.04835931091058244,0.047333880229696465,0.0787940935192781,,0.011983525391052885,0.04052929062787539,,0.012520264645313937,0.03671203993674615,,0.03302223186877926,0.03509968683141608,0.032557130011472514,0.06192151556156968,,0.06397834912043301,0.06197564276048714,0.12995940460081193,0.07035262884515496,0.06602412419922664,0.06475442950308767,0.0648121428983667,0.030530386102614417,0.09299034299034299,0.09174159174159173,0.09324009324009323,0.09174159174159173,0.09469178082191781,0.08441780821917808,0.09469178082191781,0.09349315068493151,0.08624359479700433,0.08821442648797792,0.08679542767047695,0.08789909341742216,0.09657075285770596,0.08406683574518872,0.08466358347008801,0.08167984484559151,0.1510565780504431,0.16223585548738925,0.012060584087428137,0.015641763656946674,0.02115411650672211,0.01145385531738574,0.08524473870891464,0.15937573894537715,0.1839678410971861,0.1792385906833767,,,0.012779022487760352,,0.009957679860592481,0.08377983438869946,0.14042168255514578,0.1070210841277573,0.08705030965138125,0.008126350869990463,0.0341596532112972,0.018619365589190626,0.01624062692442373,0.011603897750461861,,0.0026064902523987043,,,0.011452667603740144,0.025662359697206996,,,,0.03353066321339376,0.054990287669965776,0.04028304504671169,,,0.19286510590858416,0.21716833890746934,0.1756967670011148,0.23634336677814938,,0.04658670890850117,0.03623745945538206,0.010907445123331071,,,0.025280376727182603,0.36128322696573517,0.010580023568718353,,0.024889602569249294,,0.027375972857124356,0.0789826968973747,0.08129474940334129,0.11597553699284009,0.15602625298329356,0.08383054892601431,0.010899363314513976,0.003293747791790146,0.002235249158176325,0.0029865812945697864,0.0032576953860131083,0.0013089797742442371,0.002057174160623928,0.0027693283549814754,0.0018567906929808124,0.0018556121408672634,0.002638637029958846,0.00475364878739728,0.0023177054113173033,0.0038599210945732924,0.007975892911575409,0.001608508991648931,0.0019525918643748727,0.0016325634174018083,0.007114880799861949,0.0028594669461156834,0.0008801178375922439,0.0027429484313969766,0.0009262855509713542,0.003691951428634242,0.8311709114207912,0.3077046291846869,0.1675476533717764,1.000480538202787,0.0007037581083885889,0.0004045424652052479,0.00022760069326187147,0.0004220361934303397,0.0006571081664550108,0.0014022913821897574,0.00408758420093503,0.0023274229818425474,0.004024132102193412,0.001648485525307235,0.0028454670402409342,0.0014762278681994365,0.00047766670405867564,0.05370378655690275,0.0003296116396784979,0.0008158296736272604,0.0007897356994804155,0.0009422125363625817,0.0008695895480743748,0.0007551533241050789,0.0015298049091483964,0.002775270474098833,0.0006582752004999634,0.0010136993807474126,0.0005002957748620984,0.0024326381756894677,0.003000173702693032,0.5409416581371546,0.2016376663254862,0.42340498123507336,0.17990794476686012,0.722833700220132,0.684610766459876,0.5001000600360216,0.1634980988593156,0.001606112922607418,0.0018384227001749843,0.2705515088449532,0.16004162330905308,0.23371488033298649,0.339958376690947,0.0009323612526965147,0.0002497940792981147,0.0008733089342830868,0.0014103246186343056,0.0006659327175072935,0.003529674301140817,0.008215949664721764,0.0038344726987720977,0.011516682811860225,0.009697102853205236,,0.004384169055156642,0.005940901936930425,0.006502805425914662,,0.004458773978256422,0.0024092900531243163,0.004746266129544316,0.001609813241681799,0.005696166171691765,0.004147548313130531,0.0024540597516716327,0.004842704843796035,,0.003467327479992452,0.004180544795177585,0.006729926652849237,0.00981567196629077,0.0044387938664741935,0.009718552657427089,0.00640526986543968,0.003636509801788936,0.004808555344000047,0.010464640638472564,0.004270015810262621,0.003154938795254431,0.001282249645647376,0.005388734598683503,0.005023552698203244,0.008844153253647983,,0.005048102741933009,0.004346435896569383,0.004039689822529199,0.009992643293309036,0.0016247143752128376,,,0.0154500342789984,0.018018018018018018,,0.011757399237589412,,,,0.04511585322910064,0.02364955278540742,,0.018944996126487777,0.030226029717825852,0.031750641304873914,,,0.03259764774212284,0.04590836425059573,,0.04759750248846258,,,0.018948310971823052,0.006975635822706201,0.018240637772418078,0.019699311101803847,0.031590093534913814,0.039649391140655334,,,0.03647273369021707,,,,0.14022880671305346,0.03476402678966982,,,0.026568234901568236,,0.04345830546703909,0.011356334500439304,,0.016405051339549157,,,,,,
2025-01-01,1.2289430013208251,0.4104209706370441,1.5368450006876633,2.1230684326710816,0.7071506002328662,1.3319299686810084,2.0578331351317516,0.4909393566701718,2.1079077002851956,1.2925801389822908,1.066000737438407,3.645866744423385,1.8695809411871072,0.48117856065430903,0.107595859454731,0.9152389132498531,0.3707880621647642,0.5706342389584558,0.2805073625892987,0.25786880300338555,0.23329654157468724,0.8590173494678525,1.0702726344948241,1.1167808718472079,0.1541246270908055,0.24174571782924953,0.6060606060606061,0.6677311857817274,0.18107464887875843,0.15797941876445548,0.763787510137875,0.6169493647117731,0.5280812324929971,0.4580334230456281,0.09975530452854223,0.16213588978647805,0.15830890914200826,0.16756611805718502,0.5033226346006058,0.6486368275258784,0.7454439422656364,0.12063821942144606,0.4256302521008403,0.48024493366379933,0.6309957719784225,0.25183549828002255,0.12010552624271037,0.4539740470397405,0.2493274982936524,0.5023471239907367,0.4053122465531224,0.03611441447080177,0.5669922729260825,0.38027213959585915,0.11113445378151258,0.2631116517977832,0.36401730197350635,0.08367765096352492,0.0203542520405053,0.09205980966572969,0.12591865072645375,0.09702983709824906,0.1689724658786873,0.16374843363701022,0.1465692417109764,0.03216547566633929,0.2850187963558777,0.22655535611474245,0.20659057811494566,0.04112337860263488,0.03663596030751516,0.22294441161765374,0.6109267760556338,0.2140811781282669,0.037142522994792204,0.027641907277843134,0.07112734677591344,0.029774558162893254,0.03970170405685235,0.043010752688172046,0.05194036832944641,0.09674667547245097,0.14990471866207117,0.1809451083180264,0.09206860256330879,0.27088098703819224,1.0866430997435363,0.5800235669231303,0.31257148799001766,0.0673484977083687,0.1666525207944322,0.21715881409304258,0.10862007343145857,0.04531522457246213,0.020827241121616793,0.07243504348485341,0.04375561837302748,0.030769730643012642,0.01948393567501546,0.06439882228792414,0.07273633463267258,0.0636173727914053,0.14891843082479841,0.020025412491500968,0.14042461005199305,0.07859303346667967,0.03965020977656357,0.08023953556444532,0.09736315738120793,0.11726753829641917,0.3158478875987902,0.07978827202653918,0.2052482081622441,0.5845732703430615,0.14552518875005518,0.07785479859302102,0.09223365269989844,0.059355085581409034,0.0506630051997915,0.05742654817753029,0.03728848036411254,0.07143674434570349,0.0634145721296261,0.14130973721347115,0.15476054260904942,0.06925003496192328,0.15271368091841794,0.036690949311567946,0.2784621839124299,0.06124057617249577,0.07171643973200095,0.19564692271507936,0.05375236787571354,0.05515084480720089,0.09162566586572077,0.03850465294211847,0.06246330136474439,0.03343356879770822,0.04523940855144926,0.046209142186082096,0.029545737620327042,0.12834291204782833,0.13089624739773315,0.027828686322307433,0.20737175495097954,0.12786249354993684,0.040461913489083824,0.0662265795982278,0.02272201562249782,0.08705361114570914,0.11548726890980587,0.061369014786213774,0.036760911727549334,0.041929858899307844,0.08555897581893561,0.1898542730556396,0.05134250280244124,0.09825910015826361,0.08677368302057427,0.10464993594091491,0.10654909940462731,0.08262868339739242,0.03005501544954405,0.12612857035194816,0.234486396864873,0.06344471533056074,0.06895167072995842,0.06756059085042307,0.1172379176824896,0.03601032554137387,0.11434102968593146,0.044084325254553275,0.1150007170514843,0.10620966585400833,0.16262727663846266,0.1048329270041589,0.04964864477269468,0.04960562168363689,0.07517567761365267,0.7886729736640246,0.0070235506626536584,0.012198301747215886,0.014543811358732008,0.022821525359937797,0.0020116166436795714,0.00795132199584177,0.01552796723553952,0.02702713749683228,0.0249630091857116,0.008553529727535062,0.012318009281083864,0.011138118114463068,0.009682632854882904,0.034586096070880507,0.09019049398931843,0.01772012624142224,0.011181058980801635,0.0237991034641487,0.04523224905522675,0.021294813376725126,0.006929728427627804,0.007332799879794075,0.009166894239059531,0.006984584305733273,0.0060699221642790445,0.0057336317811107354,0.012909019141123902,0.014552310446109466,0.005137607323786654,0.004589774033083787,0.004543962189958808,0.005542278604723965,0.2572600756174081,0.2743142144638404,0.3639691094843536,0.25532941838951007,0.9446142707746762,1.5066366342208992,0.26659158555224843,0.727495776687314,0.8738637277773308,3.9594159761885606,1.7137398439385407,0.006081410470614955,0.004443161812676935,0.02434806382877155,0.006330221745816137,0.020040880271146425,0.007139581678810682,0.004208816309289774,0.008877644162265455,0.006952973222409795,0.015593378726925287,0.015743822753791117,0.015026320471815614,0.007890355235958437,0.025391045976562557,0.13391326612535748,0.028172813896399036,0.05711303698753195,0.021208991345128724,0.03402566517235244,0.024002331882416423,0.04696023503986044,0.0075937425258439705,0.01952434101934939,0.0039050158415198408,0.01064984188007689,0.011277301892419397,0.010106535328213258,0.01064984188007689,0.0010386308674893037,0.001420274192643511,2.660425668106897,5.740918546967515,1.246599455912946,1.931669067050728,1.529524723955833,2.2701232197151544,2.154584733557369,3.601696271403424,7.23011681869099,2.1163386141782685,9.047047527604416,2.2065930548887818,1.0892942870859337,2.616418626980317,1.457993278924628,1.614018242918867,2.0900944151064174,2.3424547927668424,2.5500080012802044,2.0216034565530485,2.490798527764442,3.0128020483277327,2.8510161625860135,1.886221795487278,4.4634341494639145,2.538806208993439,10.173467754840773,18.31877100336054,1.3930228836613858,2.039366298607777,4.409505520883341,0.4069451112177948,1.3082093134901585,8.615938550168027,52.15650504080653,13.229956793086894,0.0070209678808388605,0.00649806992878922,0.00873646560955766,0.002999668237783029,0.004368505336720481,0.0029667827168236875,0.00871211942277008,0.002354857663834394,0.0345188957296425,0.016338653277959688,0.008302776446408774,0.004464254892220885,0.002875211984428615,0.003534194219343155,0.002720232153609177,0.0025894168216162162,0.0033156236021382496,0.0028197971562927077,0.006015870080026279,0.0035122099760498933,0.002252930717656545,0.004010943429273056,0.004980248701748674,0.003992956321124024,0.006989899239490533,0.003510938160322184,0.004735696706106278,0.0032189656068323394,0.03167947627355085,0.008436680473740459,0.0024834927402941384,0.0020819623462601895,0.0014209815437735353,0.0004367778584876076,0.0020118307932750746,0.019972594187947473,0.13790624973882357,0.015377705651694731,0.01503431540521321,0.03763193725515276,0.012231960293186229,0.002902757163835685,0.0021451064464705007,0.0036858513754407457,0.010830133264227545,0.005891268326776137,0.004682545291775626,0.0026078011009808308,0.010230483504919861,0.009547278566997275,0.0032932048593932828,0.007552948382689,0.0068212824010914054,,0.008547318392604013,0.0063477877441826735,0.007820800028409678,0.021124520216742177,0.008824756668136473,0.006661477954384709,0.03202007617345293,0.009961883680118848,0.010182354629741975,0.008761870659015783,0.008716740699529168,0.005580940026089175,0.0029872185436289867,0.00834421715279283,0.06646181358956497,0.022487717213177032,0.0675687240217959,0.016329328247730392,0.013461278529536673,0.017307472365229257,0.028486148023677008,0.10933139890604618,0.0369231409063389,0.038538718271300225,0.04553688755021686,0.05464410510210529,2.098176239986364,1.7175728651781148,1.5996250213056076,1.598261462416908,2.4452019771603886,2.1608999488665415,3.9232998125106526,1.567922277143344,4.816601329469916,3.992500426112153,3.623146412135674,23.728140446565536,21.4395772967445,0.7704107721152208,1.7750449910017996,1.5462907418516296,7.663867226554689,1.797040591881624,1.7886422715456909,2.5000999800039994,5.246750649870026,13.462307538492302,17.00879824035193,2.4761047790441912,0.005818709840754404,0.00494538028752503,0.0038435706499337784,0.012033702904751841,0.004024346101297022,0.11457648538208691,0.003521773608039486,1.2573300062383033,5.53711790393013,0.7189644416718652,1.5892077354959449,1.455604075691412,1.1042836348513203,0.8134747348721146,1.642129340819297,0.002843153851162185,0.007978644442997592,0.002717624845367537,0.0027249169867829934,0.004308353408425028,0.003757275864314083,0.00599544241161534,0.004133081580832085,0.004712025522494954,0.017863229314725858,0.00797035003717976,0.0063743249152620795,0.009398887018496034,0.06741821267344308,0.03312026659390786,0.017962771156785507,0.019723372599220898,0.03465401793599052,0.01195921095206001,0.011333027422460604,0.11102069334560674,0.014790467225716475,0.017581403637868788,0.01713874261273484,0.013823096557591924,0.04129538712718743,0.024189700370225584,0.01918533124841907,0.020734644836387886,0.0540400058908631,0.05138045446276195,0.030467890464598513,0.055749511260500324,0.05562534110696248,0.055137323526778886,0.009388267976429988,0.031152224187185416,0.06049660268205543,0.026765065977418036,0.19536010138255447,0.0718896104361025,0.05202166166278515,0.01885574791660821,0.052713787330359065,0.05472469298614813,0.05173171712636905,0.03298197043812802,0.03323762045948415,0.03736231531624219,0.053970213654828826,0.021993408330305164,0.058265379503820575,0.010436386829874444,0.019642870756009116,0.010995433604301611,0.033850282191565,0.0797801852253925,0.11521558468783455,,0.02733883935097208,0.2625237538371583,0.07203990644642595,0.1670662183891244,0.13540166348761468,0.16972244929736466,0.1281222832081176,0.059013585581377245,0.047556022681562796,0.10054887305850753,0.1395410692264913,0.10230432574896632,0.10305389655922818,0.2092995139879585,0.1934859878617888,0.2906642164567062,0.2831685083540876,0.06087637875956844,0.4086552950394792,0.20233861732264483,0.15360737749382194,0.11593635103369296,0.2400397806039419,0.41230185040081974,0.02801201644355434,0.05701222725835354,0.08719827131864658,0.08032043849478233,0.06968746706018762,0.1279777590386845,0.152695794244756,0.17680479083949371,0.13437376284041422,0.07476090263163379,0.08369970620715521,0.04824852946709643,0.331719614212434,0.027805300189382064,0.12062759459696738,,,,,,,,,,,,,,,,0.03988871384037811,0.03925183521603594,0.06445882076894714,,0.00949977986249873,0.03909134012937312,0.009643715921021439,0.010244860636028042,0.04304635761589404,,0.04172185430463576,0.04334069168506254,0.0423841059602649,0.04629220701007749,0.041554583048942065,0.047135343477737186,0.045328622475609266,0.0805396073393022,0.05572473978455525,0.05254306622426254,0.05117949184127994,0.053088495977455574,0.02408981409935912,0.07706192724243266,0.07879755623437934,0.07747847820049987,0.07817272979727853,0.08415032679738563,0.1178698752228164,0.08177361853832443,0.08177361853832443,0.07515544741822112,0.07603406326034062,0.07454717491213841,0.07522303325223033,0.08759124087591241,0.07053889966827313,0.07185328910308568,0.06841084058333854,0.16153958302959615,0.17261991543956845,0.010842121918835436,0.01455706217021306,0.01951031583871656,0.010986591817500122,0.0774669855464282,0.15316626806696476,0.13403348237496102,0.19954247686388688,,,0.010978452340705682,,0.00854966993469867,0.07302002257738696,0.12001663596934228,0.09143841720634543,0.07016814211870953,0.007288992862635519,0.03645579491178477,0.0203182029870791,0.01448051033780637,0.014588816323878222,,0.002627393189083089,,,0.011589449816482432,0.01701710754389931,,0.019458889140100986,,0.029982668977469668,0.055069324090121316,0.03782495667244368,,,0.14895080839353286,0.18163054695562436,0.13570691434468524,0.2024423804609563,,0.06970138490293905,0.035380517167792544,0.010640646386153915,,,0.022386347339738995,0.37676753190879114,0.010399582999605883,,0.02999097346707858,,0.02690161079115654,0.07376630017898235,0.07376630017898235,0.08182050626438252,0.12682178470979288,0.07376630017898235,0.009863410639977251,0.00226882041395649,0.0018853744261583313,0.0018712164204550145,0.003454553391609258,0.001906082843074475,0.0026472615897739134,0.0030110386584664686,0.0017671118280683303,0.0018352868783547052,0.00259969161456352,0.004702102768910073,0.0022932142086264447,0.0024746499953403824,0.0051839650764458015,0.0016081823986056152,0.0018788251804372294,0.0016332612664201277,0.007473502608724729,0.003128223154782312,0.0008693928860227372,0.002543805973495813,0.000918576510190413,0.001831366711655217,0.8311729876780284,0.30772923667786845,0.16754680748919829,0.9171067370779324,0.0004892856792458933,0.00026217572786922536,0.00022710995137666785,0.0005239880798162481,0.0006566202914202222,0.0014023644930439678,0.004232452692387672,0.0023355835408562287,0.004024507143690374,0.0016483488616249168,0.0028983562710470116,0.0016921192071916718,0.00048654201043909763,0.06486911536016647,0.00033323288689657906,0.0008157624017402093,0.0007168154796962486,0.0010237079966389459,0.0008694764451355023,0.0007551377796624811,0.0015299796101363367,0.0026330741936533963,0.000658453507263704,0.0010143143353466722,0.0004998692342083311,0.002432163745964056,0.0030767951103991193,0.5409919890915289,0.21936253621953297,0.3652633373103801,0.18416316736652671,0.7116576684663068,0.6856628674265147,0.5000999800039992,0.16356728654269145,0.001609822132857403,0.0019680253420401262,0.2733416510709087,0.25836972343522563,0.23372842586816384,0.3399875233936369,0.0008766195715866917,0.0002349111270264991,0.0008167198385311544,0.0012042450680382838,0.0006260824272413568,0.003438383271126322,0.007642323372264591,0.0037350696550755885,0.008924491062537293,0.01017176452275326,,0.004685756935339348,0.0073395799005904995,0.005142624487308757,,0.004738693396492415,0.0024107596007443746,0.004745742401172954,0.0017883309327185542,0.0063298597199945095,0.004975441641493714,0.0027337896118767354,0.0031920458987743463,0.0033867383477763006,0.002800332158210449,0.004271807832603355,0.006788138620936049,0.009813910611814625,0.0043578173862799325,0.009798472999616266,0.005820917525868185,0.003545070072145286,0.004964444255515544,0.010806395783106923,0.004303030736956662,0.0034438565465493413,0.0012905512318409954,0.006024964509432978,0.005056064364404571,0.00884274689323395,,0.005049932085005657,0.004375811570743558,0.0038447171350377484,0.009775695187369609,0.0015882010637135444,,,0.015056114159934714,0.01879579010004091,,0.013641265945182043,,,,0.04160016608924703,0.02165648072456434,,0.017478298104246955,0.030224629446042994,0.03182048988079406,,,0.0319172086950214,0.06072569465372792,,0.047827135193779756,,,0.017010119110361547,0.006377147675766838,0.01668072098661326,0.01748445240855908,0.031060366397285096,0.03931437117137845,,,0.05323401685312474,,,,0.06328558580297015,0.02722267313049773,,,0.029150084387306482,,0.04160134448722612,0.010873791278391632,,0.016718297317296477,,,,,,
2025-02-01,1.3068870189182864,0.5169033980119767,1.6953184065135214,1.5620425573166594,0.7544315581241999,1.3588741204065675,1.9217002237136462,0.46824690846867706,1.9159105996901968,1.3724428666518749,1.0420320016376103,4.082533589251439,1.6362980565221081,0.5366244754529016,0.1490722968650032,0.8846643469405074,0.39558011049723757,0.5379784435203259,0.4309021113243762,0.2871618163829279,0.16562454558673842,0.9985604606525911,1.2693538067818297,1.3694817658349328,0.1912933710893521,0.2699327897376412,0.6661975435005119,0.5,0.19692265702296066,0.16082699327897376,0.7303566813130008,0.4910801353754374,0.4730109204368175,0.4877531119141857,0.0967213674047286,0.18535703319572855,0.16473371862999883,0.15376479819862848,0.44394466604430116,0.8506078055022392,1.0003198976327574,0.15188836955409232,0.4142277691107644,0.6308381317978247,0.7539987204094689,0.28548345061245767,0.058212058212058215,0.4102481261307832,0.2612001086071138,0.4827625767223082,0.435060739209098,0.03309814719210692,0.7424824056301983,0.35513027242637696,0.08592823712948518,0.32553631429309904,0.44559317653140346,0.0877018138329679,0.023043391598998188,0.10003379812983682,0.14885043027619135,0.10516418091532267,0.196176478234871,0.18549106949415464,0.15421480011439365,0.038703191756722786,0.29178185473737117,0.2730282257715073,0.23760085275281434,0.04375557885796986,0.035791352878474056,0.3191065017949741,0.6107787085050747,0.25581704560563756,0.04611738597368439,0.02851428454009329,0.07120009315259902,0.029651294204675438,0.03953505893956725,0.049418823674459066,0.05172709028267704,0.09404987773721378,0.1499345876970075,0.18754494955375794,0.10100892484092139,0.30429250652916356,1.2738230764079554,0.5604366168887698,0.290828173374613,0.058834433157855706,0.14562170979461703,0.22449338175002925,0.1058887986615922,0.04024028724892624,0.021475183688644078,0.08501041962215417,0.04782264139867529,0.029174942031679564,0.020524208040252605,0.06522436720234122,0.08473455871027365,0.07099720182779688,0.20024580274169532,0.021576731529496327,0.17577860528097494,0.058202828312054686,0.02860862960685739,0.05949582263372997,0.0661054649354407,0.10409960577236066,0.23188903757821258,0.055463127057036425,0.2393855691234736,0.5138671899411316,0.13398492669574671,0.06770488320063993,0.06453024034796086,0.08159082103263382,0.054685804985554906,0.06041816541628127,0.04905621595697304,0.0747604855377799,0.055782033275096204,0.16862503282975344,0.15943270186016237,0.07578819955922488,0.18674705674123301,0.03731743802313498,0.32797780137713684,0.06309022187203818,0.0768958468934489,0.21420985920317906,0.05382937663435077,0.05580487136446165,0.07792356091489386,0.03422078997696026,0.06887828090412156,0.03477043082807535,0.045725601216739194,0.04397126808920746,0.028972849247820256,0.14202569006279456,0.12285602421431474,0.02622464499224479,0.18832352011083167,0.20889364073064584,0.03230081166142123,0.06591172617344557,0.025343713765115117,0.0933109461351966,0.1066378544430557,0.05259234719231406,0.03440149381842275,0.034747842847892535,0.0753309139096782,0.1568735223696297,0.050702486183685454,0.1067583421197226,0.08550765529633644,0.10785725953756367,0.0959770712365791,0.08225545374894193,0.02965592004633273,0.1277417247063366,0.24286074934287707,0.049019064815943106,0.057814802095911194,0.063940800478559,0.1033111408979628,0.03194824472975817,0.15679454088245393,0.03517187136511172,0.10828505278550143,0.10497280411206257,0.11401225199676529,0.09008430171372865,0.03649012418163086,0.04261612256427867,0.05808066821016716,0.7733579467635324,0.007889936276778729,0.013322332011833131,0.013620646181637818,0.018670678913331448,0.0018774852115485466,0.009477980767712495,0.015934797597806232,0.026740458859010593,0.024353528814219472,0.008760849083913617,0.012657045259562193,0.009783255172558987,0.00815112690967887,0.026190043060638553,0.07495330672032957,0.015216416148134923,0.011593133703084036,0.02765106104719052,0.04655098284144353,0.021505981601888432,0.007967884145311787,0.006905579435122164,0.009772724278632823,0.00737265816902741,0.006500777865737619,0.004838456628146643,0.013391985647508852,0.014663876969066212,0.005049705052186011,0.004817830840606041,0.005242456454404751,0.005507728186171137,0.2864438814493104,0.2437366791329875,0.37137571882414444,0.2118068122411228,0.9330437929786465,1.3897132746209837,0.3174890417018539,0.7258615836248844,0.8132866851650783,3.868500422246351,1.8954035468693449,0.005258311577168485,0.004414064051593706,0.024327906027811784,0.00729490526589464,0.02201398894317398,0.008497362177855294,0.004557781123954169,0.009083785608793462,0.009239780018993764,0.015883986379376963,0.016442966349261373,0.013773006467268258,0.005901066322901207,0.025744133057454332,0.12983068106726176,0.02416685624320684,0.061133920478960616,0.021203684645744642,0.03282671259835412,0.023100172243827932,0.05148032195512994,0.007423933731372191,0.020960731219481308,0.0039414041112472665,0.012928937772596403,0.011449514494400017,0.008275384288763163,0.010882625715594656,0.0010570501670496828,0.0014332378586353698,2.6528,5.7331199999999995,1.31888,1.90448,1.67008,2.10144,2.6936,4.5912,7.245760000000001,2.11632,9.04,2.39504,1.06,2.7536,1.6744,1.67584,2.1048,2.32192,2.9787199999999996,1.9855999999999998,2.74768,3.01296,3.39744,1.80256,4.1616,2.53856,10.736799999999999,19.9024,1.4775999999999998,2.0862399999999997,4.728479999999999,0.40704,1.2312,8.96512,51.96976,14.74944,0.006980063284939679,0.006631060120692695,0.008724897711598586,0.0030499684010648585,0.0037470677566787667,0.0029663455015233515,0.00845389421503674,0.0024401198365126965,0.040768975142412886,0.017177703559179254,0.008627670218856184,0.004942095223445467,0.002853155286091897,0.003849192902973492,0.0030100615943422305,0.002713481462562699,0.003239707127573354,0.0032282792692846013,0.006543809329630949,0.0034900316424698397,0.0023896921443813755,0.004067410577915863,0.004667826624515404,0.0039872341753185835,0.006980063284939679,0.003514157121079428,0.005189336030549749,0.0032008886883067977,0.03188118510155556,0.008724897711598586,0.0026175237318523796,0.0022931902299430204,0.0014945099117624225,0.00039471459740199436,0.002408012996558582,0.0231824082089027,0.1389516917220948,0.01654264114856143,0.015023642969037397,0.03635600789719426,0.012306170825802433,0.0031518259297666656,0.0021449751993131054,0.003498539344121229,0.010787058293705205,0.005905433916234793,0.005211378983514154,0.0037764753692152405,0.01042181581101104,0.007924160209234008,0.003293149332356841,0.007552950738430481,0.007460434400546773,,0.008620995730554495,0.00747152963314723,0.007115002825585902,0.023812588207099174,0.00882514801040289,0.006684507800688201,0.037088403854631746,0.010271226659329022,0.0106736137616389,0.00914838912016285,0.009868099874845776,0.005846854317212637,0.0032480747041189455,0.008360074109198319,0.06646158963750622,0.023076363339775637,0.07974575139514484,0.018245032132910382,0.012981903698023408,0.016880872742160283,0.02749109018404957,0.09230785223259158,0.03826922877016952,0.03905605927456466,0.04614313118559524,0.06714766745536296,2.5262440354464895,1.9349011588275393,1.9667689161554192,1.5983299250170417,3.0260736196319016,2.409168370824813,3.795160190865712,1.7788002726653032,4.8362304021813225,4.010565780504431,3.6226993865030677,26.977505112474436,21.367075664621677,0.7704498977505113,1.6683326669332266,1.6925229908036783,8.857257097161135,1.9158336665333864,2.144342263094762,2.500199920031987,5.192722910835665,14.424030387844862,17.50119952019192,2.879448220711715,0.007640303080722757,0.005350307686698119,0.003279923856814937,0.013420613562858152,0.004031380983734075,0.11656805800092286,0.00352761552553173,0.003893409729230121,0.017197937828817435,0.002524377264041273,0.005145203666157838,0.004917883612814308,0.0034970480769984484,0.002622530450492453,0.00532753684237791,0.003376661127732536,0.008212980034096816,0.002713913055461015,0.003471822286795453,0.004214651334453253,0.0037518456974805956,0.005752830069470246,0.004127030267228654,0.005064861690015385,0.019072081962184448,0.008604200800461646,0.006801472658623181,0.009847758581509347,0.07254374149898733,0.044292658397586324,0.028419376466644313,0.019812512184165246,0.03721785711258593,0.0119948692303563,0.01094824054263213,0.10904592182391235,0.014287473991736268,0.018271877048605046,0.017811944216717963,0.01436543455439527,0.04291561576494445,0.025139510470191723,0.01999513187976639,0.02626246335843551,0.058233910971817994,0.05976213180594081,0.03457133716216846,0.05985842214305017,0.05978387478528808,0.056774025215643766,0.009520498105578595,0.03361925893532442,0.06034547650881614,0.026331919835685377,0.18159919993404475,0.07510834226477452,0.05226453558466448,0.01894237122538259,0.05295972593216571,0.05873418989969844,0.06272057418964917,0.03668538252692297,0.03365410209277347,0.03732107460143986,0.054221715617044065,0.02448247863990644,0.0621348423412798,0.01003880944636326,0.03188433146197146,0.010302008506792274,0.038588458472899184,0.08587186144393737,0.12410701327183886,,0.042913183260616765,0.2510996707679405,0.06667320967055976,0.13599038773246253,0.109698028330781,0.19515696784073508,0.11509379785604901,0.054412327718223574,0.04386006891271056,0.08977794793261869,0.15104191848377893,0.11175844896775128,0.13660977614465986,0.2209302325581395,0.2513175071314606,0.31317990620316205,0.3008509403858241,0.07243363765102896,0.40865949561601733,0.33526168308777005,0.1705685618729097,0.13314652445087227,0.2898550724637681,0.5130314260749044,0.02784500447203662,0.05525595833114116,0.0961619403377703,0.09964749829010365,0.082311779870574,0.1682143420844952,0.20422738990898093,0.1487967504598406,0.11046622429356016,0.06077721374244182,0.09166825482076958,0.0419424141988837,0.28041499778682244,0.023794358016561046,0.10385740658771202,,,,,,,,,,,,,,,,0.040803793797550406,0.03950735218859813,0.0656067687898741,,0.009879453336915357,0.03547070395438119,0.009879453336915357,0.010252099383834094,0.028088798410159467,,0.027531384809267607,0.027531384809267607,0.02765256167902671,0.04569256429153252,0.04177495054497498,0.0456149877816997,0.04383072805554478,0.08657538497343005,0.05553339538181979,0.04994903160040775,0.05034791472765146,0.052253689668927,0.023489784159907812,0.06067403435824489,0.06258890469416785,0.06056461319619214,0.06050990261516578,0.07260747185261003,0.08271494370522006,0.070496417604913,0.070496417604913,0.07191780821917809,0.07165934349961231,0.07133626260015508,0.07211165675885242,0.08270871026104938,0.06487695749440715,0.06533585728216601,0.06275454597602248,0.1828214971209213,0.18969929622520793,0.010452269567182888,0.014493448495517031,0.01778803674048097,0.010534463036911718,0.07633513931888544,0.16282894736842105,0.12345201238390092,0.1722136222910217,,,0.009268601201680545,,0.00723568298522746,0.0709265549959002,0.11830853929951973,0.09013705048611924,0.06928663464917419,0.006584418506814335,0.03341127667276516,0.016955122247116258,0.014890765181829744,0.014117854242694034,,0.0027404117677260354,,,0.014674359500949837,0.016765915739764475,,0.01914195339996139,,0.029324644549763034,0.05386763710223426,0.03918415707515233,,,0.1395648670427075,0.16970185334407736,0.12715551974214342,0.189041095890411,,0.058993363246634754,0.030059118349185718,0.009036483395617993,,,0.017170519879030916,0.3841654573451053,0.009340778550466467,,0.03295536295433524,,0.024162698548639422,0.06877865777407254,0.06883820639552195,0.07634133269814804,0.11415470731852558,0.06883820639552195,0.009448982949924653,0.00227642122434291,0.00227642122434291,0.001969820549821426,0.0027238924790499407,0.001725063554973078,0.002727732074339581,0.002884316790618602,0.0018974383266751932,0.0018431645422568525,0.002476714927477044,0.005092355837346418,0.001856338557828539,0.003574872726457198,0.0041770391800668326,0.0016078480536576194,0.001878434568210786,0.001632921707515828,0.007499111974759189,0.003026724875691954,0.0008680800049109352,0.0033127146277258396,0.0005445360430140142,0.001806213055143302,0.8312,0.34624,0.17168,0.928,0.00047108171390302354,0.00026175237318523794,0.00022692461459094434,0.000523323351794464,0.0005409186256676227,0.0011288824472048423,0.004120523001235034,0.0019433925673399816,0.0032406887611893076,0.0013279168750574138,0.0028581547194469247,0.0015302480992804841,0.0010847932245749692,0.07059657338066634,0.0003285609226771448,0.0008155930589481895,0.0007879564824416664,0.0008140227989194099,0.0008696100039382122,0.0007854440663956189,0.001529662734516233,0.0026325288550015833,0.000663494909507283,0.0010141042596817,0.0004997653102103252,0.002432457717855695,0.0033552243866280394,0.5410702113156101,0.20841854124062714,0.39314928425357876,0.28688524590163933,0.711515393842463,0.6683326669332267,0.5,0.16353458616553376,0.0016127200359090051,0.0020314069683084585,0.0007531893821427319,0.0008383918009371585,0.0007375121370845573,0.0011147884475062786,0.0012131747764687773,0.000234522856488392,0.0008710106089092165,0.0011731342887756372,0.0006253076162467659,0.005443345625209521,0.012093530003352329,0.0059084813945692255,0.00948928265731838,0.010173644295556438,0.005373136710714549,0.004313673066678372,0.004150668508035755,0.003522756590229615,,0.004755327058674287,0.00241025839802387,0.004575614809698823,0.0017271897150538643,0.006114787153993022,0.004865587150779646,0.0028344656021465357,0.003316593570198742,0.003168767142736498,0.002289981971440706,0.0017367272900074696,0.0022854410426006804,0.003570723188390732,0.001530309937881742,0.003214319127166454,0.006867939810908669,0.003709989248504192,0.004963419446889895,0.010804165022312621,0.0043318983285360445,0.003448312943360922,0.0012922212225380586,0.006765559714417968,0.0049354558859143315,0.008843969087492451,,0.005048879406273853,0.003652507715953588,0.003612779555888831,0.009554622495574034,0.0015518812525295664,,,0.017496895712051087,0.016483158086988286,,0.011975891669058367,,,,0.04545128254211332,0.01982436830015314,,0.016115524502297092,0.03024222791664652,0.031015810085577526,,,0.03116085674225209,0.05528940311549008,,0.04793756967670011,,,0.017020045246488136,0.006366075656337139,0.01724364707739254,0.017493555006050404,0.028504500710638522,0.03390008948781387,,,0.05474548612938885,,,,0.044700337216431636,0.023815910484365422,,,0.02482717995807273,,0.03582108888337094,0.009360121778747017,,0.013797272933377956,,,,,,
2025-03-01,1.1499080266121129,0.49669067716481285,1.6807358377030859,1.5351672981482472,0.7661970677369154,1.0833489681050656,1.6105531560597388,0.43954549575413254,1.6061760892625623,1.1550872033656006,1.0900539493705905,3.720461095100864,1.6508437866618537,0.5749757919490939,0.13575003791900497,0.8114791083837198,0.3875469211152182,0.5106939806876636,0.392385863794934,0.23322727901507814,0.1555846096376541,0.8748672834824813,1.1210374639769451,1.1898983770665856,0.2073592474754461,0.2554641029187993,0.5681982633863966,0.4754688929551693,0.1844307649744086,0.1263660257296998,0.6020304568527919,0.3749804860279961,0.335506519558676,0.42665348389446844,0.09586388158804812,0.1884078019089777,0.1847817184044557,0.16153686540323695,0.3330475588845772,0.811315031093584,0.8621264978006977,0.20179139576704938,0.33182881979271145,0.5854694372819657,0.7209161231609282,0.24268292682926831,0.05563815187557183,0.3584353538369663,0.21889589646981736,0.4086485923921528,0.38608539862645574,0.042046105011188016,0.6415895646898224,0.27930692175796407,0.06664437757717598,0.31525828605553896,0.34207226037623173,0.08871563891419827,0.024050611150269043,0.09450050714297993,0.16118551118293248,0.10204748233595212,0.17582389245130567,0.1735202599322663,0.145524248310956,0.03295569805222713,0.28163626674001613,0.2721380804208427,0.23268407571042993,0.03821623201361549,0.034941291753339404,0.32436465785892993,0.6730895843392002,0.27573190536803754,0.03686880332026747,0.02576089462762278,0.07225616785796633,0.029478902467143187,0.03515102605487664,0.06136154023518561,0.042932902928291446,0.09952732303435555,0.14154945815079548,0.17118976250864654,0.08164053493198063,0.32992083804535444,1.0877328730432714,0.4024165228260223,0.26669965363681347,0.061899537914298065,0.13932382567068913,0.20263736263736265,0.10084737783636193,0.046078523679502874,0.019414367761980984,0.09520760756990869,0.06119009509462386,0.03037378777892854,0.02026525811432942,0.08645278607611377,0.07157639520284019,0.0606399099450145,0.22628046932502058,0.01878743271131893,0.16268682356983338,0.06527767964389175,0.04655373419063096,0.06674379990108104,0.07058574153889635,0.11422489931463295,0.23734367271956477,0.07859641065498481,0.2679712460063898,0.5218165221360109,0.12650616157005934,0.061056595162026474,0.05866042902784117,0.044260611592879966,0.044590480433652636,0.055394668448800775,0.05093933318482217,0.061892032375436265,0.05689834410039356,0.15178770327467142,0.17554020940075743,0.06285735501596496,0.1557510952699191,0.034296799584168716,0.27557176802554395,0.05402094007574071,0.054884161283136564,0.16962760822751913,0.04115615950100246,0.05118066384495434,0.0661524467216158,0.03352212855637513,0.0836626273270109,0.055226261561878,0.04664998243765367,0.03933965577801194,0.035153963236155016,0.1627590446083597,0.20788695703079263,0.02566297857393748,0.20907241540803184,0.19080757522538344,0.045515747570542095,0.0725763962065332,0.019494204425711276,0.09463177613862546,0.09862720992857979,0.05070395738203958,0.033800199039925066,0.03550521016274441,0.08113072239784569,0.17656012176560124,0.056792237442922375,0.09633045398454243,0.07500162369292719,0.08506851984152757,0.10359160875495226,0.07427420926154446,0.028849775930376048,0.10921608105475092,0.22313437682665455,0.03958369041497648,0.05300043802014892,0.056552210097316646,0.11991277685730065,0.029185472966539068,0.1400426593536346,0.03958369041497648,0.0915938220114647,0.08797539469424288,0.10838142032794376,0.08795635033994173,0.036946047344264786,0.035184444571406806,0.058447123350282806,0.7389926030292356,0.009923853538251579,0.016978644872132877,0.017264000248135108,0.0307842620306757,0.002357283540888013,0.010150734126499403,0.013372801624334619,0.02605748689593021,0.024451882072872473,0.011341026121276776,0.01333344191185053,0.010471040752231969,0.008131713288227121,0.02275088854514754,0.07092223704770788,0.012833229030137719,0.009629715093174868,0.027479657583697997,0.048324612747715975,0.020332306052708894,0.008838736765981034,0.006648975712802312,0.009183674683103157,0.0070914477995934495,0.006263596798500352,0.004829130839709729,0.015310485755848185,0.016078864702265053,0.0044619514355843755,0.004288768771169083,0.003844988193604897,0.004614318875911291,0.006826607728504207,0.005640417795522601,0.00790407101097961,0.004507699985740767,0.022221231997718523,0.02135676600598888,0.006755311564237844,0.015483744474547272,0.018896157136746045,0.09468665335804935,0.05291957792670754,0.006151174721776421,0.004846972333620234,0.025633778466002413,0.007588428304574481,0.02638999034063361,0.009391008896389202,0.005167948944422938,0.010641840466355712,0.009025681887372539,0.015898490207206566,0.02013959099912427,0.01555270744147063,0.006496957487512357,0.02638999034063361,0.13186350601173408,0.02569616970416781,0.062349142872176896,0.02313437043106332,0.03281403276667556,0.024024385202001033,0.05264692948662535,0.006954445966880404,0.020750516837182088,0.003953405678867682,0.012118538368109454,0.008626531934974608,0.0087035614886467,0.012548036485553847,0.0009702611457484745,0.0014378850018790545,0.012706417365830187,0.029564179555098487,0.006775812440982894,0.008947406077788968,0.00800391861791667,0.010673201889805382,0.010721162502348891,0.022123208454905622,0.03646736280316414,0.009987601002298178,0.04431010231335263,0.010964110523266006,0.005590163199743371,0.01583486453485675,0.008003132378366777,0.008088046249755282,0.009987601002298178,0.010959393085966645,0.014910246824181897,0.00955831420805628,0.01324499145750729,0.01646228369567183,0.017460021684486786,0.008962344629236946,0.022973133408340587,0.01524439863288667,0.04636533249677445,0.09869507821904161,0.007264067201466808,0.00959526746690128,0.024933228606225287,0.0018193583184537498,0.0059541921113441,0.04461437701916145,0.26057551162573106,0.0705563509679002,0.9882026370575988,0.9038861901457321,1.1677770067083044,0.4460559796437659,0.48487161693268566,0.36328938237335184,1.032384917881101,0.2997224149895905,5.229516539440203,2.2358084663428173,1.1680777238029145,0.630441822808235,0.35186213277816336,0.5283599352301642,0.3469812630117974,0.3554476058292852,0.41961600740226696,0.39537358315984267,0.9125607217210271,0.4430719407818644,0.28501040943789036,0.4995604904001851,0.6090909090909091,0.5257228776312746,0.8548461716400648,0.46479296784640295,0.6355308813324081,0.44131390238260465,4.312005551700208,1.081378672218367,0.3559565116817025,0.2909090909090909,0.19511913023363403,0.06625028915105251,0.30381679389312977,3.0518158686097614,17.82974786028221,2.152764284061994,1.8542447374508444,5.017557251908397,1.5564422854499191,0.8553828102082723,0.6188520582771097,1.1588931260389166,2.818715165737753,2.055148137283661,1.6712623447736383,0.9957954434340472,2.747628825657573,2.004106776180698,1.1107851764935954,2.684169355627261,0.004669630186159112,0.002920475415310126,0.005623556501655675,0.0051626805242507715,0.004318320950552355,0.014697161003979185,0.0064470462197734925,0.0044565837437738265,0.026993853827531514,0.006876617413807496,0.006704875893925481,0.006423567632245318,0.005563555666861452,0.006152980240524078,0.00280339438022254,0.009884733615088206,0.08176802848188743,0.02458694269319026,0.07448103483302859,0.018245792826907255,0.014190987174491524,0.02473098404388182,0.032692390953204045,0.11798318795980829,0.039803704110756975,0.04382687062255837,0.05630518115905828,0.07255437769140848,0.006760188232319449,0.004999785686359997,0.004208773524169166,0.003891416154226156,0.006991387189412992,0.006189984062858407,0.009344074704106465,0.003979306394469582,0.01173096580983063,0.011799805948740506,0.00977097015671739,0.06519680702983376,0.05552108737978411,0.0015867868497150494,2.6432139883430477,1.7924646128226478,9.807452123230641,2.218151540383014,2.7404246461282264,2.606786011656953,5.720233139050792,14.38759367194005,20.117402164862614,3.2281432139883433,0.008041732150175902,0.005657425272253202,0.0036506008444584215,0.01648150489086908,0.004899835928543403,0.1250726642781315,0.004396380192625401,0.0061904244172922345,0.027837164096220952,0.0036912422826903602,0.00829907887147739,0.00870813345808117,0.005495177885114655,0.00396622057451936,0.008133311816119482,0.11643991791441817,0.2361784601352892,0.07618758075549137,0.10318461655392566,0.11944212206430037,0.1160370905221555,0.16150338222999164,0.1298472296116136,0.15665425248916928,0.0185494994949963,0.00750977366498738,0.007659955608382318,0.010073690626549597,0.06875018180809589,0.03267540222259081,0.015886450782004624,0.019811956307494976,0.0389561103903554,0.01205721329367706,0.011333362197110735,0.11591548685976534,0.01822891861857961,0.014140283744269162,0.02705558162761874,0.01699697965175746,0.07451235214131861,0.024255442041803545,0.015897139694114534,0.022233854373488324,0.04928654156012222,0.04578367158540971,0.040159823752120266,0.05728056091227534,0.06242867539410828,0.04784801452119421,0.012046845738882523,0.03769274487333576,0.09461758485432913,0.02711052724748675,0.1901184187233884,0.06327156180413859,0.05163659793814433,0.018427835051546392,0.054400773195876294,0.059452319587628866,0.07185567010309278,0.03850193298969072,0.031382087628865976,0.04598582474226805,0.05333118556701031,0.022364009636837556,0.05585466763259676,0.010989460611472263,0.03409235864246707,0.011836655122036924,0.058766898762662785,0.0930299219587972,0.1658560491178755,,0.04344282337598827,0.3072691022401675,0.058292632463306515,0.20178435958043095,0.08132292145153881,0.16009186954524574,0.08487827285254938,0.0401102434542949,0.0415893431327515,0.06790078089113459,0.24006343292974552,0.12540589523497875,0.18949329171596144,0.2906839177385657,0.24534951040853828,0.4377879024341128,0.3139426586452539,0.07266110309343038,0.4086716446006149,0.43474305076237685,0.1807429252682437,0.15937754909957957,0.3002447135596411,0.5472485411307021,0.02195988562778572,0.042616264401648306,0.07380581952737364,0.09226515852325289,0.07590824993692709,0.15781893869312927,0.18704272138592215,0.1722996333158722,0.13412697057165793,0.049719038753864284,0.08678201164836291,0.04073337751270157,0.2704108681245858,0.025513585155732276,0.13595096090125913,1.111143340584965,2.311723471114334,,0.7806139714769157,1.0733381677544116,,,,,,,,,,,0.03914787660810624,0.03852538387052151,0.06387467146216627,,0.009429421169351372,0.03611889494404236,0.009429421169351372,0.009884990286922586,0.029750787128448693,,0.030097657292278136,0.029323870003735528,0.029377234644324672,0.046072569416004586,0.04451634040461954,0.04644114997133262,0.04451634040461954,0.08305348513391761,0.05785015142869683,0.04797436685247772,0.04801825922837203,0.04929113812930694,0.022341219330202344,0.06078453796889296,0.06404391582799633,0.061813815187557186,0.0610704483074108,0.06433912204534491,0.0756150506512301,0.06391702846116738,0.06391702846116738,0.06401911018214393,0.012421618393550314,0.06407882950134369,0.06312332039414752,0.09137055837563453,0.05677264921683926,0.05703283551022533,0.05474319612842796,0.16107993326255116,0.16593356590323066,0.00843324878948582,0.011718930136038736,0.016641687802628546,0.009926216278533549,0.06853043047996042,0.16782121062180438,0.08667326406069602,0.14250371103414153,,,0.008737267298911135,0.008642137922959842,0.006754185692541857,0.06736263736263737,0.10659340659340659,0.08120879120879121,0.06252747252747254,0.006091705112512946,0.039487807174465685,0.015667074663402693,0.013906411825628472,0.013049618679973637,,0.0023668297470089907,,,0.012269991773823439,0.014093654608040527,,0.015405598493212963,,0.02856038481360591,0.04908950352173166,0.03822367290843498,,,0.12073223884933897,0.14092692140055207,0.11012639837280257,0.16388202818538428,,0.0515518028297581,0.02635782747603834,0.007930168872660886,,,0.01427374354872498,0.351892056599821,0.007286329546298359,,0.02247159723769214,,0.020661617286700826,0.06258072091111894,0.06522249618410238,0.07661148291651991,0.09346013854643653,0.06522249618410238,0.01389556613576092,0.002864409671065895,0.002864409671065895,0.0020765806981901647,0.0034956033560273564,0.0021091376965610468,0.0018811228104463392,0.002858329465223658,0.0017861166078985444,0.0020874691191356096,0.0023039473981570804,0.004510360626645146,0.001769888347164551,0.0033816836353332295,0.004592093157221469,0.0014065661510345277,0.001750320910297413,0.0016328351064987055,0.0075865369971498805,0.0034713582873229275,0.0008682154226630535,0.003402953435840384,0.0006163953650075357,0.0018965432998951377,0.003922549114419083,0.001888547398844385,0.0012076639486365427,0.004108887887743861,0.05769141799676151,0.04439046958130928,0.027781633125144575,0.054892435808466346,0.06911866759195003,0.0011286861646670216,0.0040949414241638745,0.0019608530826842325,0.0032404558531730215,0.001327428455432307,0.00031226456243308614,0.0016647351023218425,0.00047876060257597984,0.06858893366833808,0.0011447447631475548,0.24386428082526648,0.2364329715459079,0.3303999217756918,0.2599980443922949,0.25295785665395526,0.0008634902746472994,0.0014861076328018476,0.0003765269777666472,0.0005726166624926955,0.0008459307069516187,0.0021831007023889216,0.00396405127539041,0.0013200854310453439,0.000503528814793616,0.0009689574269201311,0.29038301415487094,0.7114904246461282,0.6727726894254787,0.5,0.16340549542048294,0.0016166571676393875,0.0021857239899063905,0.0010345814454984737,0.0011515934845746443,0.0010131292383345092,0.001531395061409381,0.028638747434825567,0.015923082769628335,0.02543892984722961,0.03267462187428745,0.017557193889184464,0.0030416711385167767,0.005568672982545149,0.0033026645722146874,0.009134896050824676,0.012473485533125165,0.00537249060437403,0.004327493398650852,0.004594272322552162,0.0037628885120499075,,0.004252516561515642,0.002410615514163742,0.004914793730932013,0.0017881110100878902,0.006234575918950513,0.005245991542913221,0.002945548483930092,0.002566694343164507,0.0035722023270929183,0.002472376922782826,0.0014728257844246935,0.0018995973503052345,0.003570346179775976,0.0013746373987963806,0.003932947383395493,0.006449343628014059,0.003635442365448047,0.004261864586102687,0.00927247177294652,0.0043025780063541755,0.003443553120720016,0.0012913324202700057,0.004882408518679299,0.003868644825208754,0.007075917366767958,,0.0040397334082377875,0.0035789154466183215,0.003335828385348348,0.008895542360928928,0.0014464883546856835,,,0.020148315271664753,0.01622087660905482,,0.011515686195880285,,,,0.04666972898484152,0.015443270555810748,,0.011878732200275608,0.03023132881919098,0.03186749565786493,,,0.03116268532735923,0.05327225952186735,,0.04687205873125431,,,0.013455554621142042,0.0048881507022117575,0.012835337650323776,0.013939113615339333,0.027685522225469616,0.03347769482158514,,,0.05305948933230597,,,,0.04762702985856469,0.025060240963855424,,,0.023347964952433003,,0.03518886679920477,0.009189308592887122,,0.013364258891097857,,0.1718153251148175,,,,
2025-04-01,1.0469262330260425,0.4666529329968584,1.5339215001164686,1.2773701625665372,0.6887428169829262,0.9263726110003405,1.478986204683991,0.4364012327584158,1.7037885179382106,1.0939925750928114,1.0834253762253208,3.389603232916973,1.4984000775719966,0.5258180312025403,0.20168993387215284,0.8428682245709299,0.37066154204518986,0.466110734025017,0.3185157972079353,0.2614593400524644,0.13544813695871097,0.8348640705363704,1.1612784717119766,1.177443056576047,0.20191909429794283,0.24240646141101752,0.4777904328018224,0.39409751444762386,0.1750655805605412,0.12353306640894655,0.5135408757276639,0.3098599080312266,0.3207558560734123,0.44781306812105653,0.10237470661328178,0.1784826729255833,0.1780974823266774,0.15670302360900176,0.35120721419567535,0.7516531961792801,0.8589272593681117,0.23484743890653045,0.2941922241004588,0.6047024246877297,0.6855253490080824,0.19642075572630455,0.08382427200807945,0.3404201467982789,0.22489561370871058,0.35210137953160087,0.3533282713237156,0.041065126724414494,0.6612784717119765,0.25113933869872973,0.04425259599130645,0.312452543659833,0.29036952670210076,0.07732056102041167,0.02164769703524403,0.09042763214365418,0.1299720176477657,0.09617860637585621,0.16884688674872536,0.1705120942129749,0.15071844260184375,0.033904997339101475,0.2684503270330123,0.2634032033784828,0.22082024342929735,0.03832552230862989,0.03122693172649397,0.2658391842193246,0.5839602139752591,0.2541792042795052,0.041125405945540844,0.023992422349904237,0.07681218252976935,0.028332916978932466,0.03170018319593638,0.08502997751686235,0.062401115829794324,0.08987009742692981,0.15536784911316512,0.16142060121575486,0.07005162794570738,0.2924952287139075,1.081081081081081,0.4486855876377516,0.29858393888578344,0.06230399911192518,0.1291038770016374,0.21753494282083863,0.10314941154646824,0.04523156831626028,0.019951769482861675,0.10700373065111198,0.0769111857699363,0.030762413174763484,0.02006621580579103,0.08998974587203691,0.08093544109289157,0.05703520383462287,0.24157342226258388,0.0184544232579259,0.20400911161731208,0.0994634862518352,0.048177484548041535,0.06490728824926138,0.0797429809138859,0.10928748799187979,0.29916079099526927,0.07310906091968607,0.26924945938722455,0.5738999441164322,0.1388220715795612,0.05866559758971742,0.053125835216366595,0.04358918288504993,0.03855644897990175,0.06104644541126626,0.04166951398221757,0.05027979620813497,0.05331693279576016,0.12466686408054486,0.12566911915446116,0.04908012725602302,0.13333029619674572,0.03158622051130194,0.2147711137939151,0.04615688329043378,0.04266417621466481,0.15532675793262113,0.030667486693545326,0.043332346263942355,0.05188947859957632,0.031215704649987054,0.0753542054576618,0.05413270527886358,0.04257864039360272,0.03161645930182374,0.030290886222671617,0.13803839846110214,0.16618987138858404,0.01826824666757093,0.17972921316448204,0.17419879896913573,0.04206074207430607,0.06037831239133384,0.018946446847602254,0.08301786749201573,0.07600157835678262,0.04330616422309086,0.03247962316731815,0.03789289369520451,0.06640196308124838,0.15262586778795764,0.04712874705599467,0.08737417313776244,0.0656427955133736,0.08131147540983608,0.08055220017256255,0.07331607707794074,0.02473396606269773,0.09090595340811043,0.19715846994535519,0.029751506024096385,0.04073042168674699,0.04426957831325301,0.09487951807228916,0.025120481927710842,0.12429969879518071,0.03281626506024096,0.08003012048192772,0.07325301204819278,0.08156626506024096,0.07933734939759036,0.02644578313253012,0.032808734939759034,0.04393072289156627,0.6204888076747372,0.008476846120992318,0.01575346928138641,0.015844680435207505,0.03176609406331212,0.0021687985464127232,0.009492510286179272,0.014479444832842423,0.025142401980447666,0.027407367081934145,0.008804854847397797,0.012929354864589184,0.008813450540382566,0.008321406705553707,0.022174668826911985,0.07474304433161998,0.013827669907690852,0.008857663617855675,0.0199820114286424,0.04134887374776048,0.01665547124778377,0.007119872403275203,0.005549753718034836,0.010333595882293885,0.0072244089802094656,0.005089171770156152,0.004569593932324469,0.012601315090838144,0.013518338924142672,0.004742330181124948,0.005382759400116697,0.004543455444174021,0.004808037693333404,0.006585844794247443,0.006109465874202206,0.009099024923619954,0.005269238487665724,0.020934415376161173,0.02247795809741011,0.007849936889170631,0.023175646909444864,0.02293089317296493,0.11465352811104505,0.04713806923998807,0.0054605407411155524,0.004627755570173218,0.0229848707180084,0.008311687946611794,0.023447997661173794,0.008176052893454097,0.005121804494369388,0.011649856353342666,0.008576633102261802,0.01472167405983122,0.017127966401862066,0.016110352117031265,0.00553081797073094,0.024535889175619986,0.12338643480803071,0.023671479251350727,0.06633256871707512,0.018881383280765968,0.029155211478239358,0.020516734413916014,0.0504499148239977,0.00896824272711866,0.021565864677289815,0.003593355607935348,0.016839402630215137,0.00975830610411971,0.00873408922885721,0.014373422431741391,0.003157797352428033,0.0014376697305842948,0.012839816668597051,0.03119612158115062,0.007857769247315387,0.011286959974849844,0.007797375779737578,0.01166255770471731,0.010168439862997833,0.02491520095305856,0.036477654416996214,0.011179409964094842,0.04548620877939011,0.012137432367589391,0.006384334099971872,0.015980276982643083,0.007808958088588116,0.008006684646822311,0.010168439862997833,0.012549431639558548,0.01498171649817165,0.01044062412098549,0.013252643248341248,0.016081208531197776,0.01888578188857819,0.010096464086569487,0.02534043714942833,0.01634346509588497,0.049100716448533185,0.10347221073183646,0.007908235021592734,0.009885500603934675,0.02309264192464881,0.0018200771050846337,0.00653655873057895,0.043594155897877136,0.3173958005857339,0.07900706520839883,0.8061774875144064,0.6206530925854783,0.7762120630042258,0.29665770265078756,0.349212447176335,0.2327468305800999,0.6774183634268152,0.20339608144448715,3.9415136381098734,1.5446945831732617,0.768113714944295,0.39803303880138297,0.23611217825585865,0.31031886285055704,0.2231732616212063,0.22999615827890893,0.26492508643872453,0.24244333461390705,0.5840645409143296,0.2953822512485594,0.2050864387245486,0.3305570495582021,0.38689204763734153,0.34472531694199005,0.5430656934306569,0.3450326546292739,0.4181943910872071,0.31308490203611217,2.6524932769880905,0.7697887053399923,0.24273530541682675,0.2003227045716481,0.12318094506338839,0.041183250096043025,0.19008835958509412,2.264018440261237,11.805578179024202,1.4915866308106032,1.2397080291970803,2.9803303880138303,1.068736073761045,0.8517489711934156,0.641358024691358,1.174074074074074,2.847736625514403,2.258230452674897,1.7659465020576133,1.1348765432098766,3.0383744855967074,2.7700617283950617,1.1272633744855967,3.3314814814814815,0.0048041233576097435,0.0029596293206855507,0.005692985868616198,0.007389104316848652,0.0045722865002789,0.014662753878746543,0.006260986169076765,0.005068417374966905,0.027358140186183544,0.006394524198899331,0.009006398233588618,0.006106582822094423,0.006529916923580545,0.006162488544990372,0.00320915489626098,0.011482168733386951,0.11957715901743617,0.026992646015233632,0.09669955546677741,0.021115766123309346,0.014950649277830637,0.022828541941543094,0.038263674609390744,0.13470478052814822,0.050686774917602775,0.05308115666247891,0.059142017588586865,0.08461462982139822,0.006836768117982199,0.00629008178883056,0.004500139632799904,0.004084658022644658,0.006855902139502506,0.007728777978381289,0.010199800186146694,0.00405276798677748,0.012016621086693973,0.012150103665395165,0.010527811983637678,0.06952210047821386,0.06823875432053039,0.0017001944836615957,2.6397284275076656,1.7593079281646957,9.518615856329392,2.3939991239597025,2.8843626806833114,2.692071835304424,6.2319316688567685,19.74485326325011,20.042925974594834,3.370346035917652,0.010822587983374592,0.00744022713417121,0.005321871089636188,0.027055865749638836,0.00632123244093708,0.19778231202913252,0.005710377346520392,0.00602769471458735,0.02632339000956174,0.003094634669703476,0.009878938038191116,0.008707178719386071,0.008881569461755102,0.0033184590083345958,0.007179772138584341,0.0036245139525170863,0.010303720994984928,0.0029854080532523493,0.004263943613635554,0.006234358255441627,0.005684934389660341,0.007248704143180441,0.004740521062327394,0.006960879855213699,0.020940671656133926,0.008752685385948153,0.006953174272116262,0.013124045255426651,0.086030583146952,0.03180534880139623,0.0159899389148401,0.019812906481100272,0.039235776837426135,0.0125183022903788,0.011333109596925192,0.11151336420085861,0.01822894916273483,0.01067264642126375,0.03326132979477725,0.01862173578331071,0.07587087984441158,0.01945488340997954,0.015863991815400824,0.02152382447681368,0.0512719574226705,0.04966011909005527,0.04189229820249029,0.05953882825552597,0.06418216252909834,0.051709013585937325,0.01574267423507152,0.039579228061919755,0.10329304040077253,0.027071752791584563,0.22380126074723294,0.06817838691018893,0.043645251396648044,0.021709063296631775,0.05432689700059662,0.06146607365623474,0.06696791777404133,0.04160112816618756,0.03615352280739817,0.04598429787926452,0.05357433421923306,0.023671532718577352,0.062312381974625644,0.011009431998575545,0.04203396121369584,0.01145081241583051,0.06461458210553506,0.10270439100044157,0.18526855431937878,,0.045465928378641586,0.2983264853099851,0.05431116305097217,0.1908387978395491,0.08258370193661681,0.15212133260441,0.07604824147242516,0.08212812484468963,0.03999966867120587,0.058181336249026716,0.28202887034829827,0.16132962521520328,0.2324990067540723,0.285763475036419,0.2843332009005429,0.48605482717520854,0.3783604820553569,0.10141291430080548,0.40865575069325233,0.5114221576653901,0.22897134556978738,0.1922949953783177,0.28535586953651126,0.5734847484484352,0.021332476340344422,0.05921008887608325,0.07417052682905206,0.0919014162547929,0.1277399765065715,0.16784503202641904,0.2134355814623551,0.16105594574957616,0.08129794550745084,0.04066366869470652,0.07096669899773682,0.038549985366057624,0.25418112639545093,0.021459631224651922,0.1309633315215119,0.4519302259079211,0.9038604518158422,0.5411495567629397,0.31386903059765514,0.7657992565055762,,,,,,,,,,,0.03672511390307883,0.03631092088913433,0.060575728289382846,0.03613834046665746,0.008952636006248819,0.035415701018008276,,0.00940756381864689,0.02596748669256222,0.02572771303889129,0.02575169040425838,0.026638852922840836,0.025439984654486162,0.04415230063251892,0.04179585762123279,0.04605399148373228,0.04303609078506759,0.06354127909380297,0.047475760615178865,0.0436308926780341,0.043338348378468734,0.04546974256101639,0.02022734871280508,0.056948886270549295,0.059137070077989115,0.05672445716209392,0.056948886270549295,0.06485699822829663,0.05833966084535561,0.06384459630473298,0.06384459630473298,0.06441407238673753,0.01252847380410023,0.06479372310807391,0.06352822070361934,0.09371045304986081,0.05550208533846648,0.055769436423911876,0.05518126403593199,0.1914033798677443,0.1904849375459221,0.007525605795653261,0.010054958780914313,0.011527812473977848,0.00816575068698476,0.06949878889509968,0.1475684740078256,0.12325321408608161,0.15539407490218,,,0.0070101236790510125,0.00685598727449844,0.005407105071704255,0.07052096569250317,0.11715374841168996,0.08926302414231257,0.06925031766200762,0.010037718737762021,0.045241873982315474,0.01629325803326669,0.014469155141496794,0.013572562194694642,,0.0023455190062216394,,,0.012004245990816393,0.01186079953983319,,0.012999712395743457,,0.028792710706150342,0.05293849658314351,0.03854214123006834,,,0.1255562619198983,0.16735537190082644,0.18992371265098537,0.17069294342021615,,0.05332021284350171,0.02666618072259883,0.008018077119323565,,,0.010730421686746988,0.2776882530120482,0.006423543882827271,,0.018511347501575515,,0.015853852987403477,0.05887391502969393,0.06195751484696208,0.06429876656007309,0.08651210598446779,0.060415714938328,0.012132531254298144,0.002068900616037237,0.002374385591533288,0.0025408821421590982,0.00295060843630783,0.00264031036182137,0.0018896198411515936,0.0025787078954305296,0.0018495066072226744,0.001726406042835156,0.0018195574480241031,0.004350170622323838,0.0014635120770796826,0.0027693764365067097,0.004736639414432645,0.0009090256857078824,0.0012115411498694153,0.0010554757148129768,0.005519243016071782,0.003165989194173174,0.0007716439811769468,0.0024062923420308433,0.0005509734801846324,0.001685247966176975,0.003922266161457385,0.0018887436504128265,0.0011491304995284346,0.004521236990585238,0.036434882827506725,0.022543219362274297,0.017533615059546676,0.03475989243180945,0.03963119477525932,0.001162916548647908,0.005555517175471442,0.0020184086235443396,0.0033356131103296927,0.0013667147952921453,0.00029277835516882994,0.0017502693086732565,0.000312217889682064,0.0900192688459175,0.0011447989288342348,0.24393004115226338,0.23580246913580247,0.31512345679012344,0.25997942386831274,0.252880658436214,0.0008754159732812659,0.0015064758989358227,0.0003778940774492753,0.0005800558170417709,0.0008463127572449103,0.002205144109715776,0.0040975204613193025,0.0013197919129602472,0.0005056848544652655,0.0009416672019636974,0.2952255803766974,0.711563731931669,0.6756460797196672,0.5,0.1633815155497153,0.0021219812973208778,0.002834343469741525,0.00092321818204288,0.001020712219115331,0.0009392383289796676,0.001366289674466037,0.0011674852445535163,0.0006446098507781616,0.0010894586378043766,0.001322243410636872,0.000710657268939259,0.0029336276371849496,0.006868230583645604,0.003303218520609825,0.011223158092631497,0.012473576173851834,0.00537330007629299,0.004555719023187386,0.005665603212943878,0.0042619328585060436,,0.004322143505202401,0.0024110572746752117,0.00443796691311314,0.001787360310274816,0.006235260351731857,0.005392452388942966,0.002955142874931854,0.00256655051558923,0.0023088800768463528,0.0016846488553983882,0.0015741638627296572,0.002094817543425771,0.004285630609229888,0.001448068049436067,0.0042539032755624685,0.004848081501011084,0.004492282489057261,0.004261829932147557,0.009274404185899138,0.004303794986421968,0.0029626579610403615,0.0012921188592492378,0.004804564708920351,0.0035481772449856234,0.006537684174980508,,0.0037319177041381327,0.0033304158756510987,0.003383080584528112,0.010126671164065616,0.007859580839074206,,,0.02179883466704003,0.015100934726258739,,0.010126201136333883,,,,0.039834004274141445,0.012789291453373755,,0.010180077199609032,0.03022116275989935,0.03289630512514899,0.03154549066348828,,0.0311481922924116,0.0499141687574277,,0.04786742374224218,,,0.013519803187127373,0.004898158203860901,0.012877058445444269,0.014373102240741151,0.023070489289531156,0.02978486129826681,,,0.04583894800427489,,,,0.042968434649229025,,,,0.018252358698527465,,0.03165112681356358,0.008268177447004223,,0.012041644018898692,0.05661995996568488,0.10042893909064912,,,,
2025-05-01,0.8372583390493611,0.35946193125523973,1.1120225135801391,0.7780532070293479,0.45427712783084684,0.7350413936516655,1.2999393142510367,0.39504934311341766,1.538306910414928,0.8410598179453835,0.802148659733799,3.2934565887257565,1.2255362417082265,0.42356645762218514,0.21497190502084465,0.8000290514695201,0.2574445341303257,0.43402895463128843,0.3186514410005437,0.23248921700934083,0.07287562893777758,0.8457495015406923,1.0157694399129962,1.1141924959216964,0.16395438067264692,0.17202508533777883,0.40535964502568894,0.33706658484197605,0.12087534068958217,0.09534016035564023,0.4297315977421956,0.22666127237786993,0.2947769685935367,0.3577930615960352,0.08808975682040697,0.13950411473631286,0.10140066545025223,0.11973750363843243,0.2872221953227134,0.6849737176001449,0.7505890882726118,0.16244608504670424,0.24749658625398271,0.5086097516766358,0.6769983686786297,0.17236238082159533,0.05170297637312059,0.2986407095956687,0.14138134592680046,0.34221705269545866,0.24760972238221404,0.03888945079397188,0.6148268986768172,0.24679223357381494,0.054790623577605835,0.27842414468379223,0.2189263909687824,0.058049437288824536,0.013947107689962657,0.06696644056601377,0.08797601808805224,0.0683763940756548,0.13095419556436247,0.12852170820313494,0.11105606788100501,0.024839316109036405,0.1891306556918934,0.1839163681629957,0.16075375352488377,0.02846581815410411,0.02368975941874349,0.19096704999106234,0.4036227134600488,0.16909968420425428,0.028320510224741854,0.02096409529594385,0.06228909360869272,0.022984578524667613,0.028236147668218938,0.058387325369508,0.056531349126003924,0.10233178106229332,0.1318291489505298,0.16682273739623407,0.056830836201660254,0.23902518631344175,0.894032530054942,0.38725996844911054,0.27592221156361735,0.05647191964917245,0.14137784693733202,0.16611130452081366,0.11288992643200582,0.0473533726695437,0.021406465844961073,0.13739117398241651,0.0799931465041817,0.036227150552027666,0.019118636305085233,0.10654224334110979,0.07282199544862529,0.05523479654782522,0.2589903963131002,0.02123116117305243,0.24110603091661223,0.08513582707131094,0.03679024646766582,0.049597985081856054,0.06324296646877292,0.14561104883685527,0.3536900956255795,0.05084347019830891,0.23142695666441815,0.44668283167125483,0.13218537492479626,0.051949827715082685,0.04126633972033327,0.03284352154017247,0.03639284292087662,0.05469050559863932,0.04293302556003267,0.04773860867569739,0.05001316135825217,0.11863445846072855,0.1198493530686213,0.047934341695857884,0.11863445846072855,0.02810456192925264,0.20888087958369614,0.0421163464069492,0.04662495528512902,0.15582373229122376,0.02728788277616917,0.040860955312126676,0.04608500212606557,0.030041280927575555,0.06077146051815779,0.05496881408744774,0.03958517702046029,0.02857339685332288,0.03236763872034424,0.16839862856173857,0.1582718182155405,0.017699396418786796,0.16300402210834788,0.18125453745754,0.035245115443518264,0.05457137255109774,0.01709528528353479,0.07218598144212987,0.0720058079456512,0.035849226578770266,0.04058143047157763,0.035287509207395595,0.06119009893644645,0.12637051089784693,0.04123323459119164,0.08729270653909502,0.07181563297584771,0.08895231150282258,0.08286709330248815,0.07995021185108818,0.05524472886832543,0.10235487886141041,0.20276097916692862,0.026792617988182943,0.04487562914873441,0.0443358377708075,0.10167043548034137,0.024815814428477644,0.111328324458385,0.03397767889707491,0.06931942519512728,0.06217083667663578,0.08975125829746881,0.05888102706251367,0.028273397038441898,0.044467138376249174,0.055102487417025316,0.6595551004153155,0.008367761667487893,0.01856651787406373,0.018404702273873634,0.03119396588169093,0.0022450092278626056,0.008537953040569398,0.017387278904628985,0.027666715347373583,0.02305949976440375,0.008475954027042591,0.013017037328917166,0.008407066234235028,0.009073756858072043,0.02318193854836441,0.09210401098946566,0.0151208592967735,0.008989415687980283,0.026363905815148567,0.05177959892783961,0.022440178556535417,0.007239263961116864,0.007955235122106444,0.010255837795322067,0.008822612370903857,0.0064257770147595275,0.006764516058668576,0.015787292410064144,0.01697929457594106,0.004918968312041145,0.004919843573306632,0.0055237738464931786,0.004645011535943479,0.007039535319467866,0.0060736368746486784,0.010659546561738805,0.0049297358066329395,0.02235806632939854,0.02204515645493723,0.00913621884954094,0.02305133970395353,0.021593591905564924,0.11423552557616638,0.049611204796702266,0.0056778768517868426,0.005243979498701116,0.023643895246787894,0.00829389875728428,0.022521940602401178,0.008946851084743383,0.005121814224531349,0.011067893000070208,0.009255072667275151,0.01405041072807695,0.01851084743382714,0.01579653162957242,0.005993821526363828,0.025035456013480305,0.14259987362213017,0.024792529663694447,0.0634915397037141,0.022112616724004774,0.029309836410868494,0.023117320789159585,0.055013690935898335,0.007547086474544635,0.021924748341841223,0.004528906232746683,0.01683964629217784,0.00968680449962416,0.008733910195641879,0.01645194509038591,0.0017610141085612442,0.001437929773734634,0.01752296474578849,0.03445579710025143,0.008412279382228915,0.010675280064931094,0.00827094515405431,0.010721564958368391,0.011258800328622743,0.025385611018449487,0.048260266567925564,0.018532140725912433,0.060027374208404344,0.011848932719948295,0.007053487153462524,0.016051766347245804,0.006851817260628583,0.008253588319015322,0.010737268761498903,0.013175490826499424,0.014090443987840297,0.010570312538742936,0.016042674671749187,0.017251040996844363,0.020566196489290835,0.013600320026977482,0.025224440407373185,0.016342699963137388,0.05353013229214364,0.10874057151925205,0.007746934039067756,0.009752888260002084,0.025305438970888456,0.001982811774215678,0.008418891509862815,0.04556334500924871,0.3232966745957097,0.07492697731544312,0.012180260372547148,0.011489268428800027,0.01260817165925594,0.0049035242085324416,0.0060723005493273745,0.003794346234592638,0.011297506319546496,0.0033203023208202534,0.07170456565882255,0.026132512355439674,0.013797146609738175,0.006672274066705784,0.004275372383812485,0.0051498973736072,0.0037803817636977125,0.0041422111792073025,0.004383098302144769,0.004394070386419353,0.009732238751556353,0.004750413759791651,0.003269930479377843,0.006136387496113015,0.006235136254584274,0.005831164060838213,0.008908833699859134,0.005807723698978874,0.006932112971572079,0.005475319418569305,0.05099700088050976,0.013164256839536011,0.0036983404971900244,0.003819033424210453,0.0024106167882365294,0.0006628136364055751,0.003789857654662126,0.037366181093752227,0.19510136335628078,0.024107165344572076,0.021915740876275538,0.05180793765462224,0.018899165797419914,0.8874498920752389,0.6923630383389865,1.1561311542810155,2.8545585363346695,2.343097954568815,1.9737897008942336,1.1187172371261178,4.160448144721965,2.9619693699249665,1.0622880049337033,3.294377633878096,0.007127946026079328,0.0032215936021944554,0.0056081646648312306,0.006268215693986426,0.004968787502899384,0.01893373269193921,0.007699754939037303,0.0055174013453140915,0.02845127522463922,0.007078530441008884,0.010732762532901704,0.007111306084167852,0.008197440474389616,0.006144334083723992,0.0032953586645613716,0.011231352558738783,0.12692338663090932,0.027000059517766056,0.10312065651597002,0.02207671489939747,0.014950337675796226,0.025846465169853203,0.04957567333849154,0.13173032150096803,0.056118251298012456,0.05564998652097651,0.06238424669763925,0.09244159381575401,0.006954479563251402,0.0072730748312014,0.005527627898932478,0.004561373964849839,0.008124179332724968,0.008399991807550253,0.010399859818082101,0.0040561728971005555,0.01200057347148231,0.013432886768966089,0.010672941476324957,0.06839057049034088,0.06399987256189282,0.0013221703619924947,3.0048140043763674,2.09890590809628,9.721006564551422,2.3943107221006565,2.8846827133479214,3.028884026258205,6.732603938730853,23.624070021881835,22.884463894967176,3.1730853391684897,0.011020992625517364,0.009015200932174191,0.006603906225014347,0.027046809650730363,0.005462222144447174,0.1981564095121835,0.005743419174861711,0.006617781391127672,0.02812815617550441,0.003332281172242054,0.01045480442853126,0.011108752913345425,0.009564489021495108,0.0034622829794641466,0.00888148710249116,0.0032361384680256234,0.008800968097826403,0.002531148374277248,0.004467344027079013,0.005810897454411026,0.005524107137699786,0.007480808442552405,0.00505738694454232,0.006027506454948216,0.031812568026154626,0.014107695393515713,0.00995460001893787,0.01989901838704324,0.12126855224052317,0.030849271653593784,0.03943660527240233,0.019812497970506236,0.04074295707678677,0.012518690671132324,0.009668426052719455,0.09369183736335421,0.018146095483149497,0.010672546244116312,0.033261103584543594,0.020678453650891233,0.0737426521093996,0.02140075113878864,0.01905802793811264,0.02188902930048461,0.04803432639668573,0.0671703061582693,0.05099349852476567,0.06055568610726709,0.0764916983617211,0.0484433884261556,0.02319589070467703,0.036444825625297154,0.11041400591037487,0.025766996988878427,0.2192450754644865,0.07722641210414938,0.04598779438758577,0.05952437397129446,0.07440885414902769,0.07440885414902769,0.06841442185901908,0.04140899638979389,0.035885313302220986,0.045984407702676165,0.05340463433963031,0.023082349056745357,0.07305408393490517,0.013004457384700815,0.05485184573746954,0.014065024788261719,0.07681109393525536,0.08043571326642247,0.12425280248616592,,0.04856957087126138,0.3428576072821847,0.13878088426527957,0.3395903771131339,0.07304629168740669,0.14283518285362926,0.09368137498902,0.12655550024888004,0.03538488566158171,0.051466928234708526,0.3038024926569818,0.16046148553888492,0.26241697758725624,0.31975867269984914,0.6799502527056706,0.4709322325421396,0.41144716996110187,0.10141486098743446,0.4086606642261139,0.5881402328419248,0.25457603641040866,0.2018073282543452,0.29533986346096763,0.579664259094357,0.017071936506245503,0.050026189398176504,0.05948100602800046,0.07369430314006445,0.0977619161761703,0.17901119485800018,0.17585071155263182,0.21272170328631396,0.09022546742464102,0.03553325548269535,0.06203241495245551,0.03263051389591527,0.19382476296163323,0.016768118543662388,0.12907779427844052,0.3637130801687764,0.8528270042194093,0.38188466947960614,0.31645569620253167,0.4820815752461322,0.36685622173465277,1.2077642949894776,2.9423274974253344,1.3999462678547439,0.774907088165495,,0.22236152778399676,0.3517216674875744,0.30994492455111267,0.49039537903550795,0.028631155566140085,0.027757931782699582,0.04649255113651398,0.028948691487391175,0.006325737367578691,0.025112415212255164,0.00642100449660849,0.007189492670782207,0.016009325247517445,,0.01589128413970165,0.016127366355333243,0.016186386909241145,0.02849629709133841,0.027825480304819145,0.029381775249543843,0.02804014167650531,0.04832564130084792,0.033605434070190066,0.03119227790025621,0.03095394148841089,0.033337305606864084,0.014419352916641839,0.052009818962872045,0.05415771709113225,0.05185639766799632,0.05221438068937302,0.059960298925735636,0.054530593180756655,0.059960298925735636,0.05902615600186828,0.06076488883769151,0.011404216104135468,0.059094574357792876,0.05851860384748301,0.08541642667895404,0.05390917366238495,0.053049458885405076,0.05259431576818044,0.188689505165851,0.18760195758564435,0.005825234527907134,0.008153641087939529,0.010009617331443612,0.006803840183572923,0.07273044388244528,0.13220545914362955,0.0951425830644458,0.15322229004970786,,,0.005929827722342043,0.005829142533133377,0.004652715585537368,0.055353856865768145,0.09180882279803054,0.06992589645397126,0.054657581936638985,0.009412848162941861,0.06587922855337695,0.016951693563068224,0.014585095788312647,0.014103209363588661,,0.0022327498604531337,,,0.01143854928509067,0.01297509335277921,,,,0.027563683866753754,0.050990637927280646,0.03683866753755716,,,0.1125017778409899,0.1527520978523681,0.11605745982079363,0.1476319158014507,,0.03802118466390768,0.017675156332610163,0.00602541430420594,,,0.010401925742213144,0.26239696549711866,0.00608122245395212,,0.017798206005629015,,0.013735058483676543,0.06036297434146896,0.06246799795186892,0.06258178301189053,0.06445923650224725,0.06053365193150139,0.012754276451019437,0.0021371321610692074,0.002355801891055825,0.0025467734552441375,0.003201324847004079,0.002428983574394683,0.002079033586932261,0.00278444458528171,0.001758016472449016,0.0021427810732125422,0.0022826392390689295,0.005847097814748237,0.001816873053693988,0.002470626855726171,0.005136013091750042,0.001080328561759029,0.0014283687482080731,0.0012983155150551396,0.005138580587190348,0.004178894895738258,0.0007716071052446816,0.002650424770062487,0.0005511479323176297,0.0037021694867654283,0.00384991131483811,0.0018885889554326068,0.001148857176390076,0.004659070434036588,0.0006386251778911505,0.00036631799544010156,0.000285024825587499,0.000564812974589401,0.0006436124889250525,0.0011938669954229192,0.005702456697227772,0.0020724397398291035,0.001504437737061127,0.0014028822854227777,0.0003160328253103527,0.0018951700377262577,0.00042668282344907087,0.096944545353021,0.001241025733184602,0.24390995991366018,0.30558125192722785,0.2719703977798335,0.26960633158598,0.26200020557097337,0.0009530148549299609,0.001639790639276314,0.0004099476598190785,0.0006313093113081011,0.0008463776437266524,0.0022082841728255885,0.0040979732450136365,0.0013198946815071377,0.0005083870204287837,0.0008715856258917822,0.2986870897155361,0.7115973741794311,0.7643326039387308,0.4708971553610503,0.16345733041575491,0.0021210462701868995,0.003018342373677062,0.0011015683437720517,0.0010927045841887272,0.001011453454674919,0.0014713840908318688,0.0009631880223887064,0.0005314140813179069,0.0010145965585161996,0.0011806634589280455,0.00038065421694402244,0.002933385983850992,0.007515519509324526,0.003302623380419649,0.011415530100352709,0.01199646199373205,0.005372528036515719,0.004736997280976664,0.004912187620837568,0.004460311322536262,0.0019738676114853014,0.004327651843880538,0.0024106795030528843,0.004915857642625442,0.0015259804974774077,0.005344167492861931,0.0046258306174590804,0.0026196645690367035,0.00255523804825352,0.002068251421649332,0.002064750361265668,0.0014767543264350405,0.00207168232145455,0.004285594696363218,0.0013540301088832015,0.004237642849770115,0.005130096407986875,0.0041040771263895,0.00391653122214649,0.008525140250616054,0.004096244022038053,0.0027929784000969527,0.0012286867594552015,0.0040679719319882835,0.003635314770517647,0.006554507342739068,,0.003742235793179931,0.0032867584157524276,0.0035468975902107625,0.005743072543810939,0.0076115721911222504,,,0.01582393886061298,0.015021598834183409,,0.010109815759342146,,,,0.03730272596843616,0.011389921822387492,,0.009003601440576232,0.030245296499166466,0.032891429176258896,0.0315948241644836,,0.033050197136884445,0.049602585666699645,,0.05059199894462584,,,0.010857503040633517,0.003923970845429284,0.010351470601290826,0.011780790298381583,0.014932765037819665,0.01871473166046344,,,0.025378196662264377,,,,0.04029421775138978,,,,0.015873830636364803,,0.024731954893353135,0.006462457365732656,,0.009432576660084535,0.057665260196905765,0.0938959212376934,,,0.07656830698965657,
2025-06-01,0.8650839292842499,0.3565489198460113,1.1464793357414271,0.914888482884622,0.4740321057601511,0.7278904596052721,1.1951338199513382,0.3891604140262712,1.310099526839615,0.8484044460380066,0.8120426569856487,2.791252485089463,1.1429066772340004,0.3964773952010891,0.16931742876076875,0.7940855954032099,0.25200544166627575,0.44774123241529623,0.2824718356527502,0.24184582222474332,0.07830328518735566,0.7205102717031147,0.8475811795891318,0.8832007952286283,0.14283283226501786,0.18727664643485167,0.3847877505290676,0.32740756324619996,0.1166827386692382,0.09997731011401668,0.3736399458919014,0.2121654501216545,0.2748915210507799,0.3589294403892944,0.09161041465766634,0.14266265812014295,0.11297937798897317,0.13483464745589654,0.24920744997027938,0.5864811133200795,0.6376739562624255,0.14995178399228543,0.22065204644071776,0.35321404903909875,0.5492047713717694,0.14266202280953355,0.04481144480092568,0.2507204610951009,0.14587712083828322,0.2729440389294404,0.24830912191966123,0.03630170316301703,0.4600728959575878,0.19828611056072915,0.047906649466400844,0.23572310768687876,0.21555019702405456,0.060709187228946644,0.01280082271672429,0.05709627003511431,0.09201437047962491,0.0692272822608472,0.13800802419436684,0.14113380648565996,0.11826552911645909,0.02715777081655988,0.19447507831370134,0.17217512499746285,0.16208737305738044,0.028734193487276984,0.024065817337943073,0.1981709322981775,0.3618659122310678,0.15708270280939535,0.0220374859730224,0.014506266746493666,0.04777187799555717,0.030461851528327134,0.031619997317289414,0.05551575110988971,0.04275978943993509,0.07952273924380276,0.10809033537153905,0.13668083268719267,0.0427663326364829,0.283117213323163,0.9540427154843631,0.4715230104246123,0.20633307271305706,0.060502126491974215,0.10646179174097956,0.18289585097375105,0.08671935360756607,0.04167481173261843,0.017211687936924607,0.11108939093523974,0.07143455555865844,0.03135152242918447,0.02240836406921584,0.11249919373281184,0.08425638710207049,0.08247380364608682,0.2812494502723717,0.025129149344138287,0.19482981125988064,0.08085642185777503,0.02974906087220025,0.03633732321147747,0.06014075161571779,0.12506204251806416,0.2534156038892169,0.03763303222031233,0.25000244324345455,0.5088592007662011,0.13328381693265443,0.07238841707143066,0.042922901009548195,0.03416631646843818,0.03372460190935782,0.05579732000517041,0.04172026861500772,0.059656660285726595,0.04792475825264829,0.12333885253873189,0.1309775148803112,0.05173485655195336,0.13356271889599478,0.027686303958439764,0.20693942620781344,0.04789398201436634,0.04074773948529819,0.131211414291254,0.024140881308359438,0.03651908434535863,0.05247964151837649,0.025132634060988274,0.06756617667699044,0.055565952111384535,0.033909406491817395,0.025647263574523033,0.02692915890823688,0.13756982586808641,0.14683315711171205,0.017548866411535184,0.14337578247078306,0.17343950296145894,0.030915198413069715,0.049338934997613985,0.014755831688078373,0.06416494343753801,0.0605063954413182,0.03191638673940097,0.03476088441421126,0.02782742133186118,0.05684784744509839,0.104956350060352,0.03610359959952467,0.0680765639589169,0.04605975723622782,0.06568627450980391,0.05980392156862745,0.05859943977591036,0.03980392156862746,0.07563958916900095,0.15325863678804855,0.03236573201143483,0.04894775256979502,0.05186728301198224,0.11183170123471808,0.025044097074387203,0.14901769965330577,0.038889057843196885,0.06622924396326257,0.06787908278085275,0.09870141718873547,0.06613040569308437,0.0291648926464327,0.04552642783285688,0.0802262636092695,0.6606545184083302,0.009081841168587835,0.016411285677037542,0.0170555491550295,0.030049964527610856,0.0021935276533043896,0.008214592228921121,0.01447148880821779,0.025608631452133074,0.027983453540377304,0.009827125745630166,0.012233931969743006,0.009680531789565709,0.009862097785206853,0.02915023892149203,0.09408601173713185,0.01731378355953657,0.009660091029752717,0.02299896893709377,0.04523574883079745,0.01933271431582425,0.007349598682973791,0.0074988464627706525,0.00820748859279851,0.006800457997003651,0.006057636986106285,0.0047508644408619915,0.014170564008499148,0.013721681373079574,0.004923744210676352,0.004154240031177097,0.004922842095577291,0.004654913911156097,0.009016768601792539,0.006147006737953663,0.01002775133107898,0.0055164702315314606,0.024701002099213422,0.024700036499663007,0.009467703591837207,0.024618926137427992,0.02594759111880158,0.12103500684610081,0.04908625314544054,0.006472962626872239,0.005381713030301715,0.022458900848251178,0.0082683142509382,0.023616725353896296,0.008551257614505226,0.00481293174190355,0.01171139487460037,0.009780722511437134,0.014963434454831094,0.019745249663145434,0.017887664971901047,0.006234161322582933,0.027766078926001986,0.14381917096870833,0.02679929546378831,0.07096016938972517,0.022160037397731532,0.03162380545074831,0.024064658709517753,0.06172651895720536,0.016090499961320913,0.04241503114804079,0.010153639398669135,0.031145007136670656,0.017620978323026493,0.028451122527761722,0.021017153795631842,0.003050338934975147,0.0025861898976293515,0.013053271112428676,0.03870406054441588,0.008412259494565894,0.011179147478196275,0.01162212215537848,0.010673985971332723,0.01020886256029141,0.02352451098151262,0.04344048209274867,0.018241186081735642,0.062318870210123334,0.013538839508570709,0.0070058148945123955,0.015849122824951743,0.007082483588640085,0.008046805385890575,0.010714875941534158,0.014922283500385899,0.01480387296167758,0.010801767128212205,0.019200396632710955,0.01743275729587812,0.02177390913226372,0.013792698073571278,0.03197254920000477,0.0165255110820338,0.05850843611197719,0.12303366096421957,0.007521198893926307,0.010247196907355255,0.025423338972741724,0.0018178999252054296,0.007690721895386419,0.04748858914269067,0.41115120599855864,0.08349817102570786,0.010649821640779671,0.009991495578723053,0.010584531381773421,0.0037797427897547278,0.004832939331999298,0.003431180416593572,0.009169213786382371,0.0026679310309582214,0.058571202990752774,0.021199517644744644,0.011721583144850299,0.005794979825727157,0.0034697705057825687,0.004179828146860113,0.003068224983140303,0.003545699113700379,0.003814995357716568,0.0035440303530868008,0.00782607008752858,0.003855462802595841,0.0027104844266044666,0.004909076534993806,0.005365899752960851,0.004636025579597066,0.008361116459257106,0.004713414353051757,0.005469362911002702,0.004443700918882173,0.04555382722945897,0.010597047086375258,0.0032015172371498654,0.003637480947447182,0.002010856539361787,0.0007113092115377275,0.0032962194019704313,0.029775069842846558,0.1928690938650728,0.020510528106413527,0.017786902189977135,0.04468940923162544,0.017034916938483434,0.8858989299713953,0.8581417523042695,1.296323763110499,2.9587880072041526,2.439135501642123,1.96588621676025,1.1292509799766925,5.335205000529717,2.8745629833668818,1.1345481512872126,3.3044814069287005,0.009354279768790935,0.00322168899865187,0.00662215860958576,0.007577907289779466,0.005355622702227378,0.019280241728018562,0.0064813169063054465,0.005730854103586734,0.028140276257622866,0.007575828445450606,0.00985216298555307,0.0071127658711968855,0.008198442321944385,0.006346379721895957,0.0031222203578510177,0.010577299536493263,0.13485357769827136,0.027000304914903486,0.13643137700652952,0.022076560704227133,0.016921875028191098,0.03349102305264924,0.050378617707076016,0.13618690381468393,0.06013589461852259,0.06251928271024243,0.07307673571455635,0.08280424282773391,0.0067024996458295615,0.007979858725868328,0.0055274043481809716,0.005343517179846342,0.008286180973119636,0.008209717686286614,0.010256400633847812,0.004078823797626543,0.012831290090451846,0.013160129133825766,0.01143618693068861,0.0916414838193365,0.09141537765827197,0.0015001815416687387,3.3617501127649976,2.317997293640054,10.404826341903473,2.394226432115471,2.9747406405051873,3.1078033378439334,6.9237708615245825,23.574875958502478,23.972485340550293,3.4246729815065398,0.010868415978903766,0.011695597280874697,0.006561475741197982,0.021767307058406463,0.005745489374140943,0.2180655152468794,0.005743623551655295,0.005962740100522754,0.02801975023624852,0.0027487346077155715,0.009407050019417367,0.011202398895657642,0.00962150353358785,0.0032746119207249275,0.008851801899032488,0.003193549922129315,0.008941763537485143,0.0028137430743264084,0.00446162893370329,0.005958532024502682,0.005285865604186628,0.0076804405641938195,0.005309952349368252,0.006895858901021688,0.023397737860966446,0.011329937337135389,0.008771468895403268,0.014114871310591557,0.08340740335065376,0.02994576937714068,0.039436128377521244,0.01981155830950719,0.041838390213271875,0.012518686390570265,0.009668911807198057,0.09100089512138833,0.017671643861748437,0.022011705330240768,0.03326071282827532,0.019263338639714942,0.09550052737871267,0.019454994191663372,0.018601018773117633,0.02591000533245719,0.04790190605691929,0.0676781411770319,0.05085402800639328,0.06229573701662731,0.100300579689401,0.048408836088647156,0.023725015805787703,0.035066749426860035,0.1501367272699321,0.025767757730423405,0.2654546013578565,0.07373664194750364,0.055222200051309824,0.06733345685698812,0.12522804367036286,0.11101450927852684,0.06407670818961832,0.04709101792993358,0.036914569139990305,0.04937145463356233,0.05413542943473675,0.022358588337969783,0.10399825451371843,0.019944908089237986,0.07129493263513884,0.01530846015382098,0.08774068619429444,0.08870293844938701,0.08918943669226984,0.013378162023695165,0.049804674991994875,0.3686007044508486,0.19331412103746398,0.4055363432596862,0.06134835183037933,0.26359450057975814,0.09936060957429187,0.08662580752029155,0.033539837667715754,0.08190823256584397,0.30341460753831884,0.15581192385316095,0.2259586537937053,0.6358479245077182,0.7558228331424207,0.5319642175312278,0.5,0.08872119110748522,0.4086613637908763,0.5797131008226256,0.35022775171663606,0.22703786797198997,0.27401590862737096,0.7262560337208512,0.014667925716084357,0.03354579792256846,0.05099150141643059,0.06337740006295248,0.11345609065155808,0.173300283286119,0.1574126534466478,0.210744754438552,0.10313614596507183,0.04443465533656374,0.06664487800719025,0.027034037524858057,0.13284722022076836,0.014468109634838749,0.08731014208721216,0.37852429514097186,0.747630473905219,0.35806838632273547,0.32735452909418117,0.44499100179964013,0.35836048543230864,0.7075600887755583,1.8320819757283846,0.9559899891391603,0.5503140199272796,0.3909902252443689,0.18213155782216556,0.28601784955376114,0.2145251924257449,0.3983567077489729,0.029780475353111353,0.0297521129956322,0.04835781950195701,0.02952521413579897,0.006874014735830802,0.025960230847817702,,0.007442338788793191,0.01790823537522838,0.017460098590092732,0.016994725774759557,0.018011651556413526,0.01811506773759868,0.032014377532060066,0.03070455999268939,0.03241036888117214,0.030826403484723867,0.049346614273965084,0.03618659122310678,0.03381801434304888,0.03454174616751102,0.034936508980854,0.015461543522600171,0.052805974859306784,0.052542996896860046,0.05180665860200915,0.053437121969178984,0.06224324660774306,0.05539648948089133,0.06317689530685922,0.061060624922195945,0.05993060048226783,0.011292124919131917,0.058460271716755864,0.05763688760806917,0.09398341469152503,0.05090024330900244,0.049635036496350364,0.04749391727493917,0.17031146454605697,0.16666666666666669,0.0044035712766757945,0.006137518361845312,0.0075312192265287355,0.005057890931456745,0.05918686473807662,0.11000781860828772,0.06833463643471462,0.1143862392494136,,,0.005548641845929281,0.005136938235101475,0.003986039504832839,0.06102173299463731,0.10110076206604572,0.07699689528648039,0.06028789161727349,0.006981485101510794,0.04881454382976347,0.013497537862920867,0.01415845178586389,0.014419093896320293,,0.002219433677927043,,,0.011366901412580115,0.009346405228758169,,,,0.024762058396515563,0.04520890466204227,0.033110179061138896,,,0.10006523157208087,0.1401174168297456,0.09849967384213959,0.1338551859099804,,0.031664435170978174,0.018402509699676512,0.006264476217468213,,,0.010522474302049754,0.27700565659023174,0.005508946652468562,,0.015738968257387836,,0.011971956691677488,0.0639023180860295,0.06613363084170075,0.0722697409197967,0.07908764100656997,0.06613363084170075,0.012409272543158073,0.002505805950872257,0.0022071708798971604,0.002540671974387116,0.0031015601787565865,0.0020736381421481613,0.0017044879073312969,0.002613370434930941,0.0016911611840527098,0.0018456595669535793,0.0021464337186052735,0.0055176106683680155,0.0015653927438235913,0.002451991296944471,0.005706177277457194,0.0009093623191937901,0.0021104212617135618,0.00129854502028929,0.005519387543716413,0.0039496288448819085,0.00077140057688606,0.0026224725052861925,0.0005506902804974593,0.0033938730821722525,0.003849620319589192,0.001888605498678743,0.0011185110598850652,0.006280017923436939,0.0005869865458261481,0.000289738561532523,0.0002313319400572844,0.0004624552850378715,0.0005223220720499911,0.0011979630963865721,0.0057223802952777545,0.0020796443966833154,0.0015093602315329286,0.0014080035169558793,0.0002862586943583275,0.0015034688602062662,0.0007521785863395308,0.10109262434153839,0.0010415463743526424,0.24388176713634918,0.31920754317194616,0.23392308507257123,0.4032206801567963,0.2619980930183282,0.0009526304137004156,0.005716821904366925,0.000410052043867773,0.0006314489648914376,0.0008461839629194611,0.0022083777625019623,0.004230919814597305,0.001320047172687877,0.0005117880118701044,0.0008894134468430046,0.3019846639603067,0.7115471357690573,0.8721244925575101,0.4709066305818673,0.14479025710419485,0.0021214401661825894,0.0030798509829774797,0.001011661142934666,0.0010037356869761916,0.0009291431603081977,0.0013515233425657124,0.0009590636953414471,0.0005075840935834673,0.0010160494095516283,0.0011649759925648328,0.0005146338726610154,0.002933527844729164,0.007793669922618292,0.0033035223476679774,0.015162462999853688,0.009595840226896715,0.005373040258410147,0.005046651135046314,0.0052417644399073305,0.004008819402685909,0.0019857640297025548,0.0049513905039048605,0.002411094613101805,0.004915611688541437,0.0015247745854894286,0.005400076572232027,0.005393406517177393,0.002629335702536889,0.0025514960215175728,0.002441664506852962,0.002603503941024772,0.001433268413226948,0.0021695880714540008,0.004285564700215702,0.0014215409101380075,0.005351092123725158,0.005840165696581648,0.00405396440864944,0.003913471789266291,0.008515174824231139,0.004097013907171504,0.0027691355723424658,0.001229872842678125,0.00454645637810935,0.003746854128971742,0.006553150484118157,,0.00505389626698514,0.0037555228276877762,0.0036873397698139964,0.004767359406534664,0.007832869688539792,,,0.011538593619432456,0.012784074695522148,,0.008418084899953202,0.007510643883619263,,,0.03276461818784165,0.009898956435315553,,0.007911214179228094,0.030246004472808594,0.032073310423825885,0.031746031746031744,,0.032127856870124906,0.049561492963491736,,0.04650214154599225,,,0.009741894869373624,0.003375826251180359,0.008915643689014794,0.010009442870632674,0.01204864312591891,0.015587231179446284,,0.01424157093373869,0.023013282165017815,,,,0.03667902307514943,,,,0.01689568442442414,,0.01695247427731504,0.004426895697034326,,,0.0611877624475105,0.09334133173365328,,,0.06219011191386881,0.0500543041979506
2025-07-01,0.658872800740803,0.2897287229564778,1.0013823726541555,0.8572162451747369,0.5173941291122792,0.788818289217408,1.058607896828902,0.34471754225896545,1.2820347714101736,0.8491190765492101,0.7852922217447357,2.6555016671718703,0.9960730593607305,0.3947142243231629,0.15307668990603213,0.5778995433789954,0.22534768766756033,0.35949771689497717,0.27553804183085784,0.19185109583154278,0.07071670751933776,0.7203698090330403,0.8364655956350409,0.8923916338284329,0.13117748173614097,0.1817253975075204,0.3689003526872664,0.31273575540996623,0.14192092823377742,0.09728190803609797,0.36057351578258734,0.2210935429732356,0.2651185825125186,0.3153431675647028,0.08823055436183928,0.11331650193382037,0.1157639832260351,0.13018371293510958,0.23602739726027397,0.5460745680509245,0.636404971203395,0.16633541039965621,0.22896604853353877,0.3743558654137617,0.5310700212185511,0.1244611896931575,0.05653166567401231,0.243580657471515,0.1422538538775028,0.2535995053440509,0.20056697377746277,0.033875099372846926,0.4314943922400727,0.19602739726027396,0.04049964232652837,0.1938069018154064,0.2221010739791746,0.045679350113645927,0.011369854364845524,0.04574248674130819,0.06913986867581445,0.05494465022308275,0.10140268541122989,0.10854764710834244,0.09549414933916996,0.02074038218705278,0.15325364087886184,0.13643299099250777,0.12306907147066251,0.022734447344052527,0.019214580351881474,0.20103493759935062,0.4025433760611492,0.17773193086887407,0.022480604574506572,0.013828033926920448,0.03769043694979298,0.03979328295212445,0.032140631908992245,0.056405012662298505,0.04301412951722475,0.0682281826586807,0.09384421353057039,0.11004642842786509,0.04942316195682759,0.27284355708803737,0.8830432122796285,0.4238918858795395,0.1877886912662596,0.05070560477229222,0.08872367893869919,0.18324370508116802,0.06735075874055751,0.03279630991376429,0.012226753125208902,0.10102279564141987,0.05856006417541279,0.02729460525436192,0.01906605788282876,0.09324005096373142,0.0779940058671769,0.06355957179583677,0.2559385896104721,0.02299035588463335,0.16003972617316353,0.07333898531970907,0.03512114586586944,0.1426799339610013,0.05277319173620097,0.14724911873633484,0.27276783722279235,0.032118156262549644,0.20095426705714134,0.40861440117448256,0.1147108524938638,0.060283986205947354,0.03482921831152843,0.028130997621978727,0.03893271379210203,0.06360570625922347,0.046204816063819064,0.06924203002483302,0.05254049440812674,0.1576866772952758,0.16198948597438464,0.05222637752108436,0.18249598463790623,0.030510825179135524,0.19522068192998157,0.05640472479211982,0.04514985746205409,0.12980139515311717,0.0327096433884322,0.03634273115743183,0.06152542272428242,0.024843111500291885,0.07726941039112667,0.047504378283712775,0.027659807355516635,0.024547577349678926,0.02392367192060712,0.11906377699941621,0.1262478108581436,0.017578809106830122,0.15054728546409807,0.1345738470519556,0.03196147110332749,0.042783129013426735,0.014400904845300641,0.054152072387624046,0.049062317571511964,0.025569176882661995,0.0351612667834209,0.01772110332749562,0.04881056625802685,0.08386967308814944,0.03272037361354349,0.09368757491010786,0.05249890607461522,0.08332857713600822,0.060241995319901834,0.07166638129482716,0.04166428856800411,0.08458421322983849,0.1830089606757605,0.045318989989541314,0.0442432392051397,0.06806514268638876,0.0916240848647841,0.020421335723890634,0.1496010757507844,0.03140594651128044,0.05497684147616913,0.051373076348423724,0.08246227401763036,0.0535365307037203,0.023433437920215152,0.03769908860002988,0.06850739578664276,0.63353522803748,0.012203265157236116,0.01961928103836281,0.015970058589540103,0.033590632908721205,0.0022670097327671837,0.01300580939554144,0.017672278873959377,0.03410830229532865,0.0323407872405802,0.010814722495828894,0.013252773318706942,0.01181119320906645,0.01253963580512413,0.03466377575733729,0.10923675380551219,0.02247284006062226,0.009408602150537635,0.02385480385493456,0.04937936773496454,0.0189882103832279,0.006200876596782908,0.009426029521967203,0.007907669786166152,0.007609226050434814,0.005771727575329814,0.004769653718129695,0.01381119185793207,0.016722652097384154,0.004923335750951388,0.004154146858881936,0.00498041026919855,0.005008508493566384,0.009023606491432697,0.006079961503289043,0.01037512676376685,0.00576322831012033,0.02309708671252562,0.029848109046445113,0.007524528025248428,0.018916584507141534,0.026196748644485318,0.13429393404242718,0.04744606842000889,0.004649075787089372,0.003779017928767827,0.017814092727968047,0.006737951092648537,0.021073390485017805,0.007301857999613893,0.0036359370717766173,0.007719001821650764,0.006381827047857916,0.011498545782981059,0.014746796856218993,0.013838864653399775,0.004869483430763331,0.02157522554961197,0.09826235663640051,0.020633627262794822,0.06380511966451748,0.016907738622836233,0.02546102808856074,0.021105478471328334,0.04665908829088338,0.008093169506072953,0.02172264790979107,0.0047920622442934255,0.018735814593142427,0.011786503780313486,0.018914696368699954,0.012437206752869082,0.001760918763057139,0.0014376186732880276,0.016159644585660875,0.04175936067872331,0.008221195344390558,0.012257582529109997,0.01180485709713448,0.013235170961892292,0.010143205511641926,0.02469758189894273,0.055166169304386545,0.01469948069242116,0.08154198613797843,0.01420198021772279,0.006979931660018126,0.015848706788974393,0.007895332533463126,0.00881653757911294,0.012597541186820549,0.014878580863312573,0.01639761564605826,0.01161829441912259,0.01898130144465846,0.01743241663343087,0.019432368541718318,0.013817246517289383,0.03728351474135364,0.01748382501581637,0.06848011117477273,0.14796742035224691,0.007637461454077804,0.009345546417208871,0.02580783712497792,0.0018208517373960328,0.009080212830703076,0.05409322661395372,0.46945637293962245,0.0799027220738473,0.011390916861540229,0.013554483874769842,0.01029566306039149,0.003856267995471604,0.004772248023779032,0.0033984760738845657,0.008937144238131037,0.002603134418682506,0.06503854386116088,0.0208246791643267,0.012494688643056015,0.005987149735199762,0.0034143234792186044,0.004313267546791941,0.002993574867599881,0.003411352090718472,0.004004837420478215,0.003512775484856319,0.00749720937096696,0.0037314696784660505,0.002603134418682506,0.004501455485133648,0.007809205163480844,0.004913686116385326,0.008221633887299197,0.004296825863757876,0.005896225247095715,0.004336444377092972,0.04370318205994479,0.010412141489596674,0.0029963481635333373,0.003336275007948464,0.001961908780353972,0.0007374986257328187,0.004078131670148144,0.04311147956328513,0.21018136364941975,0.023828158660260355,0.0201250162188289,0.05669567732305629,0.019381178630962462,0.9893792534543204,0.8943081047638688,1.2962466487935655,3.1386883893586304,2.438956485873376,2.430707362342751,1.2645906372447926,4.856877706743658,3.036811713755413,1.176634357599505,3.531965353681171,0.010500602224055678,0.0032218101727050103,0.007491758307075083,0.00800419255184666,0.005728337006706161,0.021863186632801155,0.006766357806579089,0.005622106807888756,0.03060593199547358,0.007755310371760169,0.010735826235722787,0.008101317305051146,0.009429194790268706,0.006113119939026853,0.0032304177327893984,0.01092318472299541,0.13480737789126337,0.03192309515990523,0.14524586824391367,0.02175680635581835,0.017499925364091524,0.03503848578668882,0.059762289021848124,0.13707982178701195,0.0784203880716013,0.08461516847519716,0.09942995727313755,0.0922693004068974,0.008243383924168539,0.008399996347232114,0.005898763538070973,0.006701002684784395,0.01299746132632002,0.010963782806421565,0.01428369221777802,0.005519788870016255,0.015456230708819607,0.013882800942414114,0.011760086205322082,0.09315653936770588,0.11387869157854363,0.0017158877139152192,4.237321624588365,3.2682766190998906,11.796926454445666,2.49549945115258,3.8417124039517017,3.4250274423710207,9.693304061470911,25.1139407244786,36.23995609220637,3.2869374313940725,0.01141304347826087,0.014776193473419193,0.006531422484748717,0.027588481650043576,0.00570289048126271,0.27516280139440297,0.009277863852038347,0.010623952843852043,0.05421506646042238,0.00485463129499479,0.017575461945943654,0.012621630885197138,0.015242557109989282,0.00543751543582562,0.01874054609128978,0.003947565363341685,0.011090316410789022,0.003206896985111223,0.005344066597884197,0.00571882823006251,0.007286999998857435,0.008082511542772527,0.005935630119409568,0.00855467692233865,0.021443947402675127,0.01128253564997387,0.012087076136348027,0.012817049455692385,0.13924437295880557,0.08498627468343221,0.11313055284984798,0.019852212001479744,0.041882074254609436,0.012543638494514684,0.009668271553000202,0.10945039135335026,0.017447295844435096,0.032239643149472405,0.03326121027150843,0.019027798046966707,0.10693967677870064,0.020426266330797395,0.02102651632921111,0.02713053851181147,0.05258907516878251,0.07534375639327669,0.05383273573020641,0.05777637798666968,0.09285460477436444,0.06178462598658354,0.025860875745842917,0.05944672016160709,0.26572395862559156,0.032386884387333295,0.3191235059760956,0.0819295587602641,0.05772819022383763,0.06733510442750422,0.12235463039391817,0.14097886478875193,0.06547614918809436,0.04709122059833387,0.03691552158260906,0.04823919482267093,0.0461825521790701,0.02225160005257677,0.11689989181319071,0.027716550559639244,0.07971952316916575,0.014309474940092819,0.09189812240275826,0.13930150884495318,0.14740504682622269,0.013302305980924994,0.08822344651500034,0.35260871451324033,0.24702069247597033,0.36486369242019545,0.053777129019847464,0.22722746509154276,0.10835200398307193,0.07930499920791183,0.02854912078213049,0.06818747595446624,0.36256968409875234,0.29238120520307936,0.27616140164587205,0.7075657021502523,0.8062914786302098,0.7279001858242633,0.6482612158216087,0.12552938062466912,0.408648755955532,0.7245897300158815,0.38615007940709367,0.23345685547908945,0.27534409740603494,0.8101508734780307,0.01608512604899933,0.02925644334980922,0.03763153000321252,0.04663221195845145,0.11517716746228113,0.12935732763722238,0.1340521103978448,0.15940255057313463,0.07975480091135945,0.03460995985678637,0.05227297385266355,0.02798263776002008,0.13142599658915258,0.015103551730235053,0.08879610775540003,0.34924311803049074,0.5946237138393579,0.24069385336421914,0.18170554328502936,0.3616333566772612,0.2577852591078514,0.6407759208047774,1.3886417378061,0.729429682177067,0.5193779808424512,0.24996994108452567,0.15726824576169293,0.2213538535529638,0.1509358342351008,0.29101038034547716,0.029302750322303395,0.02916845724108294,0.04702943704340353,0.028765577997421576,0.005503409377893762,0.01873053287313747,0.005629682633218284,0.006339969694418722,0.009643187389000604,0.015294065843742204,0.014883092865215542,0.015367453875621965,0.015910525311532198,0.03245525958301341,0.029797413029354437,0.03278010749512728,0.031155867934557914,0.048431870533341206,0.03977407244563195,0.03574931511482396,0.035140528291676534,0.03673013832989481,0.016335779754455982,0.05042684137383364,0.05027794322017074,0.050774270399047056,0.05141949573158626,0.05379796810022636,0.05211349160393747,0.05448228667684371,0.053166289414118016,0.058060295480564794,0.0107397917461702,0.05615221065256501,0.05598866052445074,0.0859183339693616,0.04646232664958926,0.04602066955215971,0.04447486971115626,0.15595635040921488,0.15565322825098513,0.003484644450697431,0.004841319290911283,0.005941733327973629,0.003856473851348635,0.04072205999469074,0.07560392885585347,0.059304486328643484,0.09885850809662862,,,0.004473146526561588,0.004111938120256859,0.0031924985405720955,0.05593808111775645,0.09247625270141227,0.07046288385183695,0.05623963411569583,0.005267731800254027,0.045818570760077545,0.007587405575238986,0.009078146934955544,0.010461929273347149,,0.0017637803844043729,,,0.008812100712313364,0.009778741700435667,,,,0.022381442201965026,0.04157060263185897,0.02993650906253325,,,0.10527019796682717,0.14125200642054575,0.10192616372391652,0.14125200642054575,,0.025118327585811395,0.014811019949381027,0.005038958258462621,,,0.008492454803526072,0.3232511579261915,0.005594836629585069,,0.016452612800559485,,0.011811980299537122,0.05761764249107005,0.058083553346792986,0.0510431226380908,0.06579696640265052,0.05798001760107677,0.012700680856579981,0.0026393178471245606,0.0015902229175993213,0.0019504724695483615,0.0032226508036278185,0.0018809461589930764,0.001886689506043437,0.003270836145180327,0.0018594086075542243,0.0019082971715376172,0.002060786671546331,0.005868667328906782,0.0015368763179449644,0.0025052104941438707,0.005374971461957869,0.0009088449292605813,0.0021105069442127855,0.0012980321950532446,0.005500513356536308,0.0031798668401171373,0.0005760056559021116,0.0016606847997104718,0.00041135746384972724,0.002764827148330136,0.00384982450670755,0.0018888434689381432,0.0011085968911195335,0.006246947627295861,0.0005726856102588178,0.00028485711087934283,0.00022562743344337378,0.00045125486688674755,0.0006182469005941787,0.0009995483669245774,0.0041282240894134235,0.0017360576899216342,0.0012606022105205693,0.0011752385962648455,0.0002864100691837032,0.0014787405911590292,0.0007284542891691169,0.10279938282412866,0.001041451859114779,0.24386471437409774,0.2396370385646525,0.2644875232006599,0.45163951330171165,0.26201278614147244,0.0009530366408190045,0.005716702270645207,0.00040974505258141913,0.0006313108958291495,0.0006919187750579086,0.002523571776036078,0.004230538906381985,0.0013200189943930012,0.0005145836757803225,0.0009570251858345662,0.305159165751921,0.7115257958287595,0.8432491767288693,0.5001097694840835,0.14577387486278814,0.0021206545947516217,0.003021811755592137,0.0015789866162412593,0.0015133095299504618,0.0014004270378881532,0.0020380420839613135,0.00100088777374452,0.0005207244325160559,0.0013230913721417284,0.001163703421870769,0.0005110126219260692,0.008419670002066176,0.025849346202662417,0.009474895953245372,0.007620225262761755,0.004709550818526384,0.0026364882664444505,0.0028257304911158306,0.00734999011615021,0.005481043974146245,0.0026207177472010734,0.004916148803949944,0.002410673518190331,0.0049296919136026995,0.0015256807782400266,0.005400260729106614,0.0055041368671995515,0.002638453907560625,0.006354020596316013,0.00246333534235567,0.0026003141380380986,0.0014374622390981575,0.002143555431984717,0.004285480163754915,0.0012507470645357762,0.005980593036747014,0.004950338424286398,0.003505522991548357,0.003911616897974838,0.00851413725072965,0.00409629089276696,0.00274956511980248,0.001228887267830088,0.004394736779523571,0.0035838032071114833,0.006247280043186375,,0.0047562086358480206,0.0036525686784020708,0.0034402394265088017,0.0045398016238132315,0.0016859953692001254,,,0.013839750260145682,0.01191950063456707,,0.007946333756378047,0.008360744904037919,,,0.027921108018195397,0.008469685654151673,,0.006936429266526354,0.030236262277674543,0.03129811521104327,0.03180249535439342,,0.03132466153437749,0.049563260984647965,,0.049596347273689785,,,0.007112624062311546,0.0024854732262118797,0.00685336835164092,0.007366243779271943,0.012594490386078837,0.01600629090355639,,0.014928212673126679,0.023730404342752778,,,,0.03513240815786426,,,,0.013127915807746554,,0.017231053541178282,0.004500265224756592,,,0.05559446210203092,0.06960081883316274,0.05451705004579001,0.04128091058474611,0.030740250891747825,0.042443188649753515
2025-08-01,0.6060062498229846,0.28282809210464205,0.7610655147588192,0.7726012559476989,0.4398214324984056,0.9297655554456427,1.061904761904762,0.3408893171666894,1.3123141348546457,0.9277762237762238,0.6536967663349498,3.270760972529207,1.0787193624611962,0.3245845878053825,0.1679823176507736,0.6662651160635685,0.17019438444924406,0.34504007783903995,0.2950742027155036,0.15933901771965708,0.06621449110907661,0.8378591727186612,0.9685822544995263,1.0269971581938742,0.10863919468640114,0.1524442095102388,0.36445582586427655,0.3996175908221798,0.10976534669393946,0.08064627335616281,0.3367603860679816,0.18558673469387754,0.27991982699509466,0.30573979591836736,0.07476270368412585,0.0924593780882995,0.09009742044729839,0.0993541862977178,0.2102117407218644,0.6304073255446795,0.6880328386485632,0.13180575027004665,0.223271269581729,0.45642563940637826,0.5675718345437323,0.12787285257361428,0.06696607230201432,0.1941879983214436,0.11593692960657973,0.23290816326530614,0.20205623164078895,0.0318452380952381,0.5221029365329966,0.1510911365426493,0.05416952370905638,0.18631976500209824,0.22450692404532102,0.03676727434079473,0.008694995421202195,0.03838165459815149,0.060100261510720045,0.049602069427791884,0.09508794124033496,0.11825571405643723,0.08646375197077122,0.01858425460003965,0.1276634914041332,0.11717001973131426,0.10729964219291371,0.021194641390444,0.019136542582819594,0.17565836743619379,0.3943956764862078,0.13904595295367217,0.01943716566013263,0.010374610600659027,0.027474443032422767,0.030220387843617972,0.02538265162676143,0.04331845087476617,0.03529616842294672,0.05596854065685249,0.0980967697192576,0.10364114156329544,0.03649951079071964,0.2419854721549637,0.7382082324455206,0.3606295399515738,0.2040645734287655,0.04372089367471655,0.07734176966457723,0.16039631083919278,0.06969634262751406,0.0396910691756727,0.012309171133525138,0.1258152155773762,0.07469610899357174,0.03202787586694881,0.012376622055129792,0.08710942590539641,0.060203260087580715,0.061426105336068224,0.24519921666497077,0.016852057147039558,0.16240969130847258,0.05574403503423771,0.04305199083498048,0.10381121895415195,0.14431955630291765,0.11264189226840789,0.23883791748204528,0.02356812959521164,0.19247625139175134,0.3717417225341324,0.12233987949999604,0.049337092049052816,0.035147150561833235,0.04813682988652784,0.03387706822633958,0.05901136560210575,0.03722456765361797,0.055023353016255945,0.04375125648110487,0.13621423996334583,0.14683647278286605,0.046593825827173654,0.148066071036182,0.024012230528633743,0.14793048795882016,0.04779537240931129,0.0359108143867671,0.1064654426787476,0.02520910183224166,0.028014268950072703,0.04495747834177221,0.024282419076424852,0.07289002948230298,0.03412920275575516,0.022000213861265144,0.024059392328490904,0.01884728778088386,0.10250981470448955,0.10564746498021783,0.01380932740632113,0.13859432045583,0.1163710798466309,0.030844904755357987,0.05181552938301025,0.016736171577837862,0.04709530574523013,0.039659044040144815,0.02201854482684875,0.028764340161618013,0.01503750210042314,0.04572048332645922,0.06684386600064159,0.03137955791821334,0.1383958681732928,0.048774403370506224,0.07907939353062375,0.060305082553380206,0.07354503709589497,0.03954431642844604,0.08733935121450945,0.20098306431495017,0.04202579152938096,0.03969102533330424,0.07415064697025901,0.10856117305636168,0.025682428156843917,0.14840494010342797,0.030673809160138774,0.053917824957996026,0.04564249710881756,0.07353968011521089,0.04762813938772393,0.020778328132841653,0.03361954221126361,0.06148399485042222,0.5901015889554572,0.008657795143358267,0.01503595685658399,0.013334953336685617,0.02599985083137449,0.0017996472883790424,0.008609925153842127,0.014265134351719617,0.02986618414198588,0.03146629181278242,0.009170710552485774,0.01274727520605748,0.010413161757925143,0.0088371021347726,0.029841386461007414,0.08605279002888823,0.017791583070499013,0.009712978635164444,0.024859230930975237,0.04713600144980234,0.019787246153899773,0.0064625403836167696,0.0075893899561690365,0.009048485897535685,0.008893979719031097,0.006857518584305193,0.0049720785263130994,0.014046121836834506,0.01563997504667132,0.005385862492900331,0.005550323169723418,0.005550323169723418,0.005538640170823418,0.008810373519820695,0.006999047683176698,0.010755408486201025,0.0062573948844233665,0.025524014736862354,0.033571572861856344,0.007993689698625392,0.022231307175082003,0.02500168338832402,0.12350491068422521,0.05523245187914233,0.0053230350613949935,0.0045779070625105315,0.01677345578413685,0.006636161643244128,0.02188921174179592,0.007197161191537198,0.003606656405005063,0.0077188584682128065,0.006472491909385113,0.011477878474145834,0.01428072266648146,0.013807480245224638,0.00493808815445685,0.02315872895376814,0.11751163858707793,0.0199957036694862,0.06607142568721099,0.018433303775871525,0.02957899729675745,0.022691947179900494,0.046507508618234425,0.008865088562792663,0.03627472475842952,0.005821966078336178,0.02185782187211251,0.014897498942884438,0.021327306469547242,0.014115429188918298,0.0018851894194477944,0.0016757239283980395,0.014848691351403187,0.04357947066795773,0.011981978235723929,0.012257786928025812,0.010105630485940969,0.012449580049441888,0.01089571630911959,0.025348091785738228,0.05568280472829449,0.014826626656019037,0.0635590523383061,0.015648112238013566,0.006545576749921287,0.015719398176946973,0.009374100969743362,0.008829272722180875,0.013097942636883854,0.014877545183828614,0.017857976344949265,0.010748901220601974,0.021443489344873733,0.017432806637739284,0.024696334629775624,0.013817591163259226,0.04807642531567365,0.01652560820059863,0.07118664780418092,0.18000208765964018,0.009322333799803623,0.009261231566432129,0.027966152757280715,0.0018330670011448183,0.009170426858505049,0.052345943872506795,0.4596916204227426,0.09813103543674942,0.015226025509941447,0.013934076271434497,0.013611896430081824,0.0037252548824073853,0.004751547058746345,0.0033509933373774034,0.01132171453775974,0.0026178121445247092,0.06682385382401834,0.028485058304256062,0.0128167420471945,0.006445009896533033,0.003525204617507325,0.005615538111997868,0.003764013359562594,0.003442842853552507,0.003985259666656909,0.0038013587672381857,0.0074180091667835815,0.0038629282231357827,0.0025845040782194514,0.0043197533991891,0.006180967770913175,0.005961134533298477,0.009204330856087956,0.005255407261764055,0.005179908978138806,0.003999995962658629,0.08233572310297946,0.013582020103941354,0.0031188462085831857,0.0037442303868479563,0.0018676741179166104,0.000844006213468369,0.0033348439718960663,0.04838026910898904,0.22358130347584812,0.02523903584250735,0.020758192522641914,0.05860079878799012,0.02152609485127948,0.9845910290237467,0.9545118733509235,1.3550395778364115,3.4753562005277048,2.701108179419525,2.4844327176781005,1.3291820580474933,5.239577836411609,3.2734564643799473,1.27377308707124,3.7529287598944587,0.013011462699855324,0.0036070176577512334,0.01012260266350113,0.009620645843380198,0.007356623511518345,0.022196229179804874,0.007578620580925177,0.004939000074192232,0.03418349130096079,0.0101678135549208,0.012022039729940275,0.008925093667692991,0.011159555032088141,0.006859717738746576,0.00446110819535412,0.011423276847531472,0.12139804156990745,0.03263690677326355,0.16090904515748683,0.021757338720693645,0.019782911906593523,0.03503821239332523,0.07008271563221201,0.15839630170176358,0.10503824834101415,0.10613195677649884,0.12307589995039218,0.09210157378982103,0.00904311074410908,0.009501084416230774,0.005849912681244249,0.006484066021110717,0.014600013739210164,0.010794626379937762,0.0156940100314927,0.007400013365354104,0.015000974362353443,0.012666243274679991,0.00964221507845603,0.1599608572706358,0.150694367531349,0.0017202051908979136,4.538305998651989,5.768815996405302,11.778476746798473,2.5958211637834196,4.168276791732195,3.9314760727926314,8.424623680071894,35.577847674679845,39.72028757582566,3.7045607728600314,0.012334851421248648,0.015302896011287488,0.005301229892767621,0.03824268471772918,0.0066310278340892806,0.3391393537813768,0.009276997468614726,0.010638208484519176,0.05575869269000402,0.005787191017215231,0.019450283372801528,0.011926584948121842,0.015210544521109067,0.006376063085633622,0.018459493864107092,0.004767064048689189,0.009567456031976106,0.0031591373795005137,0.004786651519022941,0.005880041654071241,0.009917106994948773,0.008082608840556237,0.00606831524951806,0.006568818969090971,0.022275630297106594,0.013003601697751952,0.010310361910372622,0.012816822204667478,0.16638437746863577,0.06728653432193255,0.08956589332695526,0.019852367998218236,0.045600470895178095,0.012543947565185573,0.009669424233363236,0.09782517691617662,0.01732947938469717,0.03223962946895919,0.033260512103823504,0.01922662295661119,0.09531095357711561,0.02140086917895579,0.028071674793030982,0.03508017695299004,0.05575124569919796,0.11110234886587338,0.06621628726144788,0.06432948378692556,0.09843798374895582,0.06550070390036743,0.037142518096594274,0.05079315275959235,0.2754483671330851,0.031474698959961224,0.30961417397268265,0.0860772376119535,0.05785948309828658,0.0688314869177224,0.12374830059953783,0.16491727513781562,0.08453163990813475,0.050692716449486544,0.05188895238838977,0.049340295402833335,0.04163043053844816,0.023250278760157606,0.14441716489924536,0.029645593002408592,0.08636261328269514,0.011072793267327756,0.09189900991635902,0.1567534772936656,0.19531267554996293,0.00501884760366182,0.04051097947705379,0.18959372943217853,0.12114880631843475,0.15821576018668104,0.07584631876582722,0.23049595807375414,0.09688194261034382,0.07092143489676386,0.0254892517387274,0.06433420852300092,0.5257023311416618,0.31185132858773024,0.3155192088246481,0.744172145845786,0.8478780633592349,0.8430147258599141,0.7046405477367821,0.1284456484930579,0.40866915001693194,0.8370809346427361,0.4347781916694886,0.2501523874026414,0.28391466305452084,1.3262444971215712,0.013603375191149587,0.03270588118091841,0.03248173182771382,0.04002809338560164,0.09486498737291976,0.12790460203527612,0.11858497003870312,0.12927647579729848,0.09670746123357207,0.026849662749461094,0.040922049926986996,0.037668067689193056,0.12595449244108003,0.014144092599520278,0.09594436986994696,0.24150963483445115,0.5922495475353987,0.22069626317470456,0.1640051101884382,0.31156180134142447,0.20612553023222374,0.5307714429506075,1.2061614781795957,0.6461643540153857,0.43461068372995904,0.22075634481271117,0.08170968437702207,0.18078222733481916,0.12977209001366022,0.2892371845567618,0.02468341338971754,0.02482130955390591,0.03932338948771575,0.024154811426995472,0.004833699951851817,0.015190279731503073,,0.005626728850202506,0.008278423231164008,0.013423424585111733,0.012108161081095022,0.013281582442521696,0.013681319389820892,0.026345303806654497,0.022298946627669167,0.023904294856288345,0.022760759131792492,0.03716491104611527,0.034738058792290145,0.03292618162506638,0.03170785042641592,0.03414451282371685,0.014744931429820998,0.046333763173106855,0.044065987816265736,0.04455511583440793,0.044866379118680244,0.050960307298335464,0.0542381562099872,0.05203585147247119,0.050601792573623565,0.05481535879143936,0.0101237935375577,0.05334662190516157,0.05208770457406631,0.07249265631556862,0.043835034013605445,0.043579931972789115,0.0421343537414966,0.15472055573097568,0.15614145879381117,0.0025285184643701946,0.0035294294057887886,0.004331657650970733,0.002989612268843929,0.04592236560263309,0.0693276213363983,0.05213938665691448,0.09414346167911812,,,0.003461497334372088,0.003803675358599514,0.0026121625956647266,0.049675828691443706,0.08204730161629074,0.06255136517213039,0.05031503972239978,0.005714018704065899,0.057133511785163585,0.007402858344403132,0.008283992069796471,0.006895538926752422,,0.001356733414380303,,,0.007640551333615391,0.009285522899670157,,,,0.022476829891264687,0.041888637524629645,0.03006640881558783,,,0.10709318497913768,0.14867872044506256,0.08929068150208622,0.14047287899860916,,0.026358388805976043,0.014987484108371038,0.005085321267540016,,,0.007577080014837766,0.27315127975735887,0.004427488767643333,,0.012403513939342938,,0.009144844804129207,0.056160458452722065,0.059286272466788234,0.055847877051315456,0.07241469132586612,0.05709820265694192,0.010151887344004504,0.0020582864374442122,0.0016216073159992976,0.0016480727172989893,0.0028269860479216238,0.0016250314662918128,0.0016001076707965395,0.0027727722488491437,0.0015988614810217758,0.00198883141052524,0.0029820854151975996,0.005965332530985459,0.0016019851139686364,0.002396906633702919,0.0057523246728121945,0.000908946752260417,0.0028816191695200865,0.001039446619863749,0.005749581376151453,0.0028577596951435847,0.0005760743922011371,0.0018978151705691668,0.0005082375946148349,0.002554109267852518,0.0038502893445342776,0.0018882287396051946,0.0011083266219884874,0.006246854720105096,0.0005702744685597087,0.0004101938832259569,0.0002246780472590994,0.0005181927648823973,0.0006146852236333852,0.0009996586531428292,0.004128671510541116,0.0017361957705498935,0.0012607483623478162,0.0011754116480551355,0.0002650400259110917,0.0015282942395607856,0.0007017587330467302,0.13435206341845882,0.0010415763288726375,0.24390501319261212,0.2258575197889182,0.27050131926121374,0.4767282321899736,0.2619525065963061,0.001066513336053715,0.006400239269948436,0.0004608033163927737,0.0007071447119486589,0.0006919930117692733,0.0025468937602001565,0.0042310429862464135,0.0013201792079018217,0.0005177906415416702,0.0009108068234338584,0.32352280386430016,0.5142664569759605,0.8431813075713324,0.47090541451359247,0.14625926758031904,0.002120739707072828,0.003100590821730893,0.0015705589173156396,0.0015131421401333469,0.0014004091995681138,0.0020375953853716054,0.00111356230598903,0.0009758653130457815,0.0017201891857283938,0.000625629649466139,0.0005157059353543315,0.006661085864625688,0.020467591485290596,0.007504185601530734,0.005058270112745588,0.003918944305754297,0.0022393967461453125,0.002857193594727137,0.005859981737566954,0.004047858870929784,0.002012162403863352,0.004934585065157513,0.0024098675859938576,0.004487066515909681,0.0015256320808000267,0.0051124622080467785,0.005410146516495564,0.0026485929765108474,0.0063668787227797105,0.0019016395799856928,0.0027688806927863513,0.0014303334162270242,0.0021429966236120174,0.004285993247224035,0.0013168413832008426,0.006780314473071512,0.004418061809493018,0.0031484358365731144,0.003989197636640301,0.008683016436590951,0.0043041635743061545,0.0028620676477746063,0.0012912490722918463,0.003916242549038221,0.0035949597544620584,0.006247976770280369,,0.00475595894395319,0.003782341999260089,0.0034744769528086863,0.004540362659850517,0.00168420290117532,,,0.0148454411313095,0.01135004466335939,,0.004314934720841388,0.00778202261934201,,,0.02541675081951932,0.008865826691731271,,0.006204007229377373,0.07352062163777645,0.03140792262131174,0.031869803836331034,,0.03477693854262892,0.049576701659329495,,0.044090755164239756,,,0.006276181889728481,0.0021468526940261706,0.006719499499399778,0.006276181889728481,0.010095339093186946,0.011706850482933575,,0.012091533846937608,0.018807897445494524,,,,0.02589271237387281,,,,0.010691189764272304,0.010352200820527084,0.016240124991747904,0.004241577360649605,,0.007448892018572717,0.05392313424890876,0.07585435962951133,0.05269881826892366,0.03619958300381048,0.02692501258178158,0.036091739161693864
2025-09-01,0.7034330792784714,0.29287056556618624,0.8112567250655264,0.7496272667383239,0.6009473318268729,0.8438811665303898,1.1539975772259234,0.37989788063700747,1.4836404663407297,0.8914962325080732,0.6497566086747725,3.6982140529266068,1.0736438656185223,0.4130667306978673,0.1388345717637857,0.596699127850131,0.17635535935991173,0.3174156204779225,0.25759353408942776,0.1732989893257078,0.08906302370467968,1.1560422369964805,0.9421196714900274,1.0587928562117066,0.12276527471567963,0.11392460326122546,0.39370842572062087,0.41456303775865744,0.13374517037392766,0.07657549496845735,0.3328952926268363,0.21456692913385825,0.3647860883311926,0.2903921865536038,0.06790945406125166,0.104974787714741,0.11570050408482531,0.10787802056274694,0.2016504360749345,0.7846434623908226,0.6936514144179378,0.1438955709327454,0.2704772255705958,0.5924912006257333,0.5554686481553904,0.16260561460888526,0.047891630519803746,0.179800065706106,0.15152963671128106,0.2210024227740763,0.1860421457736894,0.028240460327074498,0.4999348194498762,0.14994720168954595,0.05053848433949215,0.22729619373914678,0.2940348242361665,0.04876804059790334,0.008742476128699932,0.047761678097545626,0.0680892467066668,0.050814152032279916,0.16532961949004607,0.19105625137122853,0.13915465549969952,0.024567645684088025,0.12461247889500443,0.13008308452491107,0.11825474802781567,0.021510402258830715,0.019688456879036184,0.21134531928084316,0.4221636701797892,0.17699938003719776,0.024948505385173556,0.008799917423744062,0.06326635310284903,0.027422711859706638,0.0233062238771709,0.03823311461923256,0.03768466038203843,0.05165945921795972,0.08496726991497418,0.09000965957322249,0.029872268705601782,0.22017922055964156,0.8356158593287683,0.28814777242370443,0.2768501136251359,0.05312538326315359,0.10293937287927721,0.17138018628281118,0.07060772748359732,0.04518523427662536,0.011299622241367884,0.12426933527735436,0.06742660216051427,0.03546292000795281,0.015405362411060334,0.09574391160988026,0.07703585063920865,0.07232855614045236,0.2980924972522705,0.02041454561230983,0.1621483188819376,0.06202889175123752,0.057243442750781214,0.10320916773042067,0.19912608517348337,0.11285804226905949,0.30782249074389617,0.020675334577107244,0.18712355590366164,0.36748776189543764,0.1198276874877619,0.053401214019972595,0.041253181907186215,0.04839631877814764,0.04454675464786612,0.053905211129788994,0.04036095708825718,0.050965535121392305,0.04186633882797668,0.11534151257411913,0.1345644010671484,0.059249316305793207,0.16394443468734057,0.03207717590385628,0.13848257520636276,0.048469110403024145,0.038311965275861205,0.08453554791713709,0.026214550350837577,0.031767736324025055,0.0356399126878591,0.019782857934303368,0.05649900098234599,0.03026036015932985,0.023930255999876887,0.02062670083076205,0.019654614333017854,0.09137100104390292,0.08831623846128198,0.01639466198834009,0.11050494635570157,0.09727790131911368,0.025959069772213714,0.04645239725763883,0.013534829679673134,0.04385161702356861,0.03834996652842007,0.020298397211471135,0.024045675241033848,0.011803541062318696,0.040129987714263,0.05983589948779505,0.03475914569242568,0.15443226859407788,0.051555141058521804,0.09764513872697599,0.06259734203777105,0.06716717183492656,0.03656796456050362,0.08742364187456284,0.22080671485194683,0.034071041746620616,0.043969340326638524,0.06314762696686708,0.11438744616434267,0.030115986525094878,0.16762611402498828,0.03680013645473541,0.049971216579250355,0.04356957059400452,0.07280073344420282,0.04182657455972027,0.02021768794507697,0.030382499680184215,0.05900601253677882,0.5705284261778605,0.008181296992739012,0.01677405904797957,0.01752155391152404,0.034316186212628684,0.0018488496808402664,0.008763041124602664,0.01610149965190634,0.030089661989906525,0.028490413178503916,0.010595178221476759,0.01352362453453312,0.011054760955040172,0.01106407351146749,0.02727668899569191,0.09763179520382499,0.01904898274273477,0.009512016732321353,0.029376515725045873,0.06006698061155095,0.021763566140146025,0.007217738313679699,0.009782762116176714,0.009207909358038316,0.009868733399201877,0.007435874404937575,0.006351609716038135,0.01669895936252935,0.018973990479001192,0.006153507354786072,0.005307828799280857,0.006340332820089784,0.005815957963367768,0.008273277044650966,0.007081167764746797,0.011753965647158839,0.006340205189636184,0.025895048012829186,0.05107908109048052,0.008526382904727865,0.02533570338311726,0.02552311764592229,0.17360260447862125,0.05569584790463126,0.007402605267198851,0.004608312372532015,0.017165868966695575,0.0076037424492453026,0.022004515854151755,0.007324205021508702,0.0036064113017468657,0.007718909706707384,0.00622119466835074,0.013488627098152782,0.013824937117596043,0.01566815392833893,0.004957058293015782,0.023619560915368827,0.13813907014064464,0.023041021171310485,0.06744583894751185,0.019156153824526193,0.03406788055479258,0.022926394605197988,0.05990806084291619,0.21220053757157883,0.9434381208367417,0.13404230454598573,0.5438354563515251,0.461610377468739,0.49800163608741377,0.2823185695921468,0.04482879513848311,0.05354680378637373,0.01844916869223715,0.04426539121067183,0.01118609225692302,0.013983254526425598,0.012467911895354426,0.013322742412207286,0.01045995506813076,0.025423324344686755,0.05568330191284308,0.020338659475749404,0.07927338553793811,0.016341495842608914,0.006719325817415702,0.015848029372760652,0.009365635642767775,0.009610238193452494,0.013236662768934966,0.017063371662922346,0.019090078511452856,0.010895466926666963,0.025370483375549292,0.017432406173188832,0.031390092488741465,0.013817061155751315,0.05490091466013029,0.019798317952634037,0.07118616043881869,0.20168119509226715,0.008717055360290183,0.009077567133599015,0.030507989213624104,0.0021792638400725457,0.009617908656714382,0.060511432399355,0.4612581946115848,0.12563537004019323,0.016027841141815463,0.013805625215523174,0.013587471243340029,0.003751317423338509,0.005539856204558002,0.004107284804665177,0.013647574888737427,0.0027273293906421255,0.09480995915380543,0.03301430507234294,0.014247397127652857,0.009860842859525031,0.0036628820932420028,0.006188449414991185,0.0037946244270928614,0.003658834709713559,0.004010349969158937,0.003941139710822542,0.0072355075337997,0.0043060113359117864,0.00294932837717729,0.004845932298606243,0.006554130516786118,0.00841309377140054,0.008839485626122138,0.005894609370826135,0.00822549754485715,0.00467169243770672,0.08131598246997246,0.013921178015260254,0.0031114260874914802,0.0047431287569837605,0.0018709030360233325,0.0008622950607350372,0.00524480194533442,0.05563836951964033,0.2000751194382879,0.026492755992960793,0.020490486220278038,0.06440743067236754,0.023236231205974588,1.1432962374138846,0.9800741918388978,1.3788023317435083,3.7943826179120297,2.7010068892421835,2.70990990990991,1.2133545310015899,6.3232644409115,3.2751457339692633,1.3492315845257021,3.3797562268150503,0.0141220139658853,0.0036367414186461063,0.011787127367535686,0.010004560600520155,0.010008669249637413,0.02264335223507577,0.007018159642148401,0.005048355865360743,0.03800969993361597,0.010855637917666193,0.010724748095787872,0.008994419867548892,0.009454588568681647,0.007827716234681665,0.0046155817853294175,0.013942414434839429,0.15492885289164302,0.034897552857166066,0.20035361457635745,0.021418140662427143,0.021538178280230975,0.03503834886000365,0.06859382699781405,0.19059536853353742,0.10225399959927291,0.08846140655206834,0.1230665369418025,0.0856157027254857,0.011079708383276814,0.00882180949171697,0.00875000351990058,0.008448230710240846,0.016531799720472962,0.014662028532783417,0.018856811383076884,0.0068999437754547486,0.01580012972006935,0.014618381765600905,0.010140129588659726,0.167167118309021,0.1681174914654144,0.0026774710406046345,4.852211191335741,4.038357400722021,11.795577617328519,2.605821299638989,3.8461191335740073,3.9916516245487363,12.553474729241877,38.94178700361011,38.25067689530686,4.112590252707581,0.014577840290620713,0.017455724625593007,0.0051143052933629845,0.03897625085358433,0.006392431572239337,0.4130100053885324,0.005961589004993693,0.011617617528165827,0.05237968311293191,0.0050556485985263425,0.01575755894961248,0.008710773657009886,0.011162075034576549,0.005013021736104798,0.012912857853793971,0.0043790665644541935,0.011716461972585253,0.005818007579029454,0.004993574530890843,0.007310971271972771,0.01092197627875937,0.009083443605168209,0.0061136643024894185,0.006694995297971772,0.02224188382816249,0.011114095850111623,0.009023764318053788,0.011916063343695882,0.1661552765549041,0.06653535741737125,0.0895645176787087,0.019852631040785287,0.04539615792635386,0.012543296821278391,0.01706198583150488,0.09660895700870717,0.017271523673772268,0.032240644578101094,0.033104151747688944,0.019633700780417433,0.10544700844332615,0.020428075200778464,0.03206846490078146,0.04423452437320728,0.06495767500636791,0.0869449095014232,0.05716285292466572,0.057256826033518726,0.08299061999995053,0.06257372561336001,0.037141847194869466,0.052555673382820786,0.2840559511185174,0.031320506993889816,0.3152774832096147,0.11617431702267333,0.10838953927761698,0.0763307618816752,0.2217984000912604,0.1849591467153389,0.08810905616791913,0.054688502616606544,0.05734788746452966,0.058802349955082774,0.04466411898073551,0.024911272428719152,0.12821458821573142,0.02456051921867774,0.07792697058349746,0.027127513081795646,0.1162578010112085,0.11783898712417228,0.14694955412427974,0.004998055115047425,0.06408665210496395,0.22146554561503248,0.14536010292929594,0.15811136710451512,0.09584692785838705,0.22570448376172664,0.12434458915797943,0.06217229457898971,0.021667241394555115,0.05468756907787121,0.5358127097601572,0.30923081120903706,0.38061065786242465,0.8199132309203525,0.8720838222052444,0.892520941908374,1.0494147180004911,0.13039042307169094,0.40868589307577197,0.9503128826010067,0.4898653244456536,0.2898585226499796,0.2898585226499796,1.326180111549449,0.027436892129189372,0.038591777485949476,0.04759820274016714,0.0407402375884919,0.12329242705550272,0.14860601669459161,0.11792882408287923,0.14061262667416477,0.10768064414932553,0.026778556241068008,0.04085189445432048,0.03753186910860057,0.10770238345847075,0.011975767782377845,0.09041704675695272,0.21644094801832303,0.6832304321848237,0.21439952200756823,0.15913164708225452,0.3218980282812189,0.1505700700444808,0.41505189426862316,1.1351040441740374,0.533795183802853,0.30523032874891354,0.18738176798404826,0.05869420727031034,0.1307326550437139,0.09340968352165244,0.17661945907254972,0.023509637423326273,0.023029403418392963,0.03719630656392569,0.022854772871144485,0.004922114219759046,0.016254423702460104,0.004864880333482777,0.005403832762584301,0.007385319510419194,0.011765657686395524,0.010806375183477225,0.011881233891566404,0.01223952012759613,0.025921258473839734,0.019294281244568053,0.019077003302624716,0.019077003302624716,0.04082652529115244,0.03477991320520769,0.03257904525728456,0.03310601363918165,0.03350898946063236,0.014569125852448853,0.03708312593330015,0.035127639906136675,0.035518737111569366,0.035803171442793144,0.046193643754619367,0.048549519586104956,0.04568551367331856,0.045454545454545456,0.049044914816726896,0.009011123105082836,0.04754306096587976,0.04646360351058338,0.0619514713474445,0.038953664445790424,0.038650817686250755,0.03747728649303452,0.12905748924520924,0.1285360448442185,0.0020905966288551634,0.002888628356008424,0.003544924718493538,0.002309362083016868,0.045450054342456275,0.08418140499950598,0.05468827190989033,0.09964430392253731,,,0.0029752515498239216,0.0028264889723327255,0.002182706093879446,0.045808636748518206,0.07578323454699407,0.057747671464860297,0.04657070279424217,0.0050831731725097746,0.05325071243952548,0.007343097620783352,0.009709059579826363,0.010444694810789317,,0.0016956383409498469,,,0.007702681205530167,0.00933550944276055,,,,0.022463688581568067,0.04189075476530202,0.030036951670142323,,,0.1028425851434701,0.14320193081255028,0.06999195494770716,0.138106731027085,,0.03071078911298218,0.017270413158410026,0.005020560015664774,,,0.007371753869771012,0.2873438232911177,0.004014351305918659,,0.011227638808741251,,0.0124737603599535,0.0522220631056375,0.05422693207312998,0.04639839610482601,0.06611294095183541,0.05098095374480882,0.012043582379420163,0.002337121555008764,0.0016911214068813416,0.0018707944841736821,0.0036126632487635474,0.0015980100439266947,0.0015831448342157487,0.0027451087266213607,0.0012907957099004773,0.002187776679968691,0.003279740289736055,0.006560763732950098,0.0017617697252768404,0.0025169214077097276,0.005375740410150952,0.0009090271809032667,0.002742320891928631,0.0010393236167242715,0.005513596547373041,0.0031798058269225365,0.0005758362873104066,0.002194666187974592,0.0005082498686120021,0.002873233831706573,0.00384972028377305,0.0018886385098164885,0.0011079558044952325,0.006101427387985668,0.000550039421515567,0.000409392843902131,0.00022422504747580878,0.000517255614935169,0.0006498074254917166,0.001397758077664336,0.0041289977666478595,0.001736484852689562,0.0012610430540095762,0.0011753410988827118,0.00026506339969916527,0.001655701973644744,0.0007967454747034423,0.2016274848305083,0.000852068849829253,0.24387917329093803,0.2266030736618972,0.2714361420243773,0.47737148913619504,0.2710121886592475,0.0010752921689734776,0.006453513863462546,0.0004660381998716928,0.0007131440967809909,0.0006922470139514398,0.002553281359150747,0.003644450381142,0.0013201973772516804,0.000519068005417831,0.0009254991923001471,0.3377707581227437,0.5397111913357401,0.8258122743682311,0.5,0.14688628158844766,0.0006138606494321639,0.0040383989938205895,0.0011421944822351266,0.0011052169630260758,0.001023044698117074,0.0014883451481642973,0.0011761676605567214,0.0007031756233233519,0.0018015388829695563,0.0006256648239257047,0.000514389850548022,0.00666554573405073,0.02238662567255957,0.007500240199846272,0.00672160214610685,0.003918822644881454,0.0022395954085478206,0.002862852471111003,0.006178135451010978,0.004020278654234765,0.002011321066874653,0.004953714291396128,0.002410237543625896,0.0049159300394746,0.0015254888771440926,0.004840724547158027,0.005524058147418547,0.0026999685025918627,0.0063041240945892535,0.0019479712087092271,0.0027768951273088984,0.0014993094293070158,0.0022116699742544517,0.0048205857112207685,0.0012830870521347351,0.009174365747693628,0.0036542729812191446,0.0030784126556530934,0.007334508557389337,0.00875310578404564,0.00430439832348634,0.0028500732212291065,0.0012907135282532948,0.003928106124863421,0.0036054489945074957,0.006247815342346548,,0.004754303928350562,0.0037855364965210477,0.003803723700004677,0.004539006355128531,0.001686213580125024,,,0.011213336123001757,0.007258522036535749,,0.0027588219084823235,0.0049470766537532615,,,0.021667241394555115,0.0075377773062061774,,0.005274233622465671,0.07277142623263937,0.03146061284073235,0.03195175857458594,,0.0343529154956479,0.0378179839477622,,0.044483743708339,,,0.006591294459790588,0.0021585231475192077,0.006284371587998812,0.006329655290394321,0.009582741196905102,0.011181509553134376,,0.011339412600663193,0.017655534501815884,,,,0.023722355479554244,,,,0.010692251385548468,0.010221687754888634,0.005580894907959675,0.003592730334713353,,0.0051037354103805575,0.05028878709420434,0.07588129854610635,0.04914359689304919,0.025691497520323126,0.03376962012372821,0.025589242803824325
2025-10-01,0.7787010895402199,0.32410668374227475,0.9501393188854489,0.9430581496700287,0.6298391621469984,0.9375627384059425,1.1765796260477113,0.40987064096907183,1.401638862781955,1.0042876970357886,0.7487841419845569,3.4228088984186544,1.263391834303258,0.43326034343667164,0.13803269900830878,0.6955505659166934,0.2260061919504644,0.39953260321678963,0.29938354328598227,0.2078598593984096,0.08817083800273938,1.0131332082551594,1.0233181452693647,1.053068882337175,0.13299527486458454,0.12301486688947792,0.40890935576335696,0.32483192828940344,0.1438054627175291,0.10489800622334908,0.30865679605175406,0.23569471308833012,0.32690602836879434,0.33131850419084463,0.07175290999193269,0.1391955745073182,0.12273237329343557,0.11139794859974644,0.2642166521559822,0.7220584293755026,0.7908067542213882,0.14445084706695863,0.2651152482269504,0.6196730099169123,0.6588046100241222,0.19909943499584135,0.05566819620815993,0.20448179271708686,0.16125864971011783,0.2398452611218569,0.18207282913165268,0.030585106382978722,0.5407397480568212,0.159052375933648,0.046143617021276596,0.21604197234449338,0.2930950157840914,0.05682490710287084,0.010521873271822337,0.051362652928563804,0.07396357850413793,0.05927952576379389,0.18285453716370267,0.1885496405390459,0.14732077888057746,0.023571130579891533,0.1381571926147995,0.14601100212474896,0.11979606290809247,0.02117472421922752,0.02293079527704204,0.22681839151161004,0.43739812394279565,0.17613409195755808,0.02710108932790808,0.01223512270980697,0.09776208414171075,0.03497852295288638,0.030099949421365322,0.04739859738651891,0.04912732982554145,0.07000611473046117,0.105275276106502,0.1298851789502291,0.03889270535303132,0.2238152314217223,1.0399686520376177,0.3399870920154896,0.271722540918899,0.06355685131195335,0.1418783840066639,0.18791404104055584,0.07424683240966376,0.047441289042196286,0.014054178114094004,0.11568033157599854,0.06271052578286902,0.038071836966133615,0.023215073193292673,0.07699547180364191,0.052496423692900085,0.0484119045314231,0.2261785679713465,0.015215438890860787,0.14428402215321573,0.06858347364497513,0.06970168245440407,0.12056733030859994,0.22305052504402142,0.1225370486999216,0.3458864054085318,0.023421333367607933,0.1833366627226209,0.3880633710834857,0.11995789603085576,0.0551346866020253,0.04791247291669868,0.04868847672756888,0.04563256026496569,0.048642504031511886,0.03677645219401108,0.04685995264153722,0.04096091605013803,0.09469426600047585,0.11637945685054894,0.05443579604892952,0.13841587074991787,0.029657576409896184,0.12346434330731262,0.04443538062381745,0.03560193210443032,0.09175230088863208,0.0250690172174826,0.03522804950356699,0.032916775243684596,0.022743929050799166,0.06668642967525534,0.030940087890490974,0.030865976608283444,0.021632259817686246,0.019529695292835637,0.09514790690525009,0.09217247616773305,0.017863563874318245,0.11194097448101516,0.10619872254108371,0.02619971069151316,0.05387341244026494,0.013449825289514352,0.046086238083866526,0.044060529703527425,0.023056843353453173,0.020959768553210526,0.012862424756462092,0.04059651347590148,0.060189340601728716,0.03696231578542862,0.1262426250707185,0.05006420790789982,0.10018229657767362,0.05651193907881858,0.06906615659545426,0.035839686773170974,0.11687635263162623,0.1938629812225545,0.03448038358632016,0.043672680070995264,0.07263768576651036,0.09998675461601632,0.029192826300034436,0.17009722111844022,0.04748735065829558,0.04849929799464887,0.04151633155845188,0.08966065326233806,0.04306869056133938,0.02076346393281941,0.030745185302921932,0.0599909931388911,0.5727342697710218,0.008429683731826638,0.016441810790325913,0.020869565217391303,0.03380417556673328,0.002120857162543926,0.013760273829149999,0.01770973272336135,0.03985063864545528,0.03698279292568136,0.012071281749011887,0.016970705187853617,0.012576932168043491,0.008789521139041087,0.02088539241233763,0.07750453297928205,0.017085616336560087,0.010424275514696298,0.0297516717945691,0.061917269840801384,0.021233451139820805,0.00805584863710929,0.00925850776809584,0.010938295470475826,0.007522153276323848,0.007468045912557581,0.005334494182228683,0.014189656147703266,0.02024722146389932,0.010504475109191454,0.009057669432143907,0.010386430294536945,0.008995620234697306,0.007409094359675093,0.0069109162681241934,0.01152736658316253,0.005261709557428073,0.030359447354437106,0.05146037349123206,0.008295376907310407,0.026426212707811435,0.022623927730964853,0.16535337432627345,0.05887041676155773,0.007071879673810817,0.005631057899116269,0.021036950913781202,0.009108924101035022,0.034411755771476975,0.008160685876432408,0.004044903130198708,0.00865684318867737,0.0073708844406139016,0.014992527858965052,0.016787152086809067,0.018696136703549877,0.005684068704386138,0.025965764549828074,0.15496309197136462,0.025789458950278846,0.07530333795341364,0.023201459524463296,0.03919404515924982,0.024314686435130562,0.0718707394054332,0.21219982551999636,0.9387483355525965,0.1391018871389871,0.45823958859451763,0.3521052389916893,0.5079204738509574,0.31927544882685155,0.10018825474080537,0.05939207493457,0.01679742961236572,0.05587144043505049,0.012620884566958663,0.013982928822095422,0.010740644003321814,0.013306511023600953,0.010460198505183637,0.028233745881218353,0.05568308151839052,0.01914731174154143,0.08930389241608401,0.017283814192718797,0.007116618446784002,0.018159473867502475,0.010432572530740175,0.009919399126684346,0.012348810576227597,0.020517727504085294,0.020434849580754907,0.011228702885156311,0.024636509148383296,0.019232701117093947,0.032525817728843526,0.013817172975434649,0.053208463928848884,0.019532401082268475,0.07223941171743148,0.2148698063168046,0.008406667738219615,0.011737690535508586,0.035590626590586406,0.0021958463928848882,0.010763247073321009,0.053026802218114594,0.506960071258271,0.13355651772080687,0.015266616446880666,0.015156649010342695,0.014956960849409123,0.004038822078047105,0.007836668582164433,0.004218859018371906,0.013501182546937137,0.003424076318194946,0.09982978866997957,0.0309850124705852,0.012791952130420586,0.009903421198109115,0.003663265417523926,0.006252065611257172,0.003875260403485213,0.00383218651588821,0.004391948557471384,0.0037639034867021776,0.008743403690658028,0.004578734401843641,0.0030743242907943953,0.00667962853238134,0.006751683007946834,0.008783897114942768,0.009262870805134327,0.0062441257241425165,0.008115755614244555,0.004665080674215514,0.081072202355963,0.015765439854858863,0.0035741401846619246,0.0068290969073147205,0.0019921176770669262,0.0011606129989846867,0.005777657356156539,0.05589303384079136,0.21241599847554166,0.030726767642181047,0.024457829770805233,0.05841335250816072,0.02376844907207532,2.1482561166059346,0.9801145236855805,1.467985424258199,5.009370119729308,2.9911504424778763,2.710046850598647,1.1100468505986467,6.3235814679854245,3.2752732951587715,1.5136907860489328,3.3877147319104632,0.01843590445902704,0.00517297652807004,0.017024570818442303,0.014995727455974757,0.011829452507515905,0.03918275499543224,0.01045912216851701,0.010017106577421615,0.05042914055439745,0.016189743598154522,0.01512037749279572,0.012793030094783232,0.015659160875633706,0.008061155919936313,0.005113466110875689,0.012974267776120964,0.15530734874583554,0.03576944012510616,0.2323737014650683,0.020963615312738805,0.02322513612564517,0.03529426366265308,0.07188462431804199,0.1818418761668862,0.10637481139217839,0.09431011647142469,0.12153879159788723,0.07773035863411588,0.01259983358188486,0.010385688964081808,0.00867218166773079,0.006900589378283127,0.01818014184724108,0.01606142257523966,0.017584540171996118,0.007411829515935342,0.016252734258851625,0.014526319186256909,0.012583237869571532,0.165667159159796,0.15935064665654022,0.002677441586550097,5.892952127659575,4.810062056737589,13.34906914893617,3.557624113475178,3.6201241134751774,5.096187943262412,15.042553191489363,38.71165780141845,36.436391843971634,4.841533687943262,0.016174782301652788,0.023793839310858635,0.00553373762072699,0.04544936352773925,0.008272259890939769,0.4648530632442123,0.005574408743551932,0.010806536636794938,0.04027837406503667,0.004446793363368095,0.019887161316384884,0.009238225666498196,0.009364125305465132,0.0047914323031301,0.013265202607843456,0.016918258683907655,0.04368553987461437,0.02293017332719812,0.016071510142599138,0.03189010986562323,0.04350282045254253,0.03920891403385435,0.028149932427238115,0.028488631843761523,0.02980548599531544,0.015807191795119982,0.014309291667057187,0.01728634687038563,0.22185025599777786,0.05026985417871697,0.06603925388907493,0.019858899769856546,0.04541173072273836,0.01254799888225007,0.01707994042033845,0.13187446276599235,0.02676360391336015,0.03223996176765651,0.03312530189329538,0.024792086007397907,0.10544772457337753,0.028897194202111235,0.03168390154402805,0.0441081319323349,0.08616988220671733,0.06804715968475467,0.030078599474591114,0.04161605604361459,0.06357341600519759,0.04321735261715771,0.04775623092826049,0.0631802832438524,0.2835196362034689,0.028014872484712842,0.34187866306362075,0.12297775079461448,0.07155280941149232,0.07674765219152908,0.22122216273315293,0.13732038722560666,0.0720390119669498,0.055994327636853,0.052735612890155846,0.06140911919197766,0.047398961031444,0.030285945178962402,0.15736225047532237,0.03006981835950347,0.09662121738912538,0.03329292701491275,0.20139260846277451,0.10174974625242122,0.11859615921194695,0.003940182131898043,0.05140164699216917,0.1856907402748421,0.13213972293922926,0.12563119182090296,0.0963498361070738,0.23155822672654977,0.12497763112525259,0.0756788135112368,0.024490098772221566,0.05496850898901415,0.530218970276862,0.3785210795743882,0.3633780922516148,0.7368068398059554,0.9318163544263086,0.7709254643402749,0.8255742274396289,0.12460330716552528,0.40868548521797227,0.8579923166861532,0.4782695840988808,0.26864873893435776,0.2898613662936362,1.075363287122098,0.03221505286385075,0.04082699768884055,0.050359223199439467,0.045370883574035535,0.12059337188751659,0.1329439569977934,0.13157399370444348,0.13516140962645956,0.07464114832535884,0.02679425837320574,0.04077238550922761,0.04497952413042351,0.11496552796640921,0.019361360219791613,0.10272666010056503,0.21107727445755614,0.7637990102778835,0.21673962695089455,0.1651598781880472,0.3303197563760944,0.19991398906432387,0.5765190145604226,1.5192910241444981,0.8129569330957792,0.38907661116913433,0.2672175462308779,0.07507525956871659,0.15991890397493394,0.11891011857221846,0.21588744854702954,0.02514694018670047,0.024478506396219887,0.03999078022357958,0.024709000806730438,0.00533127649872418,0.01571247004492049,0.005045066022450544,0.00533127649872418,0.008106088905491221,0.01290001245174947,0.011866517245673017,0.013223757937990287,0.01311169219275308,0.028403777819337946,0.020619038713297178,0.02075930428277539,0.020665793903123248,0.05007480830372172,0.03444564047362755,0.032877133630632015,0.03333845917268953,0.03392280485929571,0.014700907273566047,0.037206986091843634,0.03581972752818981,0.03695799096503397,0.037633834880660195,0.048071049292796396,0.050749494854565105,0.048822893661012175,0.047178234105540146,0.045796096216264286,0.008670134720554888,0.045929482904272824,0.044862389400204525,0.06082432973189276,0.042271115409413286,0.04094132817537073,0.04082043842682141,0.14285714285714285,0.13481640310908605,0.0025949859210218393,0.003602784089622321,0.004421856009421214,0.0032026844421629533,0.04557654860270512,0.08804799747381717,0.06831219409504763,0.10657333824535552,,,0.0032636412794352174,0.0031922748595316717,0.0023797956175528453,0.04479722087574729,0.07359831959928906,0.056067216028437554,0.04499919211504282,0.005272004374211055,0.048494339851897855,0.006804328308840901,0.0112055406673372,0.01109078513038254,0.0018553773676228582,0.001282630441095802,,,0.005832338420831855,0.009150749391596397,,,,0.020008323462560425,0.037423568204373016,0.026763133463520824,,,0.10549152542372882,0.15389830508474575,0.0824406779661017,0.1425084745762712,,0.030663675338445225,0.016449744149238596,0.00501713354948753,,,0.006204137857956502,0.28961826803359025,0.003795474887551976,,0.009460362779420596,,0.011654562689537708,0.053684818164325576,0.05575331922262844,0.04339041754858572,0.06782759284202425,0.05387723686742351,0.01142837456073865,0.0023909598291187214,0.0018493764211396679,0.0018590229449459107,0.004185213257079859,0.0025955724172184442,0.0019478013182815065,0.0029860302851688844,0.0014271908276809195,0.0021335517303288994,0.0031997127390869136,0.006569125846349844,0.0016035455079820658,0.002490845214417161,0.0061292141445309836,0.0009093623910168468,0.00290995965125391,0.001038843620355048,0.0056822051626336635,0.003566019001693368,0.0006462553226720067,0.002244322632099651,0.0006230258686773447,0.003193752110753272,0.003850056256529776,0.0016098408743872056,0.0011075504299606204,0.006596747836802485,0.0007062529588485575,0.0004089041864047298,0.0002239048166332695,0.0005164896568083043,0.000895619266533078,0.001464075061396696,0.004180222917235154,0.001464075061396696,0.001320291345689637,0.0012310824709808777,0.00022179457018954918,0.0014365542322645685,0.0006217743327126379,0.1478109199585643,0.0006503929869306442,0.24393545028630922,0.22727745965642893,0.274648620510151,0.7523165018219679,0.2710046850598647,0.0015302432151836868,0.012452702691620729,0.0006617932875955172,0.0010833072278979906,0.0006923746589101792,0.0025531869624344635,0.0038457378621669113,0.001319820120918204,0.0005213819618436915,0.00091045921718947,0.3388741134751773,0.5596187943262412,0.8561613475177307,0.5,0.14760638297872342,0.0006414945281934072,0.004139827320272152,0.0010207834037103257,0.0009922521905631426,0.0009184333374997962,0.0013359853775268239,0.004543474409810696,0.002416575771181805,0.007040268463853307,0.0024856526258674994,0.002039995498863017,0.0037749142163791267,0.01641304867812768,0.005531901939209965,0.006721260388450128,0.003919352251207337,0.0022394981458909954,0.0024275827987365133,0.003825404322354853,0.0026842369286462354,0.001271712249801249,0.003906715448520234,0.0024104434317369842,0.004914648034238454,0.0015275490318304998,0.004873983766510719,0.004373987047329085,0.002866122925702587,0.006230693243099537,0.0016868239072063763,0.0023857533033966537,0.0014743507423615296,0.0025000576239821138,0.00482065770366785,0.001345108382478358,0.009272521921809196,0.003992084857688503,0.0030774717562872464,0.007357607054550228,0.00877989540710269,0.00430341773508089,0.002823311865846061,0.0012916205373617608,0.003940042209592958,0.0035798920990268743,0.006247403917953002,,0.004753981459472308,0.00450734048117974,0.004695276845926636,0.005572313214745487,0.006624756857328108,,,0.008192710671147184,0.006734613668399324,,0.0025620491665213755,0.004080957207573264,,,0.021775281193123042,0.007572682475459708,,0.005303060062065444,0.060223526573932616,0.03293934764546648,0.03366299482726274,,0.035324703170646725,0.0378152664105562,,0.04683480875229664,,,0.006823672129090282,0.0022797862438952974,0.006870731936877111,0.0067138659109210125,0.009071979599512003,0.011337681279066565,,0.010759789757560747,0.01631855582156911,,,,0.02237015903207059,,,,0.010705741626794257,,0.00592504276605671,0.004053703799699342,,0.005728059716966462,0.04924819185382565,0.07118385991625428,0.04686905215074229,0.029919518338760213,0.041315967315844436,0.030963936843398657
2025-11-01,0.8941162984918204,0.3333224163623561,1.0206708056546057,0.975312177798144,0.5727799974223483,0.9110615129687871,1.2904462718285132,0.34937830528688973,1.4134070811115158,0.909188593470175,0.893016104232419,2.899366188073988,1.2902654867256638,0.4696663159882388,0.13956797309533048,0.7584591358667361,0.2560320017376509,0.4487246225923998,0.29271763031949294,0.21294273151520057,0.08861267040898155,0.8363730435907385,0.8875953951623335,0.9630060794205149,0.15812899571093308,0.14998246607860594,0.38821859474804826,0.3385836385836386,0.15464918669579997,0.11162364112109197,0.30045551733754766,0.2563984107918322,0.3000273997625354,0.39148110505405154,0.08386609479107658,0.1279167003857463,0.13158912230957598,0.1335275552318524,0.30838105153565853,0.6021213297115509,0.6724873884361661,0.16444120741280246,0.2337199744268883,0.4833786056137627,0.6132453757599275,0.21243786141828144,0.0772079772079772,0.1988007808868644,0.19909782188426342,0.26683913887092303,0.1702612252486753,0.03834426683913887,0.528004139179925,0.16840187402394588,0.045255274454288064,0.22961792321279167,0.24844287440736268,0.05741235036926655,0.011992292618490073,0.05176281788854864,0.07176270871883887,0.06588391984759909,0.16547398758740398,0.1777009950819046,0.13882566143197908,0.02564942331100813,0.1589565559139961,0.15879280134933763,0.12235195222733501,0.02444309801802392,0.02872800912658774,0.2274474713329356,0.4338834758401272,0.1789288791674952,0.025626960967154482,0.01391850355143244,0.061905227317606365,0.03687266504038121,0.03482218902277265,0.039760884178024404,0.050466044476181166,0.07867205747715654,0.10007439956756498,0.12114563366291212,0.042988189816633986,0.2694940635362071,1.083645309658787,0.40111241844047496,0.19652535075723038,0.07594496800703232,0.1409939284911176,0.17854923567670578,0.07620754772653507,0.04642087869935971,0.01653831400666844,0.09753326841934436,0.05052963913723407,0.03987046708565695,0.024114354364257927,0.07119763494115325,0.05305629087397051,0.07329120670414091,0.18850096139406555,0.016658765469905273,0.12966968722595731,0.07444974974722851,0.05444032254002066,0.1341434014946801,0.2481658324907617,0.1395262648469518,0.31322435673703486,0.025593788118120745,0.16384692696594993,0.32197569592495584,0.12078181153682159,0.0584074435036852,0.05710543948346227,0.051158859718584394,0.04402085609113525,0.055839613721692355,0.03709483462918935,0.05539899207799004,0.0427770179094339,0.1045696136298962,0.13574818473062414,0.06093889128578905,0.15333174219961998,0.034625517500940915,0.13481186373775672,0.053420784490118146,0.04530600255193369,0.1107933943471915,0.02864040684065102,0.04345630961014165,0.04352056693318156,0.02519611271285404,0.07255015801175686,0.029860593385278186,0.02933278793436739,0.025027874725376226,0.023296013089575185,0.09541403038839884,0.10713131139861846,0.019320978287403263,0.14056118914568091,0.11899703769190677,0.029860593385278186,0.06328057478013605,0.011090512037263064,0.05312691741823964,0.049518047647637085,0.027798853342657893,0.022751713718323425,0.014788448977706816,0.050590152469799636,0.0727942680328031,0.041660343997202635,0.13159600792571016,0.046787256772921094,0.10869545367385886,0.057863162796643434,0.07017175415688888,0.034652154460038165,0.12226412337810567,0.18949569473232464,0.03562730728965783,0.04275166675849909,0.05955700038569618,0.11370874428343158,0.03532426028982313,0.15631164251473909,0.03942916965122045,0.051016584935809135,0.04664719819273789,0.09322276709460575,0.04488952559369662,0.023753374841589067,0.0365860377982258,0.06457105074659761,0.5594241714094409,0.006256459634461984,0.01242347817637342,0.013459228112329179,0.019855922546222274,0.0015701880692207805,0.00964829762875513,0.015306436103516794,0.02229501427293849,0.027490340683036376,0.009300318632767328,0.011639897415791984,0.00958102168953082,0.00920951650038373,0.023934218873948962,0.08396485769231915,0.01497886755511959,0.009951630887731143,0.027614665748249743,0.05638623237216689,0.021762929191831162,0.00820105719428704,0.009021797179546704,0.008752868467220508,0.009241253157058173,0.006700384238240395,0.0054673714628580275,0.015920072357045994,0.020113838031340342,0.01166318076576731,0.011027958789974321,0.010499208679442087,0.012612404513685244,0.008432084899605759,0.005845825310962379,0.01235063109318175,0.006998563613581492,0.02939434919470676,0.045574707374468997,0.0090967956358302,0.02840587848782128,0.029681817487240615,0.16034713945172827,0.06403762109959965,0.007480935301112629,0.006404120281989046,0.0260331958577348,0.009476334528922116,0.02941764418480634,0.009242007985220518,0.005154580027044182,0.011447576381092265,0.008369926724640342,0.01635635511100616,0.017134826540983895,0.021463224321162645,0.005726505895305557,0.030160483485716046,0.15110438462407197,0.028423568177247494,0.07966498551463362,0.023169338975691036,0.04425631217127096,0.02648433484779947,0.08721114572997248,0.004078609828043911,0.01527640006125828,0.0036112594209044345,0.011984465719335598,0.0058544482774832525,0.0124327310998887,0.0059410291298019205,0.0020183579336222773,0.0011967708135015858,0.016855456769818748,0.05669095492629266,0.01262073916296501,0.013983162237036339,0.012062120425729827,0.012936699987193054,0.010532870036466092,0.02854432214186051,0.05789160605835923,0.02050543621130112,0.08626573063623558,0.020182734889489542,0.007543459358169821,0.018159743052232117,0.01058932170372817,0.009987732294397974,0.012348591573029921,0.020694170143640004,0.027404335488045727,0.011440309523649037,0.025522051537844526,0.020306591532586935,0.028655540351988786,0.014677433488140094,0.05012065490674522,0.021116293804808672,0.08537092958202175,0.1891088725169692,0.009815849606017916,0.01248171640030467,0.048292294937212266,0.0021965596500333655,0.01183125838349387,0.051963338433643175,0.5358645025175759,0.12567152207175933,0.014775437530999967,0.014078923373865895,0.01694977476515841,0.00441710882978838,0.007995846852278745,0.004213401882084603,0.01361025773218502,0.0038800088266360104,0.08729511091354486,0.03094430241044576,0.014278240945615233,0.009288518070861288,0.0036900685580620665,0.006429637704899063,0.0038702324892829396,0.003844295267733977,0.0050817002527083445,0.004188262728890993,0.010064440029352955,0.0044979132507678415,0.0038269372810050555,0.0070126266384842135,0.007138521921541103,0.008774562050014147,0.009727854700482952,0.006097641269072338,0.007537556099217455,0.004635580042066183,0.07922564225548483,0.014983733371747025,0.003537238468012024,0.006979307284648238,0.002859678434317578,0.0011599923545051558,0.005376786027100008,0.05811793135893883,0.20907555353023544,0.028606161646351172,0.024480946317533045,0.059421176983229795,0.024607639668945285,1.7294635373009222,1.1016345347862533,1.806580050293378,5.62070410729254,2.807313495389774,3.2328164291701595,1.1376781223805532,6.774727577535625,3.4326278290025147,1.332355406538139,3.3874685666387263,0.017442484289136025,0.005173401387607277,0.017025673871021524,0.014911908562524038,0.014746835129607404,0.03806263216191723,0.01145609624441433,0.011805226555033008,0.054158942605618106,0.013786107750032603,0.0164974388856883,0.015339448753778118,0.01503984047303443,0.009425772045144488,0.004557633813574218,0.012081120171455543,0.14728884138131637,0.03692325811928902,0.18976905787784507,0.02215377642075847,0.02307725938807431,0.029002718698165616,0.07635196568033928,0.20761949289631917,0.09615376036018514,0.09625636957877577,0.11653819695081091,0.08461513066614798,0.009560145167591363,0.009755013450551245,0.009999990720557954,0.0069999471071803395,0.01724537906984729,0.017080205001433674,0.013199542337918306,0.006900193105188971,0.016344345247208975,0.014579395370115187,0.013387451039343906,0.12710886919791287,0.1469998171949917,0.0031559382397455204,0.0239011786139555,0.02471223445885269,0.04346036717927348,0.015751875459017142,0.015057914725485148,0.02342160525343773,0.05469977588340082,0.1748445261048914,0.1500522192537081,0.019002125792867357,0.017127174620894966,0.022189971160107916,0.006593481564176513,0.04277607219276212,0.009764009055105901,0.47751108630260175,0.007692498526994759,0.022710169466996628,0.07331600312594973,0.008239989001288006,0.038989348615754205,0.022805141897856696,0.01770105211363406,0.008393753889347167,0.02507543524508314,0.019003416735162093,0.0446990144507601,0.021917789786126057,0.020996045019718832,0.031097111754264186,0.04350254040482761,0.08318802584025109,0.03094124493853353,0.02848886561477124,0.025187165659097878,0.012390957471873496,0.01503922377451531,0.01624990122466911,0.16784411694129228,0.030047102983537483,0.03943633255438277,0.01986097789520091,0.04541525703603862,0.012549597139285992,0.01715051125286792,0.10404360569208121,0.026872936090075992,0.032240759892608176,0.03314084990160907,0.024791161064530522,0.12217883679485428,0.028639110329371047,0.034019017947640035,0.04460861558935263,0.09702843400295001,0.07937618659158416,0.03250363228228864,0.03979397731688049,0.05666728662528289,0.044456557167243345,0.06248839312993104,0.06843510436697876,0.2832475672998776,0.02734129290048943,0.3094726037928755,0.10759793203016887,0.15806168274221394,0.07495160815130747,0.21117569476376793,0.14865865780423534,0.06763569680131945,0.059345064857467766,0.048738783141188555,0.06346697652134886,0.04480685938967071,0.028788435309498796,0.11138566177698209,0.0360009555048122,0.07639671943347812,0.03664052727426841,0.13729473984326637,0.09169162895190962,0.1172630482206232,0.004123143437816904,0.05036974747833055,0.18663692550381225,0.13810548236187678,0.11687838813469491,0.10736760897117979,0.19494498631546076,0.09014896860821806,0.09435168347385242,0.0395069892176852,0.04576697709446924,0.061903464325693755,0.054833411889471516,0.04596638779237613,0.09562245919990574,0.09126995816885643,0.08968287868968362,0.09729054969657691,0.11592643647244728,0.4086675856504051,0.741687119658407,0.4317318360622667,0.28235215008573444,0.2212285243586726,1.0297885216689642,0.05446417289908003,0.04668443631506429,0.057580880981462204,0.05187092737107478,0.09550484052442523,0.13762853412434342,0.12226761571831699,0.14249756414420264,0.0812554774629251,0.02677297956798928,0.040743732063993954,0.0455568707856856,0.11446553509902979,0.01918239658415946,0.11324483713458329,0.17350933547480424,0.6653282473398916,0.2149668741216623,0.15579200963661913,0.32453322625978714,0.17049180327868851,0.5097123414785029,1.2318898855552118,0.7010207237859573,0.3113207547169811,0.24203526136715126,0.07525518094648932,0.1599752551809465,0.0960098979276214,0.1776678008042066,0.023981009414367028,0.025653475762725583,0.04647837932615792,0.024331687842248657,0.004792550259005136,0.01995076446089268,0.004743423889607589,0.012707354217498813,0.009265093366937793,0.013102875472562722,0.012544392255699392,0.012673272998052468,0.012544392255699392,0.03111225673411522,0.022786441551746358,0.022606005928599047,0.02268333548137647,0.055548395411779874,0.032378869225160735,0.029363027772254257,0.029263604427652946,0.030357261218267383,0.01574202956187446,0.03781033781033781,0.03650793650793651,0.03549043549043549,0.03650793650793651,0.04440839501165974,0.04775423299199027,0.04719659332860185,0.04395214437797831,0.04053174676954542,0.00901738402900437,0.0411824858231849,0.043181184345077624,0.03569768522822348,0.04301025593643167,0.041347131109673835,0.040376974960731775,0.11602638727202173,0.11421549605484413,0.002038508258750925,0.00378380642548973,0.004643490436763359,0.0037638601607270015,0.03277110874740414,0.07425416603353087,0.05146127741477992,0.10373296864711543,,,0.0036484551794208654,0.0014217759333909519,0.0028402530827137114,0.03666266208210779,0.07498239363685323,0.04681221260201335,0.03662123534529185,0.005724233572334838,0.04372842347525892,0.007391342834380808,0.010017408751585966,0.012016464548110116,0.0019537058575841183,0.0013957145086584356,,,0.006346967559943582,0.009240574522676844,,0.008254426253458366,0.008446177305806404,0.01815258696287635,0.028061970184156678,0.024261911721718796,0.026045016077170417,,0.10162119414788454,0.11598787399499144,0.07960985896928957,0.11981020166073546,0.11981020166073546,0.030197356398854847,0.017070719376256323,0.00493390997137114,0.005151798997189927,,0.006408066560141055,0.2932172571491542,0.004663245729182923,,0.013016697724372804,,0.013847453115103226,0.04261322875316849,0.041752355445023676,0.04266105504806542,0.059639389736477116,0.04213496580419915,0.007614639188007384,0.0017137355017093187,0.001474121710555374,0.0019312650724804111,0.0033314046447532313,0.0015102288425870615,0.0018408088887754736,0.0019892799270636026,0.0007748332310661729,0.0019687611392936563,0.002784426997905654,0.006096563167168371,0.001701100958629377,0.0031904236906370774,0.006594233824122152,0.0009092141737977582,0.0029227431601783773,0.0008112872122453898,0.00600744244907798,0.003592805691960848,0.0006570806173900492,0.002234557246638954,0.0006274878322318577,0.003124152604557651,0.002542010151189361,0.0016059235492764075,0.0011079692902930096,0.006941869948839624,0.0008852573231749873,0.0006093251893117897,0.00022365865658759542,0.0006649904570976408,0.0008174215129700074,0.0016679081711856228,0.004658349589220452,0.0016679081711856228,0.001607738323740254,0.0014031608424260001,0.00024225931759682187,0.0013626872301907573,0.00017847979449277533,0.09015904247047582,0.0005921894430144534,0.24392288348700755,0.18639983235540653,0.2755658005029338,0.8920787929589271,0.2709555741827326,0.0015302307231371875,0.012096581164130864,0.0006619444659956981,0.0010927861259081102,0.0006923891619682054,0.002552738907720407,0.003952685550926739,0.001320000631002059,0.0005228965592756838,0.0008151989837155071,0.0029506246077098523,0.0019303473505939564,0.003979511799484954,0.0019303473505939564,0.0014809087613834098,0.0006419201786212671,0.0036722795919000217,0.0019880895526708056,0.0019690950664987914,0.0023390352971823037,0.002651087570008249,0.004276806008609679,0.0024333164757952288,0.006170756021336933,0.002538722811613087,0.0020397247324753557,0.002266275623029752,0.009799616275361639,0.0033040050605647135,0.006722027817911364,0.00525216419787111,0.002239129365629503,0.0024219343739299644,0.003830936844902418,0.002119932681803419,0.0012710738433375653,0.003359867571281684,0.0024102970406034785,0.0049149613389141075,0.001533095500179038,0.0049175762237576755,0.004458708539448032,0.0025967136586077474,0.004994338975444822,0.0018871113563124554,0.002340751559836658,0.0013803171415338754,0.0025808450755570355,0.004820339213351793,0.001352975925645149,0.008482405099053911,0.0043922791606038035,0.0030780690954143523,0.007245983941186357,0.008647470547094829,0.00430327827932769,0.002817598910501796,0.0012919819242343457,0.003955845323306381,0.0031970576436984375,0.006249124011038668,,0.004753297343276513,0.00305401941318648,0.002930728469676849,0.009072158593250335,0.0045720391551488096,,,0.007932308794321621,0.0064389212177378774,,0.0024476428999877756,0.003900309011362635,,,0.018210539850480337,0.0063334619128965295,,0.004434158079388696,0.006793878512932304,0.004275172332528133,0.0037486007187886644,0.003998998409238202,0.004459288281388087,0.037824025821201625,,0.038630938372053926,,,0.0073164421393373084,0.0026112959609147957,0.006082995890518107,0.005812239396874868,0.02092036966704646,0.011488796050132928,,0.01010676456935477,0.018694349495716755,,0.010845357954809075,,0.02873149909525356,0.010972950401336242,0.007896138710841511,,0.008798309074974654,0.00793050710566563,0.005997801686782642,0.004105984062229174,,0.005041324060960917,0.046275848223248345,0.08427022686207589,0.04346516763702068,0.027095576863594182,0.039870089699969066,0.028734921125889264
2025-12-01,0.7379443343551275,0.3030903517486493,0.910224970679177,0.7520069626665973,0.5380115585208851,0.7628154930425879,1.0218843683083512,0.35774970607670326,1.2608667716130693,0.8511867793589503,0.8176429393226953,2.582505729564553,1.1551965201180674,0.38922515131809315,0.16259230965113317,0.7318108849878306,0.21852009809148096,0.4011703174356584,0.2299465240641711,0.23102896303336504,0.08174638227118027,0.7768016297428061,0.8147440794499617,0.8812070282658516,0.1277574908708919,0.11207543394527539,0.3628892291985707,0.33352993217340016,0.14036316342354058,0.10007003151418138,0.2763489164239522,0.23755888650963597,0.28908940959588614,0.34638115631691646,0.0742584162873293,0.10894902706217799,0.11356481699008598,0.12723225451453155,0.27890839417948315,0.5374331550802138,0.7128851540616247,0.13683657645940675,0.23494881870664144,0.47211611917494267,0.6079704609116373,0.1769170531895669,0.07174453385010743,0.18911981043589873,0.15199924822628388,0.23336188436830835,0.18492373006861826,0.03511777301927194,0.455309396485867,0.16752110196261197,0.05040508417018387,0.17672903193957643,0.24574221256849485,0.05164399062853621,0.011523075370156883,0.046134802450180895,0.06965377647677588,0.06105795538460722,0.143260143122015,0.1553622942023365,0.11468886633976337,0.02848627484314486,0.14382859358979128,0.1504003060069808,0.10728838501628318,0.022297071151935653,0.024873692431108586,0.20850431354809526,0.3936799250379657,0.14569129858799962,0.031370044840167796,0.012239177013239197,0.06154328090266692,0.020002369520734312,0.03077164045133346,0.04083005516163947,0.05342265221660633,0.07778453827478811,0.09760417356940186,0.08712808062796315,0.04273772015960128,0.28979826486881993,0.9788334901222954,0.3515208529319536,0.193543498029706,0.06123865950749861,0.12215330494352898,0.17593317671626205,0.07754196342292688,0.03621201818116746,0.015224938262767976,0.08976056690884364,0.04875272896460399,0.035675172685301175,0.023206253600327128,0.06451189264533383,0.050694098299003995,0.05704559767668839,0.1476962383483714,0.016636869140607514,0.16929554260609575,0.072852766238332,0.04932305904130524,0.13697023181730128,0.19041161741176807,0.1183983010109272,0.2664679251239444,0.027066876170386795,0.15193501380715074,0.30157554483902393,0.12473935480754524,0.06850439977135682,0.04873159382019306,0.05345742325558929,0.04893818536179438,0.05271571617056921,0.03715119430195063,0.057670303680628934,0.052042330243787606,0.12817326274642915,0.16079689476018152,0.06816526971022507,0.17593986608927017,0.04078090868777339,0.15543718075758656,0.06431656803114,0.0396148013511516,0.1294488637296821,0.0334393596811545,0.05118280511773304,0.050104292698416174,0.023227862350842555,0.0679621066486552,0.02930673178504009,0.025967683275315633,0.023885973571638866,0.024284304047384006,0.10247138082125351,0.0963370914947784,0.020609272440726693,0.13080133700490118,0.11281758196082504,0.027190384648689836,0.055672745536100854,0.012666909128695381,0.05300566322024211,0.04865520167645174,0.02373703261114286,0.027522904002355342,0.01621724597772813,0.04697182244852012,0.0711418229680816,0.04098993782580835,0.1273694954797317,0.0410307507857814,0.08983020640938401,0.05017659829558342,0.060002916302128895,0.031034315155050063,0.14964680340883313,0.15976475162826867,0.035032477167067824,0.04210491608691352,0.052688845659270005,0.11677492389022608,0.033752074472177346,0.15700594590435996,0.04179717981689692,0.04222031718816974,0.046957257630210913,0.08870497983228373,0.04472616967259059,0.023162649609284842,0.03263103520283118,0.06542692912174267,0.5562145046992009,0.006817152356901351,0.012313660717593728,0.012501299728819798,0.02053392262340851,0.002028174535354417,0.012715182849362969,0.014962897315995987,0.030750447467874014,0.02850808788978568,0.009150165800736564,0.015016446201442874,0.010156884847138012,0.008260629193741386,0.021513987973523573,0.08058988806591841,0.01561529664803623,0.010077785536185256,0.027368318178720274,0.05779713521875494,0.021786122566549774,0.008209338122113904,0.0095145508717921,0.009140347019421308,0.00848452583485394,0.00810517828691791,0.00547289208140927,0.017448701281165973,0.019450884779933415,0.008251413865859038,0.009216466866513645,0.007228766726882978,0.008483195154225865,0.008377362359124042,0.005846358284565324,0.01100411324429847,0.006669394000059962,0.03239337045214739,0.04079781271730415,0.009777780356816446,0.025659178105509117,0.027483203204713452,0.16467290858500722,0.06523065793533125,0.007084942652426846,0.006084912103943232,0.021922859891397257,0.009225065664830107,0.0345301614400901,0.008046931693014254,0.004661237490251864,0.009765139799659584,0.007483225712370464,0.015135909050824032,0.015702496963884198,0.018892219762332796,0.005976551445087371,0.028705776026587554,0.1557730581971668,0.030668948388625127,0.07605880756011565,0.022940182034379145,0.04943782144353689,0.023969031907026553,0.08572538527113507,0.004032685730986157,0.014246623126545253,0.0030097835642719597,0.011830782755849279,0.0069166099042384434,0.01262883499928114,0.005845626621853809,0.0032101215462321136,0.001260479444144592,0.017236156936825786,0.050051492602897756,0.01262102041530256,0.013982780054487451,0.011828367091491307,0.011964884348552448,0.010714044980729736,0.03095614127147054,0.05066582025967289,0.02035216332924635,0.0780870178061165,0.016762612701394952,0.007542578452628086,0.01815935488770176,0.011117624121916738,0.008802803381873751,0.012348839134036909,0.020940894000322525,0.025063715163569006,0.011513524167394049,0.024360651289704126,0.020338511603540235,0.029432267389525545,0.013739608690347292,0.04819571113972286,0.021524505274258907,0.09715506568613148,0.19602001001695377,0.009842894234108326,0.012877843505148836,0.04807028590979793,0.0021962213729711188,0.0129964428722207,0.05389786632059543,0.5052955897246874,0.12453530805545672,0.014630633683497119,0.01461167320198157,0.019483911829726808,0.004789336947927256,0.006267851091639637,0.00560564618934663,0.015970171531845538,0.004400445369608365,0.09474290393893918,0.036297824789014214,0.01461348856723306,0.010079714705265365,0.004292935405270207,0.006788860918816865,0.00391130528795727,0.004292330283519711,0.0052633489858159455,0.004332873440802956,0.010480910425844345,0.004548296783979603,0.0040034855012828574,0.007281026609220442,0.007126518855593745,0.009038300172661405,0.00960771973987833,0.00620592696583886,0.007761896693614755,0.004938600313049652,0.07891493601846024,0.017815994578109114,0.003563360281421955,0.006399162511497313,0.0028549644188410705,0.000986550160558971,0.005967307288893191,0.06626728631133917,0.21407634216004257,0.02752819867357312,0.02725105291184586,0.062373731261396455,0.02527996966322957,1.9781409168081494,1.315577249575552,1.5808573853989814,5.8719227504244484,3.1112054329371817,2.9216893039049237,1.3365874363327674,7.225806451612904,3.2350382003395586,1.3357385398981325,2.593060271646859,0.018892052934189992,0.005172893669411222,0.01635784488674213,0.014876770790410462,0.015837964475953023,0.03790279239302959,0.011556055562009946,0.011805130099654889,0.053979801559474065,0.01436859186796709,0.01601014351875456,0.01810805321502571,0.018714023147215587,0.009424065793171121,0.004563850078744711,0.014030382898979978,0.1506088597061101,0.034830190622738295,0.18976887998185665,0.022154234820974374,0.025576896491591075,0.029615781831521557,0.07668009046380318,0.15555762368973408,0.09116225024644428,0.08846152803591807,0.1101549504355581,0.07662587723776385,0.010691860541603159,0.009887010958734193,0.00924989710329326,0.007723361029305358,0.016130820711650538,0.015938183041495097,0.014060200681467504,0.0069842901630748355,0.014856123152792682,0.015959796048390585,0.01570607814135658,0.16290850932272355,0.1535519567288808,0.003155968854717368,0.02290648726506726,0.022212456971865614,0.043646309607262554,0.017434459475954817,0.015057667290945171,0.028146590358210308,0.06073898532073616,0.14994105973891905,0.14392671179607366,0.01882600765177117,0.013074003237238513,0.015875544018853032,0.005290677955318387,0.03321131164322104,0.006821104618790814,0.3297367429203507,0.005389401005571052,0.01308571586442877,0.040281411704033716,0.004858859270613442,0.02003607947307188,0.012561816539051475,0.009778601372984598,0.004769325694499159,0.012631396918203147,0.018997676673850886,0.051239220834080904,0.02083726042828235,0.03528594171926135,0.0319360824133522,0.0435027491557219,0.08304244442072416,0.03460915658491496,0.02900069722495384,0.02893303726115286,0.014416584673662053,0.017637541998799848,0.020366107087929793,0.21085590275817812,0.0300728991852444,0.039435441603887955,0.019862505120852112,0.04541875768127816,0.01255088846784105,0.018931726106563233,0.12766616979926737,0.026968309204266412,0.057701161782474863,0.08366890484882337,0.044370227892595294,0.24590244392664246,0.053882307298592814,0.0685337141281256,0.08712083145389912,0.09806774575363947,0.09439435175621781,0.034457151903982866,0.04452364617808704,0.05800909207421424,0.044926984462052275,0.06248913083042477,0.08208194646099838,0.30337419467036586,0.030381098362445857,0.3151310973513603,0.10727415382251,0.1683029453015428,0.07353634155794546,0.21250059251782435,0.1654923195748371,0.0628877506350397,0.052925086228770436,0.052925086228770436,0.062293838651122715,0.04480550079606512,0.02561814937547795,0.12507087974113937,0.036664984627549725,0.08193437966570773,0.033213336315918156,0.11528817491819568,0.11158338705623969,0.09829288635875245,0.004400330295210359,0.047070673319046186,0.2526806437150759,0.14965209625677448,0.1265783074894559,0.09183767701628931,0.258416680384969,0.09741868392629859,0.10468202313508045,0.04590880072593241,0.06494445091323742,0.05326805184732187,0.04829363244484883,0.04596676759691541,0.0901287233566517,0.08206300434049789,0.08581059916769836,0.08621332577599451,0.01878476679503637,0.06420089858793325,0.0967640136927685,0.06338254172015405,0.045079161317928974,0.04372593068035944,0.13848416773641423,0.05116947347934102,0.04361912830434932,0.054094588251456834,0.04873092378673566,0.07675707236653806,0.10046137818127697,0.13108635671517052,0.1378652030136706,0.07947439727645383,0.040610018759119015,0.013947752379628985,0.04307418143264795,0.1165732396431351,0.016111931965576747,0.10905020245654798,0.18732320586694604,0.6288108957569408,0.21917234154007334,0.15165007857517024,0.2783132530120482,0.1587936507936508,0.45352380952380955,1.1074285714285714,0.5752380952380952,0.3034920634920635,0.20771428571428574,0.08377777777777778,0.1313968253968254,0.1026984126984127,0.18625396825396826,0.022034915712070433,0.021984893201940872,0.039042569156120255,0.021709769396228304,0.004664481408482131,0.022892084725682806,0.004637918302511276,0.01221371612539911,0.008300641708451325,0.011210412823776987,0.011197422774154996,0.011275363071886934,0.01139227351848484,0.028003570925151527,0.020344876192266128,0.020344876192266128,0.02039186204952309,0.05039233190809566,0.041261430094671876,0.029887880060745095,0.028207696533005915,0.02814307408963133,0.015153962971339948,0.038758057041749165,0.03703079580401904,0.03703079580401904,0.03694653915827611,0.044002041858090854,0.04895354772843287,0.04415518121490557,0.04389994895354773,0.04294811670039986,0.009478205064915831,0.04299748235177964,0.042355728883842626,0.07108653798686874,0.03708779443254818,0.03691648822269807,0.03785867237687366,0.10911637382225617,0.11013496307613954,0.002116504113528156,0.003761112148613128,0.004616549295067582,0.00350407939099301,0.03955744164898454,0.08492472466403961,0.04981307466909164,0.09356370617358796,0.0031346876569508667,0.003269773644377478,0.0034568157808143258,0.001475554631890684,0.0029441817772466704,0.03802314452275298,0.07778647872618115,0.04755068302444966,0.03763160184460106,0.005482981997781039,0.03522422246877349,0.007823628359758061,0.011323860992806271,0.01035753910024695,0.0016938326582875427,0.0011327039538680571,0.0015863824808455137,0.0014953483027349056,0.005717244858061301,0.008092738407699038,,0.007331259518486116,0.007274553643757493,0.01870213869481649,0.027336241876925897,0.02501754278915093,0.026787076303505505,0.02697013149464564,0.10069630423138724,0.11689876807712908,0.09694697375468665,0.11689876807712908,0.11622924477771825,0.02604439220358906,0.017824508296366667,0.005152522723430293,0.005440337630650533,0.004912789739193511,0.0058689702924593625,0.29542132392539594,0.0055951253428519815,0.005189998850316711,0.013916642486819704,,0.01631455334804198,0.043725184701211235,0.04362466703523144,0.04387596120018093,0.07272453133638238,0.04447906719605971,0.008648126657527731,0.002146494676191239,0.0016277983012096143,0.002747656603877315,0.004506921728238955,0.001975953872990076,0.0021660524163265196,0.002287876130718184,0.0008554434450139962,0.001354077857547923,0.003282963694510777,0.006171148754389823,0.0015945456252226256,0.002226328261503513,0.005736746791612244,0.0009092864694816914,0.0029223795843828526,0.0008108821451837568,0.005884426028172624,0.0030421678587299783,0.0006242265613877542,0.0024536772593053272,0.0006495875666518919,0.00300989021566653,0.0025426339127637664,0.0016057842361816806,0.001107496247908513,0.007429951715552644,0.0010991028061512643,0.0005930193154862757,0.00022328992593309774,0.0006010876054928919,0.0008161075341692082,0.001398308547148227,0.0039293593724464785,0.001398308547148227,0.001368687694067658,0.0011756414446805034,0.00023890340558888127,0.0014620680076046287,0.00017761495924231507,0.09302266630784856,0.0005920498641410503,0.2439516129032258,0.17487266553480477,0.24596774193548387,0.8844439728353141,0.2710101867572156,0.001529551690906857,0.01181181666442388,0.0006611340915340568,0.001093253339730147,0.0006921221857688474,0.002553442946452693,0.004269291550597656,0.0013198029645527893,0.000524820189179589,0.0007635029609819447,0.002950500643460247,0.0020044920151640385,0.002968810487878883,0.0019295088427829568,0.0019844383760388657,0.00044842203270321706,0.002614625139802809,0.0011091931029472406,0.001099983935118343,0.0013061669703986647,0.001481141159147722,0.0042787355473443,0.002416440882364297,0.006253449219539559,0.0025527063456555164,0.002011051129072918,0.0022764451456130782,0.01090311343579101,0.003303492490378049,0.006721645144497047,0.007199950384053736,0.002239295453563045,0.0020748486619669338,0.0027078208799543348,0.002717361059214303,0.0013515253951621752,0.003583587170757929,0.0024109578132154733,0.0049154870692229595,0.0015391208951160541,0.0051578070627050256,0.004467763368922696,0.0027615225167187344,0.008864697097530364,0.002545016019617319,0.0032106355939787714,0.0012912427897220765,0.0035179863660199265,0.006155846879916099,0.0010084950183534348,0.008221499737808075,0.004607834838530442,0.003418436114312504,0.006910603203121406,0.008523257670255455,0.004303180066246325,0.003832014203729692,0.0012921673225241546,0.0034675743864448923,0.002997726622014815,0.006247506992656182,,0.004754761491081457,0.0031655282556560735,0.0026947307090054986,0.009072606865840908,0.004354227033663325,,,0.007051359098474997,0.005226717032645943,0.0023071420890972924,0.0019869004819986816,0.0026040083964076837,0.002353892688673732,,0.019653977571579426,0.006837737242982586,0.005127299154015714,0.00478601455879932,0.006749399639037633,0.0038557343794281287,0.003893023880196292,0.003553689423206002,0.004321853139030175,0.005942447582370561,,0.006177792041078306,,,0.006514247770387077,0.002449998282711484,0.005689949282745829,0.005621257742109059,0.02308662791383193,0.011378241030055063,,0.01069436747591704,0.016295056065840516,0.010193297651109672,0.010568301912521734,0.01010238752713099,0.027534403800043183,0.010829668518960441,0.007885777808656985,,0.00878030987285486,0.008389494893350934,0.006355669347289112,0.004325464409379547,0.005148825300865093,0.005475913874194968,0.0464641173389209,0.08145625982189628,0.04520691461498167,0.027523809523809523,0.04161904761904762,0.027714285714285716
2026-01-01,0.7080155194973945,0.2769209025381035,0.9057632270106873,0.7958131541946571,0.4879598588926138,0.7941253377494988,0.9731414868105516,0.37053617378678483,1.2553514194139195,0.8471329390588841,0.6483995684229454,2.283894256290477,1.085727833096254,0.3354387700053947,0.1209257883002442,0.579990516832622,0.2121607558763772,0.33451872925557136,0.23399511625437944,0.21223700773242224,0.07299340247317126,0.6603673426053722,0.6934918781186962,0.8060303641575539,0.11378349217766588,0.10270185218485883,0.3755262011903034,0.33561038334806714,0.13666606725409097,0.0853263801474555,0.3037237066515065,0.22254196642685853,0.3143137989140611,0.30343725019984014,0.06493885991728107,0.09928520050350657,0.09404237603803765,0.11796439489300485,0.2788999525841631,0.5199065718229111,0.6269243019428814,0.13417101240784032,0.25187230855645015,0.44781823972820894,0.5203312453551332,0.16043464365612017,0.08390259583701679,0.16387151790790222,0.16233922741514933,0.20147881694644285,0.1653401553913208,0.029496402877697843,0.42987578299182505,0.1544333807491702,0.0473694064781876,0.16960394163350387,0.2697555429221148,0.043075267738685225,0.009970957932314202,0.03990206850645354,0.061936654554407146,0.05192466387340029,0.12510885076389303,0.14004477128801798,0.09916703520153919,0.021519397092145877,0.11461358548717271,0.11899041201438883,0.09711539776690663,0.022367407231794,0.023461613863598026,0.18322991148769963,0.3899896053170378,0.162094056131288,0.02900597973889647,0.011715068652042162,0.0521689239991135,0.02192847097227199,0.031015105727666078,0.03924837975380957,0.049331292447964664,0.07381570308017656,0.10658724060008658,0.09610250270817755,0.04368088451253839,0.2535298607136043,0.8319977103606182,0.2897347834382752,0.20207622298065986,0.06861697183753138,0.14039408866995073,0.15327169274537694,0.08290155440414508,0.03709404763540908,0.015069886340209728,0.08110113934662799,0.03965723395775209,0.04001456824397685,0.015281302516720304,0.0705263408560523,0.06274281009953939,0.06804806194166434,0.14349183885914124,0.01883287861366064,0.17423981461184357,0.0743381038532229,0.05734694831796912,0.13612706679567094,0.1365406956878289,0.12136950727807011,0.2997334791225313,0.026587345833318347,0.14340245126946433,0.3392569689048978,0.11764659005785506,0.0654256251693416,0.05949667692013452,0.06351306121798449,0.0450519004136424,0.04345196285023024,0.03497912276594084,0.04937856083665028,0.046705494419729966,0.12344884102083822,0.12344884102083822,0.06096835245453836,0.13698002029189105,0.03600835089362366,0.13687758526496527,0.05924159057207524,0.039856981190977914,0.12139038476547258,0.029525677046749396,0.0378814485288379,0.04444216811051276,0.0209667157116157,0.059331132938322664,0.02320356304927029,0.02879402446945295,0.024568868387216503,0.024602006866292863,0.10832968810063492,0.0964462295038507,0.018723240678145837,0.12862369268700044,0.1118191699473761,0.028883498362959132,0.06205511591839981,0.01363979798783155,0.05171922429448178,0.044617648228416906,0.02409830198433213,0.02655717713179836,0.01537625429143304,0.053747299213955275,0.0659753979931337,0.042072613035352126,0.12038931343642818,0.03775046633371442,0.07843432216138155,0.04885221734159697,0.05459113063361213,0.03414766231421867,0.1439617305493712,0.15862867801913474,0.03426764238403411,0.04004491627021367,0.05181102618488361,0.11898471870372078,0.030128618933184335,0.14982396944825677,0.0424697439013144,0.048474853940751746,0.04873523811590351,0.08753248021351503,0.04222020906679396,0.022881259391460483,0.030844675414851662,0.05738758726938371,0.5632573921473581,0.005529871535760928,0.013196013487007085,0.01563519532821198,0.032675701041320095,0.0020945580224353082,0.009099481122671652,0.011375429030189716,0.03293550942115274,0.0372772680004095,0.008363461984018794,0.011983210573674654,0.009090860107870448,0.009087354388788814,0.023242747674301626,0.09240249719549533,0.014131666511651743,0.014865623308184786,0.04076746946661568,0.09078311487704695,0.02779419580106985,0.010473319194517982,0.012907049706048399,0.01388054191066057,0.011171981967215831,0.010473319194517982,0.006778022254561589,0.021728081111105597,0.024302537536568043,0.006021454612785061,0.006941835195570046,0.005024195181320389,0.0062932375848780385,0.007409843809627917,0.006995040909326038,0.011913139296669963,0.0069159843565626215,0.03322717632441686,0.04176137999556893,0.009818628651851534,0.0266566983836351,0.028655560359678037,0.16297849954566881,0.06788029861904794,0.010108105900950562,0.008276480445856634,0.033123421389685395,0.011841400235161375,0.04560147396683575,0.011598072376704857,0.007310668843284359,0.013989685232082277,0.011435576032872593,0.022598658196857236,0.025650256202568774,0.029349339639858103,0.00846147628345029,0.040773249268558125,0.23143145945882881,0.044061508616056136,0.1271904715477235,0.031634288228514856,0.05975365554275028,0.035852526651483675,0.11423576302866517,0.00423207611854442,0.014599384837334847,0.0027406996306034506,0.012074700941163197,0.006906235188095218,0.010169133569568398,0.006503134397950166,0.003203108312121521,0.0008134342499697434,0.018159665565950413,0.04363141647974582,0.012911530827948147,0.017070430054289563,0.01174307818816651,0.012439672282185187,0.01053243381710315,0.03153961071669975,0.06651397278202804,0.020355357704080975,0.11024268856044396,0.016963659142474587,0.00709596035699371,0.025941887348077477,0.01065556478798655,0.008502064381137714,0.012224408347074348,0.02737554515591567,0.024135392404627316,0.010749419863694877,0.027742354901344538,0.022937663869670603,0.02943260731983485,0.012739319679859475,0.04492730536911307,0.027131005325629752,0.09715464130570492,0.2014767105948604,0.009774704765512995,0.010915603621600444,0.061673978464995935,0.0021965531938710056,0.01304068918901465,0.05119923538250249,0.554752381895442,0.15163105483633482,0.014674006855351833,0.014757365721573662,0.019460838919563368,0.004782969092362234,0.00789408463120716,0.005599072724104721,0.014192965202959524,0.0035996798206279854,0.09948413060667159,0.0406287047679035,0.01577942674717642,0.009231486148297862,0.004599172958058495,0.007595009284347868,0.004243372919306787,0.0039223396271988184,0.005540721517749441,0.004105119189963267,0.01290639226283335,0.004616657988534293,0.0046581341073373495,0.008575594191147574,0.007812555593756055,0.00926198329447658,0.011277234713966248,0.005764163942085512,0.007407553492502683,0.005158083990360462,0.08300469269753967,0.017447620643152282,0.0038465033903677406,0.007032235280196596,0.0037733102395388182,0.001075736002877304,0.006003058253818801,0.07561686069289923,0.22640227402987054,0.03386606425992677,0.029998212867233927,0.06774920692171361,0.025530177637743918,1.4227433344041118,1.0502195095834672,1.5807902345004818,6.187707463325838,3.4089302923225184,3.2838633686690226,1.8065103330121,9.936395759717314,3.8508405610879106,1.5407431202484205,3.022807581111468,0.018114661522539155,0.005173087125988668,0.017370708669918578,0.015221511540125798,0.015838098314803397,0.046630323754448325,0.011549825862736481,0.012843730257203565,0.06039429501188891,0.01658289465138386,0.015652531843628196,0.019784759763115965,0.019856455899706384,0.011192822004495366,0.005383496628475815,0.014105235322813752,0.17528278402640685,0.03698418415497613,0.18528383264109566,0.02407892877170746,0.026629342062670685,0.02975968486849004,0.0765315473449532,0.1849811021396299,0.10250892462284066,0.09038420330359219,0.10769272854101222,0.08902556340243552,0.013799833191955851,0.008241777781149552,0.007999958274281167,0.0077458107141214535,0.017809769602908664,0.016537609334422627,0.014325197924524812,0.007019878037620477,0.018009389235049033,0.014459858198937794,0.015635764820572298,0.1716202523362846,0.16041547436215361,0.0032346915212865175,0.022268289420890732,0.02219437855036146,0.05206668872260898,0.017420968162012627,0.015115652914551993,0.035704229813533425,0.06450395247179068,0.14994051934705024,0.14735803833510483,0.02044955407108114,0.012567769337175587,0.01397274880047609,0.004715736301339535,0.035314444410989035,0.006969105506740182,0.19797679414947603,0.004109111068209472,0.013834561465828453,0.0462305144112812,0.00413616987881141,0.020689110374965923,0.014155707098660895,0.00977841983957175,0.004375222013861926,0.013229960925560301,0.018996531187796015,0.06062113167849485,0.026488798842124926,0.03934185390651053,0.03193553303622485,0.04092442069002662,0.06545936264156868,0.03625235350943639,0.03857291667860372,0.02655613339799223,0.012622419914940107,0.014178274610792463,0.018116335847226633,0.17955594388053714,0.07639369093483486,0.0972241430406006,0.019863239360190185,0.045421070311894365,0.012550388898937956,0.011472009006833423,0.0894510100955987,0.015303704521796323,0.032240762655800705,0.05374251141901526,0.024791057718410905,0.14319036612011776,0.0333661912806956,0.04326706394912114,0.047100637567176494,0.08600778631757863,0.07950171063037713,0.04065168536052864,0.03378003434369033,0.04823409638080424,0.04236158749994538,0.062488648538339873,0.08442018264374267,0.2814733942145809,0.030112749349522985,0.3225672159583695,0.10566603744706903,0.17020043277496547,0.07358862741677241,0.21500586694280224,0.1805555164738689,0.06307315247579359,0.0441863802510545,0.05464839144467487,0.06409177755704441,0.04480543416783677,0.02779024624567869,0.13185601675762085,0.03487758589461913,0.0852554460955321,0.033213373547423486,0.12068426951840214,0.1475903475562237,0.13974185753745555,0.0038314963491019823,0.04187394020140498,0.2086873204830951,0.13612139668477696,0.11283070041872857,0.10735190240736145,0.2286936102785361,0.10294572459479581,0.09344991504553177,0.028781428380519652,0.086000649090319,0.04683989688975859,0.04539861139857377,0.04909402224020171,0.09047735525993941,0.09523773684309557,0.1006340903531714,0.10066419553314393,0.017255668855054248,0.05538017413977744,0.07440052148810355,0.06235042138101225,0.04153745867672394,0.03378032313637845,0.14353494435908182,0.03650997801103597,0.042899224162967264,0.09999940730555176,0.04999970365277588,0.08349879386679784,0.11642297046603564,0.13995886700529275,0.1214806879964428,0.093065263488573,0.03980907004546366,0.013831077602380516,0.04278561417785614,0.11481644739816446,0.01676160766761608,0.09673809846738099,0.18086274509803923,0.617516339869281,0.2204967320261438,0.12836601307189544,0.26295424836601305,0.1257024858195886,0.34621115090048876,1.03364090231853,0.42447133857856073,0.22050866508090022,0.1675771754188776,0.05881276629113626,0.10144548710039994,0.07718848838121128,0.13647175680267665,0.01982557094047833,0.01964574716777558,0.03479590001798238,0.01924114367919439,0.0038707559600067477,0.02113642477101447,0.003911788708699399,0.010385844613539896,0.007606984485597203,0.010467114513357289,0.010334923629721318,0.010334923629721318,0.010467114513357289,0.02587699116983282,0.018843532943316022,0.019237932470036592,0.01895308836740507,0.05267424790201363,0.039846284688317,0.028601127665606196,0.02753016033010993,0.029105112294075027,0.01464705326487542,0.03483886522542795,0.035160331109860964,0.035602346700956355,0.03483886522542795,0.041273527846325056,0.051289495330720476,0.042483185755068466,0.04166061837712295,0.040505969300739054,0.009001326511275345,0.040884972522266444,0.041500852757248435,0.06438317225696417,0.034292565947242205,0.03413269384492406,0.034332533972821745,0.09194181972608557,0.09618855504830662,0.002166542045621659,0.003844265809439578,0.004718339177749655,0.0035812152933841755,0.0420458854759196,0.0766970041714069,0.061765263557072424,0.0827171027682973,0.0029758354210575153,0.0031017616415476993,0.003151469360162246,0.0013984438170225738,0.0027935737861375116,0.021653232179547968,0.07001738580685948,0.04275327959538486,0.03402086296823138,0.006377042646472698,0.03072387680213301,0.006789351438270502,0.012994598754827448,0.00985418012396751,0.0020139205453914557,0.001275709804935466,0.0017094511386135248,0.0016056934078121066,0.0071745919429570615,0.007446296407726097,0.007010048739394669,0.006641494674769842,0.006761838859137132,0.01900854914978236,0.028434534807252686,0.025428240378292048,0.027964801302727587,0.027620330066075848,0.08756464503996239,0.10131640808650681,0.09332393041842972,0.10084626234132582,0.10108133521391631,0.02521396809205808,0.018822816887939693,0.005052356438168402,0.005148012129562826,0.00474658652620387,0.006178699489538524,0.291738769576279,0.005024194177788184,0.004355927573558105,0.010165456957777258,,0.01645789432607508,0.03926320891904993,0.03798528180496188,0.03626669016877451,0.06319129246904331,0.03811748116159168,0.009008883746567416,0.0020945580224353082,0.0013407554908903112,0.002011133236335467,0.003875279944780737,0.0022339204603621906,0.0024548339646430634,0.0019849886579774026,0.0005786856185308714,0.0018161920892169185,0.0041886654382122185,0.007577676565493014,0.0020943327191061093,0.0023875058366714997,0.006132805780147944,0.0009091559937706264,0.0030692675251172627,0.0008113890071416088,0.007057698688305761,0.004358235273039689,0.0008999797504556147,0.0038632464102891016,0.0009141460983794531,0.004419067237653819,0.0025426976015292353,0.0015671214476069108,0.0009084138061677423,0.008442651535047122,0.0011310374946147124,0.0005765993770856236,0.00022303579572035583,0.0005971341221792935,0.0011468960106276454,0.0014121633364101913,0.0024559362372351154,0.0014121633364101913,0.0013955129212424955,0.0011873827316462994,0.000372449544466469,0.0024366877263057724,0.0002403970961737744,0.1506120998449273,0.0006998542681508699,0.2439233322625549,0.21372737980511833,0.20473284077524362,0.8920655316415034,0.28000856622764747,0.0015300799032355202,0.011598747932409942,0.000661291424551625,0.0010897812761743615,0.0006920856946160475,0.002553148807542731,0.004126070840761021,0.0013200500139638912,0.0005623488924429507,0.0007595977451042218,0.002950275581960116,0.003266156564341172,0.003582037546722229,0.0019296016556034996,0.0019850348085004538,0.0004481056466624985,0.0024778648208728673,0.0011162650453114804,0.001099743083493734,0.0013062676062155622,0.0014807808279155067,0.004245771131735792,0.004424540442545721,0.00626494757819152,0.0025531924646443583,0.001933229662412492,0.00577562646119398,0.026243867101320425,0.00814646514537851,0.006721637166253361,0.008062550675435393,0.002238965201682306,0.0023584525440846654,0.0027069744305645814,0.002450237080896334,0.0013526849110645773,0.003831425322366121,0.002410965069134423,0.004914350465918999,0.0009321676978754653,0.003125358010914027,0.0027165559082206314,0.0018280706930926456,0.004866753995008051,0.001763188676025827,0.002549575771364134,0.0014707301832443446,0.004957469903797143,0.006606855279133921,0.0012014773344984023,0.00892683265512097,0.004974252602666515,0.0034191141843956095,0.006898826300037615,0.00850700785555804,0.004303862047854701,0.0038324575276771594,0.0012917708280189787,0.0038475785938310325,0.0032227792457955695,0.006247993480354629,0.0025584668955128042,0.004753908082878522,0.003850787875924307,0.003105304742480201,0.009071794750643767,0.00476164226784369,0.004555997731223802,0.004588277067376197,0.0081482267116118,0.005643861154903104,0.002562149964725868,0.002857586739982529,0.0025774311772391433,0.002447540870876301,0.003627269429755064,0.018911437353238768,0.0064412668715755714,0.0048299956090949005,0.004509268627937611,0.006751086608839634,0.0040943044762639475,0.003755621201572996,0.004049146706305154,0.003932489133911603,0.00672812776458537,0.004278996135400661,0.005326628486287657,0.004069469665223263,,0.005879528926452546,0.0025130244604998787,0.005488350590620018,0.005612816424748549,0.02035100233931625,0.009609029970522518,0.009147460845300912,0.010269913036180725,0.014361093918826775,0.008802069648523557,0.009398306283727793,0.008913232411019262,0.024162742284293715,0.009620631808719202,0.00870877946194054,0.007958323516322415,0.009214900913636482,0.007888513660916079,0.006318097563180976,0.0042949500429495,0.005120032551200326,0.005170893801708938,0.045647058823529416,0.08815686274509804,0.044758169934640525,0.022479546226834304,0.03638549807878297,0.024466110777112682
2026-02-01,0.7909587577663034,0.2973967069936558,0.9440423070566848,0.7912363906804355,0.4598784135113474,0.8235326827369532,0.9367396593673966,0.3512453725958561,1.2511094189008218,0.8340666247642992,0.6744690380218278,2.184083044982699,1.0392493049119556,0.351837446668081,0.10977508650519031,0.5882298424467098,0.209766980664353,0.3381835032437442,0.1902249134948097,0.2269759328666054,0.07299350166420794,0.5966262975778547,0.7048442906574395,0.8236159169550172,0.11969921976286448,0.10843174692973151,0.2876615330146929,0.3299496202722009,0.13365391415034297,0.08976262876269947,0.29445523973067017,0.22894978261736668,0.32584371460928657,0.3139084998603965,0.05685595078141574,0.09973363505645523,0.08729988075923138,0.11027037220375739,0.2588507877664504,0.41496539792387543,0.6003460207612458,0.1345260825495604,0.2574858437146093,0.4328719723183391,0.5051038062283737,0.15642116384463534,0.07801338446499737,0.15296669528672782,0.12903414977422445,0.21602648478321565,0.15296669528672782,0.029595947509074228,0.3660034602076125,0.14096385542168674,0.058482446206115514,0.1576212210221881,0.23326856161597903,0.04313988248634162,0.010537807723664852,0.039653831376334214,0.0653259738921011,0.052937372904386625,0.12597576632212237,0.13878606704088614,0.10904217934421007,0.02214860698522177,0.11856322216078943,0.1211824460458622,0.09516825819268868,0.0198245729118835,0.023793235936313974,0.18753692589943718,0.38157281009981653,0.15000466432413945,0.03154280765423952,0.011691685912240185,0.0422942098317387,0.02024290663147476,0.02959419333553283,0.03624422632794457,0.04964120752226987,0.07146156384031672,0.10505402507423292,0.10387660838007258,0.04362421643022105,0.24323185011709603,0.8770491803278688,0.2701639344262295,0.18182584151324935,0.05151668864766156,0.11969158973318454,0.1550695825049702,0.0910591297172057,0.031154981432697498,0.015609229694988416,0.07372964737994732,0.03719808296569017,0.032627670041578065,0.01754210390872959,0.06459125611185772,0.052815028736453835,0.05766162468189746,0.12347525233751751,0.01588082234866897,0.13276160879698798,0.0686090355850673,0.04270693264205609,0.12730637536908937,0.1716837406601328,0.11373151087514036,0.29329262375757237,0.02551741824583778,0.1462525320729237,0.3361321841363149,0.11832227826984947,0.05292131707510824,0.05949874885808477,0.0649640544941812,0.03585184778078528,0.04515372601823737,0.02790563471235625,0.04814901324979505,0.04670632903276039,0.11202099449032028,0.12246328025171405,0.05329229698227102,0.13488410436789822,0.03391452897505302,0.12884773040582936,0.05473956114920103,0.037596808690912926,0.10987757793929735,0.025780537960914708,0.035650329985389966,0.04001960218555209,0.018480050902013625,0.05971941512588268,0.021293385233425655,0.028894378321730668,0.02204194425730469,0.02441550016218779,0.10016031639094743,0.0855103924944482,0.01366120218579235,0.12010005738952517,0.10350699902687328,0.027272500436659432,0.05696222272126157,0.012619457544227363,0.04881228634877861,0.04150447887815954,0.02151171494872371,0.021583451855178782,0.019103850088579486,0.052461511590188886,0.06941949247698181,0.0459490480824413,0.11104029990627928,0.03585379568884724,0.08566073102155576,0.05097656982193064,0.05617244611059044,0.026384254920337392,0.14419493908153702,0.16846485473289596,0.0334455596493457,0.040322068352178886,0.05084593232541396,0.10336467200271036,0.03359907677973997,0.13616969465972134,0.037283487909202565,0.04827319696777199,0.04771206538771016,0.08287807563630203,0.041079066615847204,0.02237115148435184,0.03404904078261974,0.060591623258374624,0.5826753580609622,0.009448954389942709,0.018470251229831768,0.018324746442091627,0.033412960301232864,0.002891116869445513,0.01053425916346663,0.011025168217492996,0.03111592553599357,0.021459014165363322,0.008198384057221333,0.012608451344218532,0.009564612354274053,0.008982940139484903,0.020728713803105755,0.11441835638182062,0.013923908386652714,0.01579174834207685,0.047920736948255965,0.08321908218151447,0.030411579320514543,0.010374058540833389,0.013386404139911394,0.01630162951548339,0.011411626261955904,0.01001956972503646,0.00689391719853478,0.021473281417178303,0.02260311335063152,0.005694371891368905,0.006880402945666159,0.004952467290137546,0.006019590346703198,0.008655991236015617,0.00914050102982654,0.01276167663738528,0.006116692919054758,0.034169615398460654,0.04116679298297502,0.0088612755060841,0.034407005739203356,0.0268679165981575,0.19071492436101622,0.07939150239871264,0.008509884563652299,0.007057579859116565,0.027867596104040906,0.010079333379438246,0.04460509026447753,0.009919142335740668,0.005673021146629143,0.01433321713013864,0.008885310269586708,0.01887784409671305,0.02313384490966495,0.028000265338468854,0.008011669247130322,0.03389204958442068,0.21807223134127185,0.0404810529985364,0.10540852950267385,0.0268746939080828,0.05703436274309168,0.03135369194486041,0.08967522853687004,0.004215600221641421,0.016288192690736666,0.003724262380291567,0.014523887747446465,0.010617702873002408,0.011267426066404162,0.006750746568726003,0.0009753203257932753,0.0029465559767178438,0.01815957976413232,0.05513793281032736,0.011135048838686419,0.017070365474739498,0.01389027174566117,0.016413746931488504,0.01186891662231988,0.03292362625100853,0.05926390057164438,0.021389456337012683,0.11509450157073456,0.020963727190015966,0.0078416562237138,0.02423394503287384,0.011621719053095978,0.009990901756132731,0.014443032976842395,0.026796903163785555,0.02774792714538307,0.010748802636774071,0.03123444286131186,0.022425454483030915,0.028638010059567745,0.019103737146584723,0.05015449848076494,0.029457710332515062,0.0971546529792457,0.20307022814275658,0.010489588519046229,0.010895576193500763,0.05902356960156558,0.0021964534015415514,0.013961512711791666,0.06210667261771926,0.611733301289204,0.13983056666609445,0.015201493093470632,0.015081807459634958,0.02045206742250203,0.006255650133983105,0.007712331630057578,0.007654412693886677,0.014996144137955615,0.004292886744583162,0.10716987826492687,0.04860796089702256,0.01600992803470924,0.00922450189714893,0.005569938533022705,0.007926591191137351,0.004970092767504479,0.004001874467388804,0.006660272632128079,0.003558369326779448,0.014457052501287987,0.005323884311177788,0.005335832623185072,0.00908334980445271,0.008887113968265282,0.009439368999517207,0.013125727024408578,0.005827131011823564,0.008277952569656634,0.006579874668282457,0.0846529805165559,0.017738383000508715,0.0034874895097870852,0.007026822542860013,0.0038133341541891188,0.0008568357305562487,0.006552737824062523,0.0856924836611896,0.2214153848895571,0.03855659530621701,0.03020837046085652,0.07531891867371306,0.0265647428399234,1.5809137489325362,1.0620196413321945,2.2134927412467977,7.232066609735268,4.2693210930828345,3.8168232280102474,1.6758112724167378,11.177412467976087,3.8419086251067465,1.5432322801024763,3.7179760888129803,0.025616060107690707,0.005173492346964514,0.01606111666044469,0.017076812866382136,0.016764032246672923,0.04586860523386237,0.014089421624912135,0.014071764654444681,0.060560045470903,0.016098953025732093,0.01565248391534071,0.01794704926799245,0.018759269909495415,0.012487104324312041,0.005383688958574772,0.011731769945690458,0.17258890631035972,0.04692344399754585,0.19242575044879223,0.02510600586270366,0.030457881700638532,0.02961528847683323,0.07638239371009158,0.20361578839730043,0.10442338718840184,0.10358806553502853,0.11280114527234304,0.10599586429431682,0.018311952137379107,0.009783421451400515,0.007807263903291642,0.008110706416060333,0.02260930311260175,0.015870232478558146,0.016518710870331736,0.006573169820987823,0.016214795705673996,0.01417293954498748,0.017071713580517667,0.16311405751795366,0.1611724035577453,0.0022450964729770735,0.025895519769848788,0.022194155001227938,0.055691506157246606,0.015545732028207557,0.01506595796933656,0.03596375820089113,0.07244500578886433,0.1424630740623794,0.13905466091288637,0.023400168403325965,0.018675208815092815,0.025131101760238573,0.00855604837181091,0.05782566940874686,0.011097842981159256,0.2833901967474127,0.0061488305091171,0.026770320737528157,0.1095278836718968,0.011723911087129661,0.03902919474683041,0.025412124717504467,0.021574066032349088,0.007516275253668514,0.02285557479409933,0.01899683462244505,0.06779916587560786,0.024307495125135792,0.03839119771443976,0.04183872909691356,0.04534223431561704,0.07597477293470824,0.053996474790640715,0.031418456972683625,0.036269847498699465,0.016751736884033863,0.014765337469118782,0.020582153937620112,0.21053402889724968,0.019854791785753896,0.025270665722500446,0.019863988511150753,0.045424102111655644,0.012551439004128,0.011263907351691886,0.1090627213140075,0.015303632548502172,0.03223963102161351,0.053265934262259985,0.03335229370091049,0.1945530761116446,0.03338644863557604,0.05524954777552851,0.034640985658868396,0.09786171126738157,0.08106376393199827,0.03563525283702202,0.03367255139616485,0.048159226143125344,0.04510308160036101,0.0359741815294632,0.046022129763702284,0.18940605378971895,0.023795751174552137,0.21834716701617307,0.0785875399000903,0.1497178572611725,0.05794140706958049,0.18681493424031273,0.1464734918338726,0.04672637123579623,0.03432755060348731,0.04773347173603365,0.050465452698300516,0.03527943726050996,0.02412113202898388,0.10927417096907863,0.03017549361077824,0.0738820261840499,0.02843063690629515,0.0846804269187264,0.12091899900550018,0.1373424529642183,0.0032227936613270906,0.032881302471525334,0.19770973760909058,0.10852120161969192,0.12146255640144928,0.10472099542218727,0.24234577611067418,0.11742997156512795,0.10066751366285519,0.03174219049347612,0.07808901526609797,0.04097441303018595,0.049568423856163786,0.05158657218631486,0.08995764889470743,0.08809705117769083,0.09812402234217742,0.10367955705770479,0.01724904995829085,0.05529706182222634,0.07804708499397534,0.05996385207155435,0.04117619797942348,0.031768467883955875,0.14315506534433217,0.03352612932800598,0.0383139594109724,0.0850151105275668,0.051307881243703946,0.06872743324768814,0.11697359336268662,0.1341045173120239,0.12017936257629881,0.09107945018784352,0.05918639994978885,0.014489504971801057,0.05172423202230941,0.10622622666324676,0.01618087655055364,0.10571869832624795,0.1577789994502474,0.565695437053326,0.19856064770853113,0.13004148133339996,0.2622319956019791,0.10240162220391609,0.2874131339374353,0.840166444880975,0.3630526160150392,0.17875926747354412,0.12333396700673806,0.05272162727330334,0.0688169317533743,0.05586887185011512,0.09969794901041337,0.020743464630035596,0.02057845979775122,0.03889399618131674,0.020295594370978005,0.004034260760371471,0.019698062992568714,0.004062374075774757,0.010706487616084566,0.007741919752258567,0.010802111654332426,0.010570463661745163,0.010704575657453577,0.010716767657063433,0.023163985378345093,0.017006470277772346,0.017006470277772346,0.01694782727681451,0.04374767871454542,0.03946018221959638,0.02758170341117572,0.02779937187101589,0.02730184396280979,0.014490500326502691,0.03274682306940371,0.03278441988119408,0.0334235656816302,0.03289721031656515,0.038059833598867054,0.047087980173482036,0.038989201628606834,0.03836962294211365,0.039631253106782956,0.00858601834696552,0.038863030412580775,0.03972163224727732,0.061954900808893314,0.034581787722867054,0.03414303378405329,0.034821108053129116,0.075,0.075,0.002173375123721544,0.0038394919168591225,0.0047117288023754535,0.003577614648630815,0.04743649155327126,0.07726334414626954,0.04794203142772886,0.0759152378143826,0.002747835416822617,0.002869476258202959,0.002869476258202959,0.0013193352795867956,0.0026355515632407616,0.021439987525825443,0.06927065060616693,0.04233422991462987,0.0338361984953027,0.005909797822706066,0.027733519535341353,0.014504713238327992,0.009001174342209668,0.010569079887009235,0.0017170388585480225,0.0010751150887827752,0.0013396048380178993,0.0013396048380178993,0.004839447573842678,0.007452671040299906,0.006710402999062792,0.006792877225866917,0.007137769447047798,0.018197573656845753,0.026414868822088086,0.024353074762445467,0.026384987748759935,0.026504512042072548,0.09509340535674093,0.09734413684447446,0.07855052892189962,0.09734413684447446,0.09700652712131443,0.02534853239067403,0.019160344759105535,0.0050522302101124045,0.00500783466734426,0.004647863465040444,0.006045398721043493,0.29680154999364755,0.0048135273400109,0.00412195490581333,0.009494236133056706,0.00414943460518542,0.015498550445858125,0.04007528461255968,0.04058024237972824,0.04663973558575101,0.06605765699596033,0.04053433712816746,0.009101008158390185,0.002676022835394862,0.001926989493289066,0.002891116869445513,0.004417019252181306,0.0019311794191450473,0.002336889381150309,0.002040721108886468,0.0007941772506253004,0.00219167971045224,0.004108185454304125,0.0070234108298761234,0.002125314224389802,0.0024564499531930183,0.006220562319279832,0.0009093413529311103,0.002922937732754936,0.0008111171392811676,0.006751379935095282,0.004718226071198215,0.000769199284715234,0.0035827750169717828,0.0007762561588869334,0.003754257059344078,0.0025423583334763873,0.0021775702538925036,0.0009081077369405867,0.00817211130757214,0.0012320937330901009,0.001023707071132554,0.00022276513911885452,0.0005905301324277998,0.0011460253838850888,0.0014329830368922062,0.002668022788747135,0.0014329830368922062,0.0014298243674501219,0.0012045059472481144,0.00036654162657986884,0.0025000927579551468,0.00024034354238022348,0.18406250539118688,0.0006997612871070223,0.20772843723313406,0.19854824935952178,0.1309777967549103,0.6269214346712211,0.27999573014517504,0.001530270773846159,0.011456010600908745,0.0006608751803533412,0.0010930505527472565,0.0006926170836457836,0.0025532301679278297,0.005461858340718522,0.0007600242375888702,0.0005714361338587962,0.0007170129156855201,0.002950566607023822,0.00675455215240501,0.0034619162895133844,0.0018182296600357856,0.002169069922464302,0.0006419247633850159,0.0037965806133666933,0.00390920228620424,0.0018377223699504212,0.002344967006000085,0.0026581836391892217,0.006232515315698148,0.004299704480991171,0.006184537741786982,0.002662755352069718,0.001933953157895338,0.0014998592282294322,0.0068218853179309105,0.0021175486942351827,0.006722055166037882,0.008173096465414642,0.0022394246503085,0.0025116721384000353,0.0027079854379802554,0.002159350467379412,0.0013515934406930395,0.0032985520017624315,0.008473693697302278,0.004914782399711602,0.0009324970710554552,0.0035032312872074547,0.0037571005338648423,0.0015946932290032058,0.004867078189841009,0.0011494508408035288,0.0025088658394902233,0.0020317158764083486,0.0072802196226354485,0.009112320274597128,0.001551033238229298,0.01737914388012991,0.0046702648885162575,0.0034191841119291535,0.006897113752122241,0.008967062818336162,0.002620988469384848,0.002333621113573277,0.0007865442712946023,0.004460648074068422,0.0033725650449634307,0.00624786137526802,0.0024641880365024777,0.004753593504981303,0.00313805422718975,0.0028804694762070084,0.00691671053073658,0.00407655866772687,0.0038765196565931277,0.004055123703598466,0.007387712853402609,0.005213377954657918,0.0021482025220272843,0.003255136572678898,0.0027532639310699036,0.0023944484443120715,0.003815516163510598,0.02005364309193942,0.009216125194103295,0.005118276967753645,0.004779478492346784,0.006748417929259775,0.0035411375904509323,0.003852487611645241,0.003878746047167653,0.0037624586898541154,0.0067198072110482895,0.0044026323106868106,0.005329502270831402,0.004064324775234034,0.004147743071647047,0.0054499767965681565,0.0024108931623447916,0.0052632174670907425,0.005297173708813908,0.019962659773086314,0.010083912927514822,0.009068340821895324,0.010658377956956157,0.015202806672000984,0.009461590448299166,0.009837050386723736,0.009579592143232602,0.02240959461054077,0.009804868106287345,0.008168279102296264,0.00814138026880901,0.00929803010876095,0.008257941880587113,0.0061176265137169086,0.004163915280968778,0.004960680197117457,0.005670128410126555,0.044180118946474084,0.08206307161777202,0.043080613723824275,0.018503263418034346,0.041104281519971274,0.018334283843440425
2026-03-01,0.7596153418664722,0.30384524756921133,1.0225631474038495,0.8741111691847674,0.4917450490137715,0.9101721037760081,0.9317562724014337,0.3633956721563047,1.3593954962833406,0.9510917030567685,0.6832914572864321,2.5901322154143824,1.0950321023632803,0.38530150753768844,0.11157691067397613,0.6076226037065707,0.24027056170963634,0.3446109011429352,0.24830699774266363,0.22824120603015077,0.07735411019678866,0.7002257336343114,0.8672686230248307,1.017349242179942,0.13042713567839195,0.1291959798994975,0.3841371347366551,0.39492729343965693,0.12801507537688442,0.09781407035175879,0.23922998643147897,0.21541218637992832,0.40816496563216,0.35569892473118275,0.05902010050251256,0.09562814070351759,0.08883994126284876,0.1349246231155779,0.26588042438868903,0.509771041599484,0.8470170912608836,0.18175879396984926,0.3355967506769423,0.47423411802644305,0.7935504675910996,0.18019522219368098,0.057964216310393356,0.15773405698778833,0.1347581061237449,0.17813620071684588,0.14670963364993217,0.027849462365591396,0.6088358594001935,0.15240653886435043,0.054072068319100185,0.2182411804613297,0.3117791723202171,0.046890769005054976,0.011190297296456184,0.04389424124271431,0.06551458917782214,0.052692651393563245,0.12942421318916805,0.1461540855477555,0.11288551396675366,0.021153529811894525,0.11942096769173999,0.12019455201020776,0.09807626474367238,0.020384391380314504,0.023078598834288457,0.1935813834548012,0.4424626006904488,0.15209052550824703,0.03037407732243413,0.010570545781813387,0.03338549817423057,0.01335075982963307,0.03038745292266419,0.03223519655444538,0.04768210402013219,0.07311103085750974,0.09918198650593016,0.11405947556182297,0.041324872310787804,0.2563987427031882,0.8735069600359228,0.2874719353390211,0.16756737151354686,0.06782863920551636,0.14956878354743383,0.15363668653064447,0.09292870705268862,0.031129447943399016,0.014248740102761651,0.06861720464233145,0.0360979026336093,0.03216363069279301,0.01977742915172393,0.06395989048187432,0.05140391470201989,0.0570701454350681,0.13656730824132055,0.015288491080580653,0.13978291901209297,0.06541382027994196,0.03333653233757056,0.11217744585685328,0.13933990001657665,0.1132156681411168,0.2419028840477291,0.022305784090479473,0.14008459233362466,0.36285741041328506,0.11881945311524533,0.03578005993257585,0.060080846547633904,0.06615994506180546,0.03864661911652638,0.046297168397708685,0.02822183596057848,0.04776134738716831,0.04437489832090351,0.12362465643168448,0.10447901771570951,0.05999280754180616,0.128702189418524,0.02777658854857906,0.12166813655395627,0.051297639332471376,0.03666869311322128,0.10475729734820916,0.02637662793585012,0.037036878473143874,0.04051323326683163,0.021645471551935903,0.0598029767641075,0.024791670603352165,0.031036828480187448,0.022026542708313647,0.026564753752448614,0.10647317070098196,0.08786682035486858,0.014304340431964626,0.12410322304315237,0.11127907635910128,0.0269930651348236,0.05653395312509841,0.012443075527673323,0.05454671428481447,0.049177075263128055,0.024549170776566327,0.02150375087394418,0.020706965728790713,0.05278622852931728,0.06981475532712282,0.052871260936112316,0.11906737277950515,0.0418937884297777,0.09223146647644008,0.05885910567655793,0.059843838441796096,0.03018554846513503,0.15193573649481656,0.20290922624816815,0.02704202390422596,0.0366420160474549,0.04203372518979012,0.09452186637596614,0.027611639806330593,0.1211612307631871,0.03374974219969948,0.04115965940897439,0.05348496901485912,0.0785873525627805,0.040570401579210984,0.0252938923425945,0.031859206662541856,0.057870029364681844,0.5,0.009230067481452662,0.015092770227666055,0.01897096718599556,0.023412627566157935,0.002381819739176291,0.01090882342123653,0.013181801463827284,0.039090388444906816,0.03068152561697746,0.007948592655643301,0.017513385139998845,0.011363839367811563,0.009542308791431803,0.02223722411586616,0.0975527125586558,0.018272858675259164,0.016561948966707842,0.0434397199502608,0.0867782105106202,0.026981736302911168,0.012511405405923012,0.010118835095955885,0.015719282694015017,0.010821968966352171,0.008808324886151136,0.005917815415047338,0.02465072440572192,0.02408985886707897,0.007328927459350902,0.007581284996130165,0.00593726539460166,0.007164208732415483,0.007492183745044946,0.011146907523115653,0.023070443849071327,0.006587068559382122,0.037051665802159524,0.04575447679869039,0.008269764298868843,0.03234145018297412,0.03347403385378249,0.2140744935495077,0.09927333812381327,0.010738731709268971,0.010967978039035231,0.0493821603007045,0.013705596027953047,0.07299703313568132,0.011951653199486822,0.006634805594944244,0.017848702424092373,0.013090382241162137,0.02187093348271858,0.03108663593932225,0.044630509101912914,0.010855438931695431,0.05030164648882153,0.28327760563462473,0.057692548160485774,0.15900358707984358,0.032452944064729164,0.07688505088851709,0.04966809299564932,0.13738274050232455,0.005738775360052973,0.024691702560440124,0.005514247676867877,0.019204093761238276,0.014811850241303832,0.015089021420828939,0.011503555338779926,0.001337652214229854,0.003895618729160628,0.01769912247483759,0.08716643590103135,0.010896224315952722,0.02251791197543501,0.015597461885885624,0.018160093974372002,0.011913048516200755,0.03748647103226549,0.10406452593405505,0.02200908004698719,0.11985426919224192,0.028152008080855575,0.009030507244977384,0.03303209251672806,0.01450926687059128,0.012098612635321165,0.01819200092698094,0.02742150679744039,0.031234387634208622,0.015141528326236837,0.027893393833393648,0.02869274696191234,0.04585364952563598,0.021210566575116108,0.055267040201920636,0.0341186082187272,0.13075049350819465,0.38477769670426376,0.011718248173956707,0.01289292782395423,0.060907853560522036,0.005447692329652558,0.014890470988603341,0.06819607326172182,0.6464894375392015,0.18272859862145174,0.021733724878515822,0.0171131224673281,0.022247059207526534,0.007324361027341235,0.008847549595118675,0.008437673398698565,0.01742982699940754,0.00514442102514547,0.11181826184402748,0.041285531587864736,0.017240516420269487,0.011954458639990426,0.005561814256055912,0.008299992977507253,0.005711165862376946,0.006251798895589381,0.0064721666961743245,0.005989691771913393,0.016631043176461396,0.005583574092738445,0.005369338609764035,0.010912162462897007,0.011341622512331399,0.009914770676048453,0.013111884134804167,0.006700051531249598,0.009729614247549794,0.006233401942757783,0.09342902386361726,0.020394308022357244,0.004294007044252584,0.006844655536839898,0.0049626274804977465,0.000855755031714962,0.006960576121348675,0.08660869978052237,0.21400838940612463,0.04030159133641993,0.03330125405895135,0.08714893718034059,0.028141403331430996,2.1304166231596535,1.3075075702203196,2.4384462775399394,7.678187323796597,3.314399081131879,4.968257283074032,1.7849013260937663,14.167693432181267,4.663360133653545,1.7957606766210712,3.9384984859559364,0.030026962247917788,0.005172836398870185,0.016089338972539304,0.017717931128647266,0.014533128690036142,0.03910019460853744,0.016442200606362697,0.014740404055358975,0.06821415822348562,0.0208550273323825,0.023472290080228726,0.020101597829859826,0.018811884445628875,0.012527608933023661,0.006647484163764987,0.013135805718472464,0.22276185361308015,0.04692273766800992,0.23060972616917827,0.03098691487734698,0.03190454511504166,0.03930782937768309,0.09576876429351362,0.21450318147382796,0.12771865741448787,0.13967185827236545,0.12910666206665977,0.0956149367439776,0.019555558843533796,0.00984990944445549,0.0095160769035506,0.007818247138726841,0.03634382162430338,0.017014825031522206,0.019998973534292506,0.00738731649035654,0.018001064380206596,0.017114697370629487,0.020466431565947414,0.19999990752561195,0.1899997272005552,0.0039024191762289037,0.025980121290331438,0.025979263265915493,0.06352469565873967,0.016698013158662442,0.02481664018231303,0.040811931344318333,0.07671596302944396,0.16537991605089114,0.14527211386327207,0.029523762128175115,0.02563474421549253,0.02152051203859865,0.0085520810761727,0.06186454150808787,0.011374109417529503,0.29609176231370116,0.005628781068195435,0.020141325509634104,0.11728860375530334,0.009382835223277314,0.05717464673141827,0.026426677223599083,0.02103613399350315,0.010306566809655256,0.023063462709986243,0.020818596605328355,0.07892293096338811,0.02706864549494733,0.03360141606686089,0.04350337980920198,0.06278991544051503,0.07975545133220022,0.05819708494948445,0.038573071262626095,0.04163390682063449,0.018775018965014555,0.016137880146635145,0.024041005885027104,0.21845762269224445,0.011808084521026045,0.01147385054966709,0.019864357873448982,0.0454256220605885,0.012551464311252373,0.018739712546314433,0.21910955945964375,0.02718762577268722,0.0322401148348478,0.05344909343953244,0.033351709993176215,0.2112711893811178,0.029015846335141444,0.07245544302528655,0.03367812059458133,0.11141483632470865,0.0765759641407065,0.043295631652238126,0.0340531620895595,0.057106382856922044,0.04753045163303188,0.036202340737289326,0.05602442508475823,0.19764822728080877,0.023796065256175242,0.23996542231976997,0.08551354599015394,0.17731865582746442,0.07005600718898247,0.18923063258866063,0.17575390273975464,0.06553415811581785,0.04232147708511839,0.049267517920210654,0.06101753359386429,0.04519759252680195,0.013184987619359712,0.04451685712232914,0.012194886874418427,0.029252657938592726,0.010611601877861873,0.04275920925122098,0.11626121050275534,0.1379026905206613,0.0028737154601507194,0.026264443936971908,0.16407398949531857,0.09358575017127198,0.1284119662023293,0.11197835893852005,0.24115335236218152,0.12949301337646887,0.10146406963459115,0.0355043757189803,0.08294431509888064,0.04129199972095038,0.048598693607193606,0.05278076613806346,0.0820699606760344,0.08338810293993457,0.09091509915440622,0.11553388433393427,0.018052963940031804,0.05605702677611199,0.07378827292698845,0.05943506356224319,0.03180869741063139,0.0329990532305062,0.1456967947716263,0.0373529610220193,0.04455028002069229,0.08634533636220508,0.05529565236949236,0.07189446931018195,0.12453048739344594,0.1455657767481613,0.11885040412346322,0.08628043660789253,0.06877413937867338,0.0254575986565911,0.06829207288795328,0.0996243050163878,0.01575730416703576,0.10966541782388713,0.19577182243711744,0.5784681857929118,0.20024690087958438,0.1423795072269945,0.25363921608970735,0.11047031283251756,0.31757820812938925,0.9389231751436476,0.38533730580974673,0.18869972334539264,0.11900404341349224,0.048244307299425415,0.07731432219621195,0.05948074058310279,0.10691636518408174,0.022487437185929646,0.022587939698492463,0.042386934673366836,0.022914572864321605,0.003903488687440814,0.017690183926340544,0.003956839330093764,0.010385591769774194,0.007888563406303558,0.011121780457269269,0.010781441820325508,0.01081790667428377,0.010988075992755647,0.0240306385680835,0.018018018018018018,0.017779894431876813,0.018057705282374884,0.04956939318172798,0.041490857946554154,0.06082981715893109,0.02844904743638921,0.028576908323743766,0.01524741081703107,0.02988675199356698,0.029819741338872885,0.03042283723111975,0.030020773302955175,0.038991029398703254,0.05373478994582112,0.03939070965449862,0.03907984723332445,0.037271031207598365,0.00826831750339213,0.03845827679782904,0.037398236092265946,0.059319877883310716,0.03197132616487455,0.0317921146953405,0.032831541218637995,0.05811028700419219,0.06062560464366333,0.0019662132338188676,0.0036362524625435425,0.004463628876774417,0.003387848458270994,0.042979942693409746,0.07315657756338183,0.03413006419788909,0.07185085778535417,0.0028942511794309753,0.002985582283025642,0.0032973677746074336,0.0013636678571203617,0.0027210370174410915,0.022179249378428512,0.07170764434271283,0.04380599076522357,0.0351631871818146,0.005209216811762324,0.027058379342609972,0.020825923514251478,0.010013515510005308,0.009499160068507767,0.0015457064163809534,0.0010454250080887892,0.001367617110711732,0.0013037224743265915,0.0047037328062252415,0.012437097286944924,0.007063712985291038,0.007156758600904093,0.007629740480270452,0.016779336906461256,0.02453607692100514,0.022435293167066172,0.024940073796762635,0.024266745670500148,0.08548252911813645,0.09193011647254576,0.06853161397670549,0.09473793677204659,0.09359400998336107,0.02867867399175927,0.01917374204020477,0.008100262205019354,0.004581479626410536,0.00454710625300767,0.005735442876363886,0.2833446274417371,0.004675097825993886,0.003943008331264075,0.009260289924564812,0.003943008331264075,0.014813038899211397,0.03559470663265306,0.03535554846938775,0.034478635204081634,0.058633609693877556,0.03535554846938775,0.009212523748538452,0.0020536487352516546,0.0016067995380838324,0.0022548856716205355,0.00455311468338206,0.0019125381588142264,0.0023402321316919133,0.002125859722681967,0.0012368447323760133,0.0017756182174598811,0.003634682283352006,0.006973884185370164,0.0018358086655093685,0.0029413916943707504,0.008068022193876452,0.001672529528253588,0.002922422555426938,0.0008437716291548622,0.009050276477838985,0.005336854556958543,0.0009361586484636746,0.0038838496377491183,0.0009378258944983381,0.004687462226457027,0.0025424803289438884,0.0018917464270510505,0.0009076688360595586,0.012711561988071838,0.0015900506114019566,0.0009441790953248991,0.00022254378425319747,0.0005129386956164809,0.0013093487181972568,0.0006542201435653122,0.0015698862649476592,0.0008121770884964374,0.0017278432098787847,0.000708082856587803,0.0003738691716193022,0.0024143893225766415,0.0008193163403811758,0.151018848215902,0.0006816326700365967,0.20778949566670146,0.2036128223869688,0.13093870731961993,0.5871358462984233,0.2800459434060771,0.001529889601192327,0.0026328906523745365,0.0006613071179347477,0.0010931307956906465,0.0006926685612055812,0.0025528259810285283,0.0067283992331741115,0.0007601394698720756,0.00057426594986686,0.0006316000704654837,0.001603647633397056,0.0073146581459122,0.005010004564689893,0.0017838327607450396,0.0020112092309698764,0.0005872625136985488,0.005017756487468621,0.003909138073468296,0.0018375208562684496,0.0023445789971275745,0.002658213889958441,0.0060421981666672255,0.004640882002250599,0.010234971889865937,0.0031903968496088276,0.0019332352188522843,0.0006813522454687044,0.0029497474297710763,0.000961017405177216,0.006721966376296954,0.008478980561874643,0.002238805970149254,0.002499583865061311,0.004079678719405358,0.0034429658556831342,0.002037481163911115,0.0037303198200669264,0.008473546860183537,0.004745186241702781,0.001551057192559739,0.00578303651536282,0.007871615252240675,0.0028600959783493807,0.00486660215559505,0.0011782258577228287,0.002501768990119251,0.0019518693029195473,0.006715399180941477,0.00943018186622044,0.001472984279360606,0.018451935356026246,0.006422349220440548,0.003199615306367789,0.004359600134141542,0.006540369432011368,0.003638013377393309,0.0023615819901784676,0.0007957771088399924,0.003997591812161349,0.003383503913305238,0.00624683925346177,0.0025550872968091508,0.004753762793497892,0.0012582165218899884,0.0011574540566968489,0.003105236318647715,0.0014895320941594571,0.0037008165722488924,0.003974808205856475,0.0072356945494960094,0.005353576273741332,0.002242236961109436,0.003219682695206512,0.002360001507386192,0.0026379258365993364,0.003937950773652243,0.01992925037593099,0.009171538392075414,0.005096171589432315,0.004754594603083615,0.008709285375964281,0.0038149019838224657,0.0037671698127063036,0.004101295010519436,0.0040498911339328,0.007381125276907096,0.004375361932512799,0.0058736476362934425,0.004117987701188518,0.004136371574854537,0.005729740671599828,0.0024459638784552753,0.00569600323879355,0.0057859697262769615,0.021041278971409234,0.010954153273557773,0.009748773473185587,0.010457198443579768,0.016018863136525122,0.009175507911995347,0.009406149094482662,0.00974709692946391,0.021610076011311447,0.009917570846954533,0.008119227539882451,0.007900923593618808,0.008715365239294712,0.00857262804366079,0.011896139356264102,0.0040591732626061045,0.004924157552198675,0.005090901511638208,0.04768273236973407,0.08893575433362481,0.04541947430687722,0.018684826558842307,0.04234943605022345,0.019004043413492232
2026-04-01,0.85979904921464,0.4111184633506502,1.08275750465248,0.9166860898750699,0.5609121303729805,1.051123610340912,1.1827997870884346,0.36752367573603,1.2732696022102148,1.1044226044226044,0.7402371075820425,2.4806091370558376,1.2437578172047992,0.39959745710709116,0.11539763113367174,0.6345022467225645,0.2588720770288858,0.3868531986843934,0.24230118443316412,0.21914042365184946,0.0869149729628939,0.651844331641286,0.8004060913705584,1.0124534686971236,0.12527920276870966,0.12702191895142484,0.4161012126253119,0.4625245879400393,0.1262364694042856,0.09415576446331704,0.25080798689511663,0.2624895445213292,0.47070960433692044,0.46338681469089804,0.060675977516506704,0.10927566824574753,0.11457686840577389,0.12395375665791217,0.3267707416500672,0.5061928934010153,0.8653130287648054,0.18192975135612774,0.3965531191844,0.5249407783417935,0.617258883248731,0.20819139665689615,0.07776571932442515,0.1622614778412361,0.13992272117559912,0.2058778800091248,0.15531057688050648,0.02505512888753707,0.4961082910321489,0.15532496409876315,0.05008495832996197,0.26413423650772566,0.43821667330765485,0.05200223382937486,0.012591101287267642,0.04925687629935191,0.08131420499608143,0.06079676376315778,0.14085795942502358,0.17799771924143662,0.13999915527460616,0.0248677770112677,0.1289989534790954,0.1480803615424686,0.11200120138722681,0.022999995307081144,0.028406237827741723,0.24200142773703678,0.4701797650723603,0.17493023557661105,0.032422124620893215,0.011628307991925912,0.03319301733494274,0.01763721383143822,0.03561930071916176,0.035477294166573685,0.05203728686337955,0.10357552212766388,0.11109578341972065,0.12183959345552658,0.0432288232728453,0.2602177974210598,0.9515195698728757,0.2912926595890099,0.18181818181818182,0.0596162029625727,0.16754138888326006,0.1827308455581929,0.09079493713628474,0.029229121490790717,0.01301592828840807,0.07486664872821666,0.03822472657053768,0.030716957638877898,0.02144410720033022,0.06150784200810829,0.06866790499241561,0.05529600748191222,0.15789230607140434,0.0160549366332261,0.1332185430463576,0.06791530356971037,0.04613080919849898,0.1209197296257096,0.12814213893967094,0.13878331569325505,0.35239464062349657,0.02268053016453382,0.154510556621881,0.378062549395958,0.10998564492975693,0.037928031097275765,0.06287198180615816,0.06736398974177003,0.03743138225733537,0.05480808559188857,0.03043936882440316,0.04949088325834715,0.05373172884420812,0.12866768561772116,0.11743052117193722,0.06087443222181559,0.12679051944976644,0.021651992336339954,0.13027360988526035,0.05783910619335673,0.040208382666350934,0.10680472735883581,0.02440746561040191,0.03669515424192194,0.03884786773728285,0.025674239193395416,0.06714066567793105,0.027125516380972995,0.03628511231485077,0.024187953126292943,0.02731965653106561,0.11664640395154771,0.0899537246265189,0.01613909346097783,0.1484758406905024,0.11993405600147673,0.02590020559760157,0.06103639013895343,0.012253107833714187,0.055043506489373215,0.04796853019993253,0.025476916417891446,0.02251389215992056,0.022921268212573915,0.06122416503822333,0.0756319102754244,0.06476324449564935,0.11251631662458866,0.04153606853373145,0.10659934186357348,0.06443796556117465,0.06137395749470443,0.02886576987110844,0.167176031953227,0.19986399556031484,0.025978686853703005,0.04029591490054024,0.03833878045162433,0.09423434890587093,0.027639140774910396,0.12307456730102068,0.03365409921571067,0.041530488709391855,0.05656070705668991,0.08156800444063758,0.0448657520612119,0.022973600218203744,0.03263007287813608,0.055522325209710066,0.5968375875310595,0.008047580842083232,0.014865524819478846,0.014979767677120035,0.03157724910175463,0.0017834094952384274,0.01023645615085304,0.02291352839289307,0.03917939558687151,0.04953655772052149,0.009767371112016135,0.017774201304213425,0.011944985549629295,0.010318981840180408,0.022897274041504056,0.10356242717864184,0.021809864753997942,0.00989846085010493,0.02635590025522191,0.053569507136072676,0.01504392650042537,0.006190505311510841,0.007272701938432456,0.009031464983043264,0.006432799692216467,0.00498135571834091,0.003564746399838367,0.013006486212830456,0.0128671475913384,0.00400726511226069,0.006025744628051846,0.003959896240961914,0.006478223398667026,0.008210957861364256,0.011120534929414743,0.030806547900796174,0.007179275155959898,0.03937878790806045,0.08445018460165263,0.009256164497363798,0.04151460294705767,0.033449510337112943,0.21407416137140384,0.092023585734958,0.014415318366152431,0.010107445963460011,0.06521175634432877,0.017799239098624523,0.09357581838705631,0.012780634641916467,0.006769513775659517,0.028507880764245996,0.015146118148752037,0.024921610435218865,0.03409925164095489,0.040771771395125216,0.013754755633596722,0.053452067394121824,0.2850779714871023,0.055620218236548356,0.1844098833563276,0.036347673397717294,0.08409799740791839,0.05465195033237175,0.16032526443413186,0.004316620737876855,0.020094188294328134,0.004710957101139308,0.013091761609015751,0.011830605026117715,0.01205116604285773,0.010955044626331591,0.001090980134084646,0.003111504133591083,0.051755493854621006,0.11035092832635361,0.014344615059459588,0.023131032672519734,0.02268191122905875,0.024334371340768126,0.013270814264846999,0.037242990893146595,0.10081540682562327,0.022881331376629663,0.11985406535867502,0.032304359460781557,0.01189106546605511,0.037135610813685334,0.015001678879020148,0.014050598175220428,0.01812592785763106,0.03148281663061764,0.035731999775013165,0.018160016771745745,0.037772221284777086,0.029854218758788548,0.03995135511955834,0.02074992202160896,0.06682790723042913,0.041873969875626596,0.18233648826233465,0.4249379155651686,0.011960095517137349,0.022917124736450085,0.06565695303058969,0.005448260698379583,0.017659761957112736,0.08767668710297068,0.6993008363715079,0.20423265002104987,0.009477051494294125,0.004858689018707278,0.006304011480950758,0.0021427026635089793,0.002635839505191817,0.002855758813388833,0.007038785945092681,0.0015059171290691484,0.051250376365275366,0.015795541851419594,0.007798185899421517,0.0040242725248275674,0.0017248103751750432,0.002662232102313439,0.0016114305141061306,0.0020146729159168336,0.0024232736419811706,0.0017187680095273284,0.00679093494663736,0.0015918213274758108,0.0017004699022356638,0.003981006906651949,0.004938265834218691,0.003383268735124237,0.004509827907726007,0.0023440958506163044,0.0031634634338262345,0.0021864243092806516,0.03360193738763907,0.007530953728133905,0.001582472761756705,0.00257136860379969,0.0012494016062888028,0.0003517682869061138,0.002083476079471473,0.025095711641894294,0.07045079125918226,0.012375562894813015,0.011907963598509198,0.031099770971540572,0.009722223330622629,0.0225498434789446,0.02304717254664917,0.026564841980077348,0.06683473637136525,0.03388717706782251,0.04096772766810656,0.020880940797200803,0.16951156584941543,0.050264636070117504,0.02950360465287709,0.03498307017155887,0.030873725943296598,0.005173448695868504,0.01826360127795954,0.017933008138768976,0.013625279355376774,0.04383197520217524,0.02025300393121993,0.01656805919286854,0.10228768782657552,0.025680241299598366,0.026752164508488982,0.020101899491337376,0.020635356602303968,0.0017609363350885975,0.0007315238736770619,0.0014608239766569825,0.025361137944073717,0.00616719294295071,0.028666821428215764,0.004108561391492608,0.00407858882992244,0.005213775427971922,0.012361457876997056,0.030083363362294887,0.016569798892813577,0.015225191106502858,0.01648200829311773,0.020850847541858376,0.02280008766376535,0.016362338557649486,0.012920080962274079,0.011500003050398689,0.03309307141828052,0.022740018274234598,0.0347318394514163,0.00965333861443383,0.025185030144978412,0.021636712533712774,0.021960054794546265,0.19843218893324743,0.18983381897244742,0.006537239032526168,0.04214117948275817,0.026505661060905718,0.06898560720658584,0.017628929453801893,0.026159056608867325,0.047024992967761435,0.09400557179719635,0.18081953664732475,0.14838154009072677,0.05672991762483638,0.026478357240476386,0.03779587242888152,0.008255142236973574,0.0649122001079554,0.013719522699344228,0.28822826823469966,0.00955634927015263,0.0338728535378075,0.1469920631916833,0.015291577204103533,0.09403363553693393,0.03478836371224543,0.02800438217384055,0.009155101744379331,0.04939663276380758,0.01992339598288262,0.08584549670684388,0.02952782027885495,0.04635597843654762,0.0502247421674831,0.061051836443504814,0.07514316467368434,0.07063924770635957,0.03931598533249704,0.06727811769767349,0.026030327369748613,0.01996121038853798,0.025884606110231193,0.32836377577661624,0.01132646563358478,0.011006225497755736,0.019865072259879782,0.04542780406701625,0.012552756106919043,0.012881798675249558,0.15905961376994124,0.018456945610598005,0.04030067028657067,0.059605810454592296,0.042245401317617226,0.26257260133535587,0.043197549978022325,0.0795370209746611,0.06546217687270033,0.10982456865012864,0.08800186465881464,0.04714016805532608,0.03441800221870796,0.07006485000118017,0.05836942667642269,0.030241220941174745,0.06831497310126196,0.22543488941086753,0.02059873828908872,0.32744600087503395,0.08959809545691191,0.19435098352701616,0.08937780217041438,0.19348398437810707,0.17218550069863692,0.07627206274210355,0.0535763052049114,0.05807833748273293,0.07781781351829314,0.045197964805667575,0.02058673540532034,0.05051314945477871,0.014635516476161261,0.03387364093084036,0.012150446814529143,0.07343455551615743,0.10638455451565249,0.17166456823665613,0.0024137664066044883,0.039751194878071966,0.1997114848436442,0.10136544893801139,0.1447573836457771,0.10361449622933903,0.2977089201129804,0.1301704665421067,0.07656851926363552,0.05262591776652577,0.07852456208145266,0.043675933517179695,0.050909294179026614,0.05402847134232689,0.08735186703435939,0.0810017142431244,0.10636878586867407,0.1303346500708057,0.020021203336241758,0.0399814236257705,0.07651965061405239,0.06141461904359819,0.040652237139613655,0.033986321033521914,0.15947535815812436,0.0330629486614663,0.041962318915696996,0.08370176484308188,0.04283307849793972,0.063834970326794,0.13154689403166872,0.17036825873999015,0.11048071074594422,0.07169547354253737,0.058865197988241136,0.02644860806120281,0.09184559877638682,0.11174530086708129,0.015844085247893585,0.13309457954285045,0.17448094356175065,0.5582902817038697,0.21186275465444973,0.14587191734087143,0.25601910517594306,0.12813645032034113,0.3196125907990315,0.9661659774154149,0.40864385352160965,0.2009042405022606,0.11870835029677088,0.04564057511410144,0.08219589020548973,0.05804709764511774,0.10953738027384345,0.022041677916595077,0.022728946270341915,0.04079428585454456,0.02137895486119634,0.0040499889716406915,0.01799734380792822,0.004101611079042833,0.010798406284756932,0.007446858101808689,0.010337031512213312,0.010185530486667909,0.010220492261793772,0.010278761887003543,0.023884362049290276,0.01791827664217502,0.018078440008808982,0.017617970329736332,0.05972091533364031,0.04150171977415796,0.06084106690894931,0.02900902070218703,0.03387630605490298,0.015250827438509963,0.031201248049921994,0.02987858644780574,0.030353388048565418,0.030421216848673948,0.0379547344919669,0.037079192750514384,0.03812984284025741,0.03799851157903953,0.03834063842033028,0.008500464869172532,0.03922610351086908,0.03873909771107274,0.06052153893832735,0.03338149190175652,0.03292525283248422,0.0330393125998023,0.06429780033840947,0.060033840947546525,0.001994177731343889,0.0038037469443232877,0.004667958250073539,0.0035440778195908176,0.039392754293028055,0.07195932733672272,0.042414761616951686,0.0778255768478686,0.002848449743162129,0.002994850512084429,0.0038318809952706183,0.0013557984252369464,0.0027084142250625386,0.021557259037316628,0.06965251566208801,0.04144130121794622,0.03397019339273902,0.004948901797538212,0.024712852899433885,0.01978505516073379,0.010652273698539072,0.011580852287416177,0.0016135759759031622,0.0010939987385819294,0.0014374970232554113,0.0014447133737737615,0.004920107783411343,0.011661989885646843,0.007136324909916601,0.007206672033891682,0.007269202810758421,0.016264900662251655,0.023788079470198675,0.021748344370860928,0.023417218543046358,0.02384105960264901,0.07938063504508035,0.08565268522148177,0.06585652685221481,0.08614268914151312,0.0844766758134065,0.03210535653800868,0.026395587025597186,0.008250133066662366,0.004435852406222635,0.004445422745826135,0.005641715196263739,0.28150675426717514,0.00470152627386821,0.003991130820399113,0.009174864917228165,0.0039007168535939553,0.012266161496566421,0.0412468940591823,0.03966568782471199,0.04187937655297041,0.06546193810707025,0.04074994352834877,0.006689747793630307,0.0017092824502040677,0.001505215055638888,0.0016805037150730807,0.004145882024627621,0.0017988135485105569,0.002311077963307344,0.0027104871909362565,0.0013042134238791764,0.000990078316046313,0.002032795666878513,0.0037605945733799754,0.0010233647645138593,0.0017787893886137514,0.00517482504789572,0.0033884751707359243,0.005921726995418226,0.0014526447087300704,0.017802230373087324,0.005548726953467954,0.000929804757723985,0.004817927170868347,0.0009264601362933234,0.006256950541410594,0.0038009139237874146,0.0021493060349309103,0.0015433755865423783,0.013732719051100985,0.0005896436816977542,0.0003109538170592855,6.315982205347174e-05,0.00014558681004022276,0.0003574116284072814,0.0006547975901483061,0.0015694257437419532,0.0008286322224297045,0.0017279039597440761,0.0007076236621490137,0.0006115110941230795,0.0035195989741008946,0.0010941608091333697,0.22603940197871875,0.0008654608840413019,0.0019264129895275866,0.0013760092782339904,0.00121481961992658,0.008131231970592716,0.0025967260807815734,0.0015302455154957186,0.0018483161872927011,0.0006611862783811288,0.0010927939878799212,7.415791846554407e-05,0.0002735237957484018,0.000819991273150299,0.0007597839191428474,0.0005744135373877982,0.0008592738455531523,0.0016119719616157343,0.007302206860155554,0.0034808492331594213,0.001798337169495673,0.0014952759903264267,0.0006626623637637385,0.004751760017456618,0.004358646763441378,0.002048901541228134,0.002328157717341604,0.0029644117156660673,0.006852849739757303,0.0046400212322653305,0.008761712055548687,0.0031905108106483437,0.0026279465155606874,0.0006537621206095188,0.0038052497245861044,0.0009223506216274249,0.006721198383758746,0.00962048365221717,0.0022394608774819673,0.0023586610163923655,0.0041394949087854415,0.003503396570895831,0.0020661056700154896,0.0037662686300048718,0.00847311015440906,0.004746612048480268,0.001311689523276425,0.003577759119320832,0.0058261031812669095,0.0022912585129209813,0.0048676969871668625,0.0011782610007341086,0.0037819999262539345,0.003386236775670541,0.01174434371681286,0.015464978264144842,0.0026127122599042376,0.03903634646548905,0.005519369341173612,0.002511147358692731,0.004240239092974853,0.007461706522128437,0.0032728223754482106,0.002318351025476197,0.0007809311045225565,0.003705599303613312,0.002379724185735357,0.005150359880389138,0.002309198913507806,0.003919190128073894,0.0015567791106737478,0.0012310806019147488,0.0034651532476225005,0.0018257044848784259,0.003671927684073891,0.0039486865647206494,0.007445203690638145,0.005354448209643747,0.00224317660591596,0.003116054496277714,0.002499061357337077,0.0023962291675136372,0.00391208563563424,0.017954959225869163,0.00882808734069804,0.00509527243174765,0.004752666154085181,0.00887679809197287,0.0040321979578147125,0.003558917790862339,0.003927852724155921,0.0041179101140344345,0.00729920159118842,0.004362633341777141,0.0053383620891853615,0.0041562291836715545,0.004245358251944421,0.005939824293155727,0.0022235467903698137,0.005577007800554591,0.0052452898644621245,0.02087927306041141,0.010514205362564314,0.009587421303250136,0.010098750439423477,0.015893813982721335,0.008914237852605969,0.009472624116303882,0.009193430984454926,0.021208706837240375,0.009243286900856525,0.009270737408797905,0.008101933838634272,0.009208755401289227,0.008332152723666502,0.011996312106629149,0.004092922122563832,0.005014895465276778,0.005030883442318043,0.049468759138317574,0.08724047178087532,0.042450531240861684,0.018470505046176262,0.02556300756390752,0.01956330754890827
2026-05-01,0.8997896758264369,0.4643866306981848,1.0642331635540463,0.9418084457398496,0.5650103962223819,1.0854857142857144,1.0294228592983778,0.44611642485029906,1.2567192487394183,1.1511950121233114,0.7801502470505194,2.6224460431654677,1.2218374682212678,0.46195926187355046,0.13266187050359712,0.699088279126852,0.2482351889911536,0.4481458753397037,0.2519424460431655,0.29373802561258444,0.09059174405205721,0.709568345323741,0.8052517985611511,1.0797841726618704,0.1778259554300696,0.13693657356055258,0.4843946694448062,0.4388491475750796,0.14702026822627812,0.10595442170011092,0.23467160037002777,0.2734817050169747,0.4737367915465898,0.5110249991426906,0.06814056670364022,0.12816375920137138,0.11634052972153669,0.172960572753857,0.34522661523625847,0.5615107913669064,0.824748201438849,0.20457295553090654,0.3957732949087416,0.6232374100719424,0.7046762589928057,0.19309206349206348,0.08023193520940347,0.1540795559666975,0.14024212510444803,0.2183395631151195,0.16662349676225718,0.022632968691059976,0.5041007194244603,0.1614797931094942,0.05025936599423631,0.23803885291396853,0.3700647548566143,0.05490375382927164,0.01221709112523433,0.053527502171825704,0.08262539435782544,0.06813588770518038,0.15618856019386404,0.20392300306341732,0.19673540304512824,0.03436971331900691,0.13529331077682777,0.152942252297563,0.10980293539390061,0.023922088610488775,0.036367792967856985,0.25550871528089214,0.4884145065327234,0.17307979788919783,0.03513616090702984,0.011970432369366455,0.0356100783771138,0.019199681913020076,0.03547955026035339,0.032820792928187445,0.05537404337951351,0.1090110587436769,0.11711986698180839,0.12472865212650383,0.045941880849918765,0.25789611067606366,0.9776385626033237,0.26659705907943965,0.1752429867048077,0.05277224703582127,0.15383235573732265,0.17614035087719299,0.09106739008101249,0.029129460730705114,0.013659577630782625,0.0775883121157746,0.03870125181826869,0.03962498540076234,0.02138202240745309,0.05902608466185168,0.0704936982623611,0.055414847662591714,0.1383815118433658,0.02197003160908001,0.12245550988259041,0.07465030820293977,0.04021159317211949,0.15568100995732576,0.0940433854907539,0.1706703413940256,0.3100906827880512,0.022495851114272165,0.16911299896698992,0.3620777378621317,0.10300806364575464,0.04429608843799627,0.06083195855625279,0.06467105567461724,0.04651214689643784,0.06220514262505078,0.03828180442671023,0.050051551223169934,0.06029484621667582,0.14355341911813935,0.14695892416391057,0.07211815272551987,0.14546817883587967,0.026172846118483015,0.14085758026146067,0.07832661605273848,0.04355743609656817,0.11920160322072405,0.03635811809023919,0.03903610370945641,0.04740480876951024,0.026770373097692687,0.07236745213549338,0.030918630338733433,0.036843397152675504,0.02737481590574374,0.025131934216985764,0.11229749631811488,0.09205633284241531,0.019737972508591065,0.1543078055964654,0.1133560382916053,0.025064432989690723,0.06893716249386353,0.013705817378497792,0.055513622974963185,0.04506627393225331,0.02763254786450663,0.021256750122729505,0.02888438880706922,0.053559155621011295,0.0756566028473245,0.08148318605792833,0.12228174991346746,0.04839801953377778,0.106412436605517,0.06453821727941729,0.07098677180995952,0.038721425454107665,0.1661800779545215,0.20308808258965522,0.030071316142321367,0.04750199179961524,0.04128369056178465,0.09791881230446357,0.029386331396591595,0.1458337381706535,0.036459649054623886,0.04520413517032316,0.05778162103340394,0.08670643788500028,0.05133984959483881,0.028332135014865627,0.03800450826839743,0.0580342395211908,0.5473331471655962,0.009513708743714015,0.01495586893274457,0.015945511838055884,0.045621662144670026,0.0020335848018875028,0.008224937810424396,0.019265633815900584,0.04423283533449121,0.04014625495784358,0.007473409054741294,0.01239679804587295,0.010269370139714297,0.013404458141265884,0.03122638992786161,0.10707336774535355,0.02131972025154229,0.018437955676600667,0.03974162760149913,0.07755269278509537,0.026149359491931888,0.007788529904435955,0.009709451561200755,0.015596341331148091,0.009300924307974115,0.008133187115122738,0.005778431207143804,0.028970487219966017,0.02942360299345633,0.0037502135109122297,0.004679459638130338,0.0033677885049805613,0.005387762050031219,0.018253153790548562,0.011238543779633535,0.03315404014465053,0.008480507025649838,0.04280188886638258,0.06989170409807974,0.009259054818020454,0.03519496814289952,0.03388746864449165,0.23799754819844424,0.09880357076001049,0.006471557238516997,0.007116768091673426,0.04170191744801847,0.008549165358741126,0.08289330633852808,0.008632308580963996,0.005129596458779438,0.02702154722243292,0.010505219060510763,0.019026670011844264,0.021869098532984035,0.029421517660398352,0.009174441287271016,0.03500037924978558,0.16789290764003556,0.032965558284857435,0.11363830850705892,0.029000453154872003,0.05640659855729492,0.03513408911008552,0.1017940459728535,0.025166521029979426,0.04925612457641036,0.016128688505065523,0.03220472213899131,0.049182157019333116,0.07579167225602301,0.04354808580738096,0.002546239125828844,0.007203687846879634,0.06537466080823343,0.08727603180356859,0.014783848882233974,0.028983322436286155,0.023903491684931926,0.03159776683932558,0.014273155660649012,0.045658345387838896,0.13852066656051926,0.02492657196963281,0.18609389979911042,0.03712138407179178,0.013224667752983702,0.031899270631836764,0.020101664368688325,0.021420320000542028,0.02266359968426794,0.03599328561217127,0.05131238841818915,0.019517289040506525,0.04565157002171505,0.05400559645241829,0.06602933055995014,0.02251792931260523,0.08955594250424308,0.04502738941755565,0.21141598376622278,0.37663328669622986,0.02359182484323497,0.02585987865319272,0.07975791616839495,0.005448241284338402,0.026331613519565568,0.10258412463963522,0.6690784146998344,0.2540203328737377,0.011857935758927688,0.006732995675268466,0.007077216733506538,0.002311346938895232,0.002839747345531946,0.0032229552731390734,0.0069452235707523685,0.0018761972574265096,0.052071730462139844,0.016778653087992264,0.00696545030078553,0.004800823539562873,0.0018606147312680316,0.004821844672890389,0.0019785530665067104,0.0020488883120298815,0.002372332668723316,0.00207980893256396,0.009368520266205766,0.0017295992956453746,0.002659417797713634,0.004465585349345571,0.00617929657910387,0.0037735989720176937,0.006467420543171419,0.0022298289393053883,0.003635556122637292,0.003254670296967506,0.03930848048737742,0.00791952865730444,0.002196952864508285,0.0032756914302950217,0.0015723685513090422,0.00043032215375687986,0.002866634841648536,0.027515930230369624,0.12109486617482103,0.012847334508072482,0.015121405600078805,0.03275709762678738,0.012083240754795568,0.01557551154673076,0.013503808542648751,0.014190996597292593,0.038648695384743637,0.024452066098478557,0.0234753578306487,0.014493471995115333,0.09722528108526145,0.028927237487122264,0.016427174119371325,0.01951726728967962,0.04980972284329741,0.00517278426876244,0.022040126204321248,0.0189281592769551,0.013789390109238254,0.039669904185267814,0.02236700302900327,0.017798194212952787,0.13352005687988605,0.02724194775446407,0.022521315438624727,0.020279637316059192,0.026160931250502967,0.0017911035738478315,0.000730911693914514,0.0018295372109670383,0.02608145048546488,0.007005779458181801,0.04742509043915234,0.004870214411653079,0.004079250159739804,0.005340257793620976,0.012361506790743259,0.0440892429053908,0.016790983468731834,0.015758559891617143,0.017614135891732444,0.021159254579608072,0.03094471579522724,0.018734163755339376,0.012375647732429319,0.015999824644123174,0.042230452133675274,0.028640371679839342,0.03619979563578398,0.013200193451110922,0.018610108799926875,0.021475498446748013,0.02002041776672165,0.22726401459557852,0.21455351175793796,0.0065609214764778285,0.3049120288769037,0.17202655493049912,0.44356549547742935,0.1669076593454146,0.16871246583005264,0.2786631766705014,0.5509039864059021,1.075849367262288,1.0232091781270118,0.3810727516438515,0.03398154377831534,0.05166338252976124,0.00880981851362988,0.06626652126300316,0.01234618626391906,0.45239199868976915,0.00808051756399787,0.020902689915542384,0.061615267787190134,0.006252128766384634,0.04087146941718074,0.02516318077209459,0.018122087868715015,0.0037990292402702176,0.023558629712549982,0.03242233686543124,0.1013123353663279,0.03648456881617048,0.06359354235868697,0.05261852779033293,0.07216322868539908,0.07356877897468095,0.07352031172332639,0.04212593144476368,0.07023508237192527,0.026320054064118387,0.018481963686014357,0.03112565769965451,0.31470885368897955,0.014799342719855897,0.014380638021644254,0.01986609767180266,0.1280905731362823,0.0204428245955762,0.013120578225143262,0.2385521749731831,0.022344478222454618,0.03891062183889273,0.06584565371244586,0.04224574392795204,0.2670560450870139,0.04319715458219592,0.07826843260927613,0.10006532846999168,0.15954868628054097,0.12347062522897766,0.06291864950697561,0.046067853791282094,0.10077759339839074,0.09152052913183431,0.02310923642720447,0.03884135438002196,0.1109598312388981,0.008417785569185576,0.1456755956397779,0.0539648921933159,0.18621747241281186,0.11244611671462147,0.20745196614706846,0.20281194338170974,0.0762718563252917,0.0525842897945848,0.07451175683224251,0.07753132871702449,0.0451987226104278,0.02039746884055953,0.04201522389503633,0.011062462530250639,0.03296458458232498,0.012334052068476745,0.05810541220755273,0.12677299428395383,0.18461621725138527,0.0022864132647527884,0.03190399908970172,0.23635930468856955,0.0924850609739836,0.14613576601067113,0.14691892346960253,0.24887016351537,0.11952732463139205,0.07401242150458631,0.07130693667940961,0.06929408658316784,0.042879309131711583,0.06984228087262116,0.08595859085977108,0.08655110225635747,0.09327610660761303,0.11537307850405686,0.13498890892729515,0.02000606527165419,0.04562017402664054,0.09013460237478714,0.0788112067557795,0.06001819581496255,0.03657358807474281,0.16070170527445354,0.030118511899552756,0.04880037216329125,0.07901100368939104,0.037488082023315474,0.06572735354130874,0.14068048768130292,0.18171978130800656,0.11057386787500346,0.08327354181614546,0.06933482666293335,0.02630243424391439,0.09177326770376429,0.0859484083889257,0.016929231955394457,0.1429464667691541,0.16598265087212016,0.5233187202686317,0.1979292976401455,0.1451823523925007,0.262662065105867,0.15120954736049885,0.3305881088055048,1.008816256316525,0.5032362111600903,0.2161057950757983,0.13048059348457156,0.04947855069347382,0.07977636813245888,0.059025911192344904,0.12078271153639393,0.023495008571140466,0.02233538368458203,0.04388928103257033,0.02238580215791066,0.0039641534452014085,0.016080654748296834,0.003955008915916053,0.010589364912441132,0.007264059287376579,0.010246503536003978,0.010054452201812062,0.010190017849476943,0.010156126437560723,0.023338061833232934,0.017197489360875225,0.017158624978138786,0.017488972231398534,0.05868521793202619,0.038478787335187004,0.05641761592967979,0.02639997608156187,0.03217029927945705,0.014141776541991807,0.027794409605142914,0.028015000157564685,0.028393155390287715,0.02889736236725176,0.03832964361679038,0.02995181664279203,0.03832964361679038,0.03793896774753657,0.03274745605920444,0.007141535615171137,0.032488436632747454,0.03215541165587419,0.05158186864014801,0.030348753472103147,0.029731490689619697,0.030383045848907785,0.06438848920863309,0.0658273381294964,0.0019016942549555502,0.0037893316357984403,0.0046508172064171635,0.0035302835271508516,0.03728505022267009,0.06966160647531125,0.039040405682150635,0.06615089555635016,0.0028657339224349536,0.0028657339224349536,0.0034763132056946492,0.0013162739322533138,0.0026294796269023075,0.020572483841181904,0.06651892890120037,0.04118190212373038,0.031911357340720224,0.005648577768811782,0.027266067124640327,0.02003546287546585,0.009932790418653048,0.013654268817090132,0.0017037925159336153,0.0018758927700683237,0.0014929697046185972,0.0014714571728517585,0.0070733204449365235,0.011015967132688226,0.007185962166473537,0.006990323405920329,0.007321404385318064,0.015211558815566004,0.02215275555664952,0.020331306766436113,0.02158662958131292,0.02168508627267581,0.06634106634106635,0.07244607244607246,0.059340659340659345,0.07407407407407407,0.0713878713878714,0.03504525200820241,0.025786706548050386,0.007932592238548234,0.004532558636637454,0.0044548298711645715,0.006563222634616506,0.30208313091467326,0.004972126633013315,0.003958955407076131,0.011180589960231914,0.004182120875344233,0.014354002919004325,0.0357840986157099,0.034986236885147806,0.03698089121155304,0.05644871743726813,0.03618302948099095,0.008336646739520732,0.001820767787736485,0.001887327841545034,0.0016981571622996848,0.00423532131865976,0.001436813335333349,0.0019599138977997033,0.002055853738950738,0.0010363025698933164,0.0015509574480905266,0.004684204817970378,0.006200214506935323,0.0018148732842457912,0.0012576061739870803,0.003555306130664861,0.003388868433971527,0.005921698576337752,0.0014497422680412372,0.020090819833087876,0.003455549007824215,0.0005479673183928366,0.002521524856419921,0.0005421327063070212,0.0032527962378421276,0.0032437065317917116,0.002059711301649463,0.0015439365554716165,0.015617218915467145,0.0007493056304127892,0.0003668309981542956,9.575615094249229e-05,0.00018986238735055748,0.0003933518465965686,0.0006549963770703654,0.0015694274794481914,0.0008338537288705677,0.0019466760917776285,0.0007081041914274221,0.0006482051305450342,0.0030279991535975244,0.0009718799317630781,0.2344406528706105,0.0008997303945752675,0.0011113295342723777,0.0007992785651964034,0.0007007065081778195,0.004433489490247281,0.0014977319977852268,0.001529849910440728,0.0017779112570902819,0.0006612203788618548,0.001092631416513253,7.417691964006899e-05,0.0002706688894120134,0.0010012923310481333,0.0016001223760161664,0.0005745703198052804,0.0008240793466687748,0.011309065194676348,0.044529114378291657,0.023990205494633075,0.011082145081110746,0.011272124711072645,0.0006882135721879542,0.005102253357323796,0.0018073913304377887,0.0008519291377513636,0.0009419395079602129,0.0012322546456760793,0.006113636542954948,0.004640457530852788,0.012399726329101655,0.003189821426357393,0.002657808806837715,0.000853697679877742,0.004519519591451525,0.001204374841309003,0.007999209033435128,0.008916095983046454,0.002239517361156453,0.0024988200793578247,0.004152713307811701,0.003886358518389377,0.0020751459503175677,0.003642047767541311,0.008473738918728782,0.004406818514170984,0.001053206392295276,0.003975483283593436,0.004681947430537979,0.0022046873247166957,0.0031134719230161015,0.0011572796159303833,0.0036697622874060985,0.001784427400898765,0.006207186789685187,0.009523978729003551,0.0018488311278758204,0.029995480635020746,0.00547200874784222,0.0018444800747006752,0.00441489739402116,0.006699566853653341,0.0014416081940297842,0.0009437688759954933,0.0003178854831142494,0.0020778785579688,0.001358113696889318,0.0030348118404859474,0.00129675669233828,0.0023091472674304043,0.000916863695862167,0.0007952015267869314,0.003346442554201962,0.001351476143221292,0.003963347363249944,0.004342196743560601,0.007810125686404303,0.005659353632988531,0.0025521097608150675,0.00323283982496948,0.0024893117844170588,0.002798277828295261,0.00393385912345353,0.017396229158774076,0.008533565997374877,0.004924977326736083,0.004595880162711761,0.008765465473249964,0.0037143058173509554,0.003895762432555539,0.0038513240778115594,0.004362365157367324,0.007245666829962442,0.004119719131266476,0.003965754543121749,0.004045069633984184,0.0040637320083047575,0.0053659682463647294,0.001985177952088582,0.0053521503023826736,0.004905370113629559,0.014548948677368301,0.011756726203933981,0.010174089984173637,0.010999321727334388,0.016979425729143113,0.008574402048278213,0.00868492065684893,0.008546772396135532,0.02553900846388344,0.008758599729229408,0.009511226221934446,0.008067479831300423,0.009161227096932258,0.00838247904380239,0.01209633818973339,0.003634072841299616,0.0044332867908739165,0.004630739649004038,0.0528868575692566,0.09994403507135528,0.04066784814849361,0.018922696484249008,0.029179658101279433,0.019180733254488765
2026-06-01,0.924914473384117,0.49237786799251926,1.2460746539146856,0.9859617784800705,0.5833317469684568,1.1275524475524477,1.0323501746842247,0.4199397782591364,1.2751766784452296,1.0903888876422145,0.7900904910250706,2.384079538977899,1.1019396635834993,0.46590515749394257,0.10873282249382561,0.6466455918510713,0.3074029514338364,0.4442102798267181,0.2827560002533088,0.2908322207387628,0.09624082534666162,0.6600595275790008,0.7397884871129123,0.9347729719460454,0.19050091479998021,0.11833061365771647,0.4482153783397919,0.39540126239855733,0.15507095880927657,0.10606734905800326,0.20596530813707517,0.27442219833378123,0.40946791312293523,0.46684359043267937,0.0757553280917767,0.1369727537951837,0.13207439416725364,0.181624882559462,0.3556179994536159,0.49901842821860554,0.7762016338420619,0.24615536765069476,0.39154424685457223,0.5821670571844723,0.6580963840162118,0.17347319347319348,0.08683498647430117,0.15124806092229587,0.15832556014543794,0.21425692018274659,0.17441122549710902,0.022608169846815372,0.47128110949274904,0.14947508098193027,0.06150277641104941,0.22761246650683967,0.4090043717388239,0.0526980796423847,0.012762851799479996,0.05471422706746339,0.08825890617160059,0.0617023217625325,0.1638598731925375,0.2000775441317338,0.21965059526524652,0.03434292751904393,0.14377138165397071,0.15175842722255165,0.12149340874880263,0.027737992063130046,0.04592437166446198,0.26436717038368635,0.4716588955676647,0.16883882927925398,0.03242594425996828,0.009786484663167947,0.031015358735554638,0.021167544266977402,0.03605316417988908,0.027614182955570936,0.05319922549217169,0.11506172406844405,0.09818551389996233,0.1176691169384161,0.04458676853255298,0.3336547291092746,1.0895775941230486,0.3012855831037649,0.2058486407053637,0.04778783129096608,0.1559383015104018,0.1832682060390764,0.09007561485192733,0.03048721015590109,0.013855022766589837,0.07874108714958188,0.040676991627439,0.04091312762123787,0.020451080171267472,0.05297131730251024,0.09484301835898463,0.05544391694448432,0.13040999656056787,0.01824930195776811,0.1245239357855662,0.07919246502996599,0.04903682868330601,0.1507227432146171,0.08110947064968109,0.22991520824458309,0.4726017005036152,0.024798524751839683,0.15626399144008438,0.3496892477442953,0.1063007960417979,0.0524901917633578,0.06704508373995462,0.058849419853236905,0.05160361842105263,0.0631472344054581,0.03902823464912281,0.04649808114035087,0.058334856237816764,0.15500121832358674,0.1384586683723197,0.08188276681286549,0.14131411427875246,0.02233339424951267,0.12273848684210527,0.0677311769005848,0.04270604897660819,0.11165174220272904,0.033332571881091615,0.03808784113060429,0.0458318104288499,0.030156424997063988,0.07837004064586538,0.033917384915485814,0.04473909593741854,0.02915388427242755,0.02507784012626284,0.12547226829135552,0.08777387264295515,0.019085510995007344,0.19138502433309557,0.1253920650333846,0.02981269674861721,0.07452887746947263,0.01404129894905088,0.05306877715811213,0.0441318426984959,0.02507784012626284,0.02291235216104814,0.02360267306001209,0.053919504573017904,0.06912661516471744,0.07899734469928076,0.133991182987277,0.05577255457334948,0.10188294235440128,0.05599336059145558,0.06953866770217075,0.07733540434150316,0.1853095471953829,0.2224506422409527,0.03640549747445084,0.048232115587924354,0.03799365676024903,0.1024315752378715,0.02879830846939974,0.16249500763538116,0.03702102666510044,0.049110771760836364,0.06417479149536004,0.07758956889463174,0.054551861858334307,0.03352519675789968,0.03743451192294139,0.0718900505109832,0.5316961736150772,0.009929204080555703,0.01823733251122301,0.01737819019077959,0.05469440733529788,0.0024043023773616,0.007886740651577961,0.016104736679239832,0.0438981532853581,0.03898453187344682,0.007002029791172795,0.012935999552873402,0.009285374461710013,0.010779814720712972,0.02807567525309776,0.09431810186451942,0.024241097603877573,0.01948376982140665,0.036192070492902545,0.08434073458439977,0.02904385028758158,0.009711190653834894,0.011198681563612667,0.016862952504179143,0.009198832673800327,0.009684038041989744,0.006025518732941076,0.033050631357252815,0.030619882322941362,0.0036148059135255096,0.005140494574050286,0.003375967439697602,0.004643250136972427,0.020579417385154758,0.011120578100783941,0.03043417746279661,0.007651333905114431,0.04528543914293023,0.07574971034773319,0.008483613957477541,0.046558780601573896,0.03705103898644277,0.21585300711716998,0.10292059766171625,0.008528022604142264,0.007222531411878623,0.03768800107363903,0.009833513796405907,0.07024206423459205,0.01377115230041113,0.005980053980184818,0.017791526428981328,0.010539171710573468,0.017898794128271965,0.027788106369151928,0.03057514246641631,0.009391455430270946,0.049981456637633835,0.21325011027408097,0.03595824929494336,0.14310665535946462,0.030632864995182574,0.06138165606897072,0.0349678269055289,0.09896864271726878,0.0027692155518779897,0.0064999182770168135,0.0015000250708522846,0.003002448719827458,0.006999964706636192,0.008499989777488478,0.003883754852980296,0.0003911966700425702,0.0006599516378119623,0.07803285489089853,0.13194142537127684,0.014748195470007466,0.036134572305650044,0.02714676843939268,0.03196133742636688,0.014161619513813988,0.06349622500622253,0.15508421139965153,0.03435327304405542,0.22598108354766447,0.04298431925661661,0.015172156309632458,0.03898614452833319,0.022334688459304735,0.02179208495810172,0.0399477308553887,0.029989214303492905,0.057923338587903425,0.024368207085372934,0.05265991869244172,0.09101302580270472,0.059041732348792834,0.04205840869493072,0.10554467767360824,0.057384883431510825,0.2344901684227993,0.37669210984817064,0.02006222517215631,0.023355181282668214,0.08368870820542604,0.005447606405044387,0.02733344395586161,0.09695262590226499,0.7699742802621754,0.2542080809756907,0.011620521688115185,0.00776331816679816,0.00992953894425661,0.0032025816814160377,0.004335925988564476,0.003161865428978628,0.008762318198867856,0.0018360384260761593,0.06150806159213968,0.02026449819606353,0.010600486001061978,0.006214358357352804,0.0020141317013966835,0.005201356064143778,0.002824714210301186,0.002819939245673027,0.0028389100510876047,0.0022766902293963986,0.00994915501516148,0.0027456046611914167,0.0030313927468416354,0.005344540476439518,0.008146347761835347,0.004124085328101693,0.007797130078489449,0.0028634946662677205,0.004993128890426628,0.004513890210786941,0.047357195810394416,0.010463883296767213,0.0025372484343762092,0.004024262756753558,0.0016227781815347344,0.00048136805575764907,0.0031930317521597197,0.03206046757098904,0.15337960704235012,0.014406003756606632,0.013918763784887328,0.03527311539405363,0.012549187781743076,0.01314403610330405,0.01351299752409726,0.01406601063037917,0.022773500161098855,0.035136281907118684,0.03041614987041303,0.010535564663277656,0.08353715591666107,0.022388664818713384,0.015289589667707338,0.018780994368190036,0.07473768906299526,0.005173072390503978,0.04750286489869231,0.022432359945058964,0.013504441608894595,0.04774587332677725,0.02529563316292943,0.02331336708901911,0.12986565453791826,0.027385993286790578,0.026178265781324924,0.021347355759462294,0.022021114912915207,0.0019677466009614167,0.000958863205930165,0.0020647381295421908,0.03420904551760987,0.007639845491923312,0.04994987500669318,0.004947139616923478,0.0042264677876651556,0.005422093222007131,0.013920094605803752,0.05004982010834468,0.016712269199701747,0.01668330512829845,0.019707097016872142,0.023763591438144275,0.03715282869996624,0.013999927814228546,0.013888451053249798,0.012360214309504262,0.04911556439450529,0.05113996409900049,0.032188000988670945,0.013199944992614664,0.018799367871940614,0.021123018717587788,0.021062254745414944,0.23082816725351868,0.19962518223480752,0.006560681506782035,0.05826880734956113,0.034175527067000486,0.07359904501826624,0.0315472925369161,0.027125923803241886,0.04276052798688257,0.07452231837415717,0.15587889434412408,0.1845224116340921,0.07721583485869848,0.033013174746659914,0.05511121695482058,0.010945320357043629,0.06243288101918548,0.012346258750973418,0.489444605632488,0.010547288379199252,0.02143031456166112,0.06335615163485203,0.006246975368643104,0.04406179554526089,0.02551237772216822,0.020414865675345895,0.009017020660558808,0.027290550741422455,0.03383555366617162,0.10634078474457431,0.03713817224188285,0.06443142732527646,0.06513037669285426,0.07202159786671378,0.13238851868005674,0.07351997747461754,0.06271883574689861,0.06927979179667411,0.026988913443115214,0.0292030159758222,0.03696588576345582,0.34378206205398115,0.018191133047037046,0.008575828345706922,0.04505113064640681,0.21430254054180545,0.05210411775259163,0.042981236022473134,0.3762668412152948,0.043219876725031366,0.08354280604371936,0.14281040584088073,0.09070486431075753,0.7557348266329329,0.11099418202042563,0.1551524834103066,0.24773033364776958,0.14301088080312702,0.1918688000368971,0.06982393161736163,0.05327788518081505,0.10094817878185738,0.09049207673060884,0.02692287287346294,0.045852442201813226,0.11610234100831948,0.006865438197301768,0.15524555632842496,0.05636182863520432,0.09686741164755688,0.0700443145224688,0.11700256802948868,0.11892713434695766,0.046207061207614405,0.03760037734310853,0.04412963599201057,0.0446100496718629,0.02549104101277027,0.018521323233617715,0.04023073185474337,0.009900060513314643,0.03820631133997587,0.01580404925221854,0.05460041680858398,0.14793120747775418,0.2119137100962004,0.002244804108691494,0.032560240596118395,0.23166817920992336,0.08618973396873716,0.15620841353882217,0.20352850827123853,0.3264617364411881,0.13329874011498788,0.08195686917536688,0.10177048091492144,0.08001411403308496,0.04365865157944365,0.07177311137707178,0.08095238095238096,0.08389366409168389,0.09287708990679286,0.11748449570231748,0.13495085772313495,0.020037295696369157,0.051222165344253896,0.08983418040879008,0.09121905736955647,0.061222530988335945,0.03816867161504991,0.17566912867015247,0.026033001895771266,0.06859113243316439,0.0795643595001354,0.03704975432351917,0.06086779897086702,0.16195786745076796,0.21904379618524392,0.14394089693809106,0.08600904824320324,0.06304173185066171,0.026502050653249336,0.10533313035977064,0.09047039123154209,0.022215456436799105,0.17526259704673466,0.16403972303206996,0.517264941690962,0.1980685131195335,0.1340652332361516,0.27920007288629733,0.17562567508560661,0.3822765610277388,1.1144715372417437,0.5330131225151105,0.2388251786822329,0.14443959276538046,0.05331739939788109,0.08652586583319927,0.06864615172477191,0.1408544572886264,0.022647480591405828,0.022548583296246847,0.04791573950452455,0.023265588686149436,0.004114400401404917,0.018751995621037264,0.004059663367239885,0.010783195730511334,0.007522929476830064,0.010488589651105539,0.010236680292672872,0.010557292203405356,0.010442787949572326,0.02333860006472369,0.016809122232586474,0.01747539548076374,0.01789419580818945,0.057508899506957804,0.03687995056457503,0.05409808437728218,0.02558845008707376,0.030223021178585472,0.013538565249143307,0.027742711151187257,0.027051397655545536,0.027622482717162607,0.027562368500150286,0.03683459106669386,0.028757903324495206,0.03712013053232714,0.0367530083622272,0.03388097588492455,0.3237907206317868,0.03162459455648005,0.03134254689042448,0.04932308560146665,0.030502553077129804,0.02959553883364687,0.030200214995968824,0.057944398708124886,0.05781774428471915,0.001659409306359901,0.0033748915776654373,0.004142390285358823,0.0031453428774192416,0.034621601763409254,0.07141807494489347,0.03794268919911829,0.06806759735488611,0.002661029523392139,0.0027125887606591565,0.0037409091039291003,0.0012546081068307395,0.0025063518115910895,0.02021314387211368,0.06532859680284192,0.04042628774422736,0.0314031971580817,0.005574862810120994,0.026965703813596302,0.019773822785070047,0.009399239231428673,0.015728710543472125,0.0016032628565702633,0.0018077330350686669,0.001493580178038007,0.0013527530352311597,0.008891067496824619,0.01105552890655337,0.007431264609363698,0.007393194606241959,0.007850034643702842,0.015185845827508074,0.022296678397531695,0.020320107988236993,0.021621751916309117,0.02212794677722605,0.06992337164750957,0.07040229885057471,0.05938697318007663,0.0722381864623244,0.07159961685823756,0.037867002587704986,0.02591499275290832,0.022173823960175143,0.004571831316809586,0.004341595207329966,0.0064795019382121455,0.3578996828380125,0.004389772173489279,0.0034836440058479533,0.013999299463937622,0.0037349232456140354,0.012468780458089669,0.035065676756139356,0.034113839710641546,0.03601751380163717,0.05501618122977346,0.03761660003807349,0.011876161300267465,0.0020256502124247904,0.0014997958611189033,0.002491327569303067,0.005060422331404892,0.0013427429853606935,0.001929596645459961,0.0020107065009208358,0.0012629963207479013,0.001653948225871953,0.0036396305355911713,0.006200239887422911,0.0025735953835837673,0.00018592555613171013,0.003646072594271199,0.0016719207803285983,0.003344583317880058,0.0008456032340614917,0.008996031598857694,0.0033690715956575345,0.0008845977533429762,0.0025479686239574468,0.0005474019811333915,0.003284892907873401,0.0031759727868580436,0.002068364722475732,0.001543184269476479,0.015617688542271635,0.0010466851518022556,0.00039548321899981657,0.00010730765103551882,0.00021500246136521272,0.0005593161269848931,0.000925105890837505,0.0015697498147695219,0.0008389939009987197,0.0019243637729250748,0.0007080319164522339,0.0004673122035509312,0.0026058395454510923,0.000565231668167817,0.14661852855745214,0.0005483490018545608,0.000864056164508743,0.0006619854328882772,0.0005448616330318289,0.003407744843442376,0.0012021277919332164,0.0015295714436651198,0.0038149884997683695,0.000659942620752432,0.0010931315577734251,7.507792192696443e-05,0.00033356320389124676,0.0009325668779455936,0.001599965643227764,0.0005742880678290403,0.0008241970360887738,0.0018550248876853647,0.0073327743389354294,0.008814759486866882,0.005195426193663581,0.0024103454093644845,0.0007015872643183899,0.007440179203835419,0.0017996815089032737,0.0008508262155398837,0.0009277604285152938,0.0012313610324075032,0.006321461499815048,0.004639787113052024,0.0145012670527635,0.003189991663400118,0.002658878478874172,0.0005402190083478677,0.005934691677421576,0.0007622430843062222,0.007998918126677863,0.01032348377829638,0.0022395874261466123,0.0026270150347496983,0.004162219596899372,0.004121809697900349,0.0020799212720085383,0.003933745808779687,0.008473427856805457,0.0044061050495977205,0.0015818469426716849,0.008921071292205313,0.006804669175803197,0.003253695521736759,0.006682224900080154,0.001157742170418045,0.0037175942358060408,0.0018088409432079886,0.0065304752403241,0.009424620749456882,0.0017314523873903274,0.037866313600805585,0.003512433319505335,0.001591742674968339,0.005262769334612991,0.004062562620627103,0.001462393353847121,0.0009574083462035737,0.0003227384727838625,0.0015539513029387646,0.001209926245698564,0.002358772324576414,0.0010419557869415993,0.0017946790192321686,0.0010615529374999571,0.0008847416670835666,0.003328574962838794,0.0025425186559876315,0.0043171356399130415,0.004567978383516551,0.008783896776010632,0.006148433886959706,0.0025475902149011305,0.0034645088336955564,0.002598381625271667,0.00266788566051556,0.004271570601299322,0.01926150397476079,0.009448099794516284,0.005450507482513129,0.0050893542829863634,0.008675153229608676,0.004685743299604686,0.00367025713560367,0.0038515939506038512,0.0047220106626047215,0.007203188416395481,0.004163771984350433,0.003967238290248272,0.0041226370251197485,0.00401751435153022,0.006069369752775951,0.002127906526869656,0.005856579100088985,0.005082794908500019,0.01274627020845246,0.013546810833290013,0.009492124551645267,0.010303061807974216,0.015938036076311276,0.008795548375516066,0.009371841018809814,0.008814443216279794,0.03515385124091867,0.009267919394609303,0.009285019660902288,0.008608515496173523,0.008811466745592153,0.008523952475582429,0.013330288729892932,0.004003653524128482,0.00487136550464302,0.006129801593342467,0.05443695335276967,0.09971756559766763,0.04072521865889212,0.021189069933123438,0.03525383218808172,0.02093627191873693
2026-07-01,0.884210373002811,0.5121057205416139,1.3117356107956804,1.0296979396895563,0.5737179487179487,1.0854112790339034,0.9127775037000492,0.4308488634594054,1.3057164101755256,1.0726764500349406,0.7951330838839795,2.5728155339805823,0.9971460526823248,0.49080487222354907,0.1418194893923049,0.5631532261174746,0.30496047839432544,0.3929962590150025,0.2588277597986336,0.3087864554308309,0.11208495287452684,0.6440129449838187,0.7516720604099244,1.0184106436533622,0.19560544542631955,0.12448584242231245,0.41058113386199546,0.3948590228453709,0.1710054931932171,0.11278295252501128,0.21147739301376078,0.2567012004604506,0.38009256012902315,0.47761881269528034,0.08974869304460897,0.1380994082212138,0.12259117693900302,0.19563198259161957,0.32596706390527974,0.5109672779575691,0.7796476087738223,0.24862670169572487,0.3405441413645606,0.6720604099244876,0.6678892484717727,0.1800517212745261,0.07849829351535836,0.17541206714048088,0.1467590380633859,0.2082223318533136,0.18278391047935885,0.021937181384640684,0.5925206760158216,0.13544679702263873,0.05129373816702896,0.2469756540148193,0.4082110993497657,0.061472882894692125,0.013894755239662682,0.06315268209557379,0.10778873369356773,0.07410536127820096,0.15494933900386937,0.20094962058870652,0.210737121134884,0.033314399180491026,0.14756016448438417,0.15789626997189007,0.11789665836476888,0.030736441447346063,0.048422882166455475,0.3016519243160916,0.5080253060746295,0.1701423466697909,0.041697703452689444,0.010017450542225765,0.030176498770768417,0.01895604491678644,0.03580333693534906,0.02729663473811947,0.05737171753202472,0.11449339222454195,0.10501624404181135,0.12889795804176238,0.04406349339572164,0.2907108239095315,0.9124394184168013,0.24579967689822294,0.19041629230308477,0.048841983935453664,0.15619709685552716,0.17493516553837862,0.08776039736081251,0.028289717547631404,0.014471050485580846,0.06857933624928954,0.03709195146662713,0.0414658857834779,0.019088767668460134,0.052479276688465186,0.10527870042378085,0.05977918133432321,0.16296312651190134,0.018494011732285313,0.11787139915079708,0.08690378069918428,0.06460622622858347,0.18594621533035596,0.07540040033187569,0.22682825981593496,0.39207605757988157,0.022856157087818355,0.16185164868653623,0.3138523191320778,0.0956451514597428,0.047906381422563545,0.07727646736149206,0.05852684829645883,0.05658600995382487,0.06759068997038854,0.04334289129704432,0.04378823511028119,0.059289325030666216,0.1558508020095163,0.14143963247415833,0.07030181809658491,0.1422912548538569,0.02270081490104773,0.1133985983389457,0.09122516426936268,0.04065520231891304,0.14061926229187988,0.03467821956231297,0.04112789180489253,0.048151823175067,0.03257622624834291,0.07894829871851525,0.03404919723081455,0.04010016202680807,0.028717042274267197,0.026899396081897186,0.12761820592134335,0.08559139784946238,0.020438945352776548,0.18842539401973782,0.11593460008837826,0.030693769332744144,0.07792605685667991,0.01503019590514067,0.051097363381941374,0.041063485049344525,0.023493887170422743,0.024015318898217702,0.026572396523788483,0.06289291500957431,0.06656355869789365,0.0740933863602887,0.1329463646300554,0.0543741283781237,0.11534431419848479,0.054992273189853384,0.06537258301609439,0.0751875164901436,0.1928837963137462,0.2133805736685387,0.03702298223560942,0.046799326423641575,0.03863577069942841,0.11519104428053031,0.030832720631833597,0.15099494817731185,0.034760334890781015,0.048924412399497186,0.06582074330574199,0.07508004648625571,0.054132770438536155,0.03190475061072504,0.03723169603680952,0.06342527808742263,0.512939712288151,0.00911050006343009,0.01730065781446578,0.01589388348094633,0.047657409644444045,0.0021307661789148687,0.01193285537785416,0.024704697900501466,0.06983365610291005,0.06490767935086976,0.011100280873658155,0.017675375032597588,0.012988803529517385,0.009809993664082467,0.023263139909873356,0.07817917120503456,0.017030447999202673,0.018039444689037128,0.040708013431012026,0.07838818659496716,0.028013844839854377,0.011190594153302518,0.014290854290072614,0.016449656120571036,0.01044455454308235,0.012511394634262415,0.006132698490792905,0.027614960795561003,0.03028185123579335,0.003500053328106218,0.005072223551421266,0.0035502105739545525,0.004999582022951264,0.02418617544945596,0.012349417893174877,0.030246010505739416,0.008398135815115693,0.046243861129808446,0.08478737412527329,0.013914930662689434,0.04571411211501819,0.04534955365322705,0.2231980701186429,0.1038659336256763,0.006354937617528791,0.00562796923662955,0.031552420475139176,0.008865411978768079,0.05982409434570355,0.011632643754452538,0.004818991771116477,0.013958789285321486,0.010386029024317994,0.01528856276013454,0.02412944865752278,0.02499820844639921,0.009513053815204408,0.04402623217691582,0.17383741584009302,0.033966706610966915,0.11715572567118113,0.02415780693911822,0.046731382309107575,0.025716745986824132,0.08308899863458706,0.002438334332216147,0.009609468906842738,0.0022686219100201896,0.004904605296199446,0.006195131199630358,0.00948799164286647,0.0031871825477873352,0.000453682529372177,0.0005989111619295067,0.07286665750937227,0.1267525888899684,0.014747710955586007,0.028982836773460825,0.028238248231916296,0.031961190939638916,0.01610455396717445,0.0662734055419499,0.15435764371647678,0.038015055932084145,0.20413703109348147,0.04026222247535068,0.014708345757101652,0.04526327779769303,0.021242968705504763,0.023856147838934357,0.029816206400948786,0.03933923420450472,0.07253917256027902,0.024153480721103432,0.0511286923718621,0.09865170007404007,0.0718456750210227,0.06246419442052752,0.11148056699286736,0.05973710747871767,0.2015062632543461,0.3850117425549522,0.02613765423619789,0.027673734534502344,0.1089586816176249,0.0072649730139001025,0.03412711441369306,0.11949096610572656,0.97553494792068,0.21630674032704944,0.009578757721105419,0.007580378629832894,0.00934697571158223,0.0029951647231583043,0.003436646278682814,0.002933333825297078,0.009030441766111827,0.0014146193847020632,0.05187880674417444,0.017391533315141854,0.00909763954118343,0.005333334227812869,0.0021213141223727387,0.003980601645942973,0.002290929804209052,0.001953655114519376,0.002424207254933432,0.002016995446596022,0.008848471085697456,0.002597065425084348,0.0026415098769827887,0.0035927329575512995,0.006212272180954105,0.0034975267920380362,0.0077828105296118295,0.0024571911877888783,0.0035164785771871826,0.003341887352937082,0.04436361331045925,0.009127940035433688,0.0023563386202105304,0.003624990125784507,0.0016319220067514198,0.0004782111214330323,0.0027621528042744044,0.03003958575087392,0.14041852809255537,0.011023677600057739,0.012145466746968567,0.032967273174105916,0.010909072409627798,3.472242474742214,2.868034579731278,3.5229663576710757,5.749192792417456,8.528069992709092,8.437454431830018,2.5518175190084365,22.167482553900637,6.774815123424643,4.064889074054785,4.4839079262576815,0.08545593897399371,0.005173851249109654,0.047465674512648645,0.022057592636965506,0.016782808207262592,0.041766642486468386,0.027334018256596763,0.026901564710477683,0.11222128492041869,0.033804409549099475,0.02795520864447559,0.0223415184945693,0.030380887358570457,0.0029477365768644805,0.001962416745956232,0.003728198547427872,0.037863071528404096,0.010685023710599125,0.055656031377693545,0.007069681704036046,0.006198767659009742,0.006976488657619712,0.0173636998068449,0.0371544706920978,0.023450206788457984,0.022441171591517955,0.02868105382982902,0.030108266008706284,0.05248037295762071,0.014983520756098889,0.013787126726446396,0.012553374209360655,0.03923886463405747,0.047805488653627784,0.02707983001427002,0.015138950512456981,0.022510564150057515,0.01844955820129491,0.04165794199933401,0.19310002573584692,0.22870358669152313,0.007180209041491904,0.6636622152553784,0.5220611139581386,1.0716446105768747,0.36601051055577327,0.3943066148172711,0.6005184939559279,1.219385243018921,2.5079130618273897,2.505883298666586,0.7352364875048986,0.0358231849264625,0.05281686365270411,0.010929748136660509,0.09400870113372083,0.012734536412647515,0.5287459656096973,0.010547683826828365,0.02135957411032025,0.07095240618573133,0.006346704207534015,0.04161428511226169,0.03050014666139826,0.020312290725867523,0.00833028397235005,0.02950877402336652,0.0338362417304359,0.10875751715220457,0.0428819047725208,0.06950836849233377,0.07152260301076228,0.08133293947821628,0.17967484659157412,0.08597671424510793,0.04105939595258133,0.04403207751835897,0.020788930437484764,0.017783107087944013,0.02697385673012165,0.2099264947964138,0.02546815319013657,0.009638200411256825,0.05357190571319446,0.28554498458888233,0.06310620861356524,0.06620057319266656,0.3542416395577596,0.08213687774516568,0.039425354834687565,0.06648344797489662,0.0428035576983022,0.36045333638120575,0.05767232601151265,0.07037727811142745,0.12101655202510339,0.14608136254986204,0.23330054031619646,0.09434781606191732,0.058326095811973046,0.12487030105526906,0.09165392094320916,0.03558788594994483,0.040428903613755625,0.10784893010243764,0.00890023735306117,0.1711414049452239,0.05487458071310426,0.06173369086231232,0.05478510329222001,0.09563650429568633,0.09998510816250647,0.02508103875717782,0.026674184390919165,0.032532577065259034,0.03430367547408024,0.016245215177685846,0.01607607372149657,0.0402306564091211,0.009359087890192606,0.040200215851228696,0.021527700907682093,0.05736038853221165,0.12282504604051567,0.18044567219152854,0.001954732590249965,0.02826706543729661,0.19615411220553686,0.07795613471255328,0.15311579711507897,0.20120485091282836,0.258307732126982,0.1193297547910829,0.07238483208234399,0.09284704170089539,0.07209599795940567,0.04003427428952254,0.077545580044747,0.09157753276380401,0.09177893083257961,0.09526861009700065,0.16173363457602047,0.16120267603106658,0.02089225814488929,0.0606235379341211,0.10140681305397013,0.09472110588702123,0.05419160157061058,0.036459943432180904,0.1661460520184007,0.02675731118752911,0.06822618847057191,0.0885022842815662,0.03760393233373304,0.06375177143310176,0.16179749670488666,0.22883447134490173,0.14308497474863205,0.08520856094129484,0.057754128382680056,0.024176877913054416,0.09892035056419499,0.08652829251694424,0.021289509743514283,0.1394807750669033,0.15011103518961394,0.4629740348479672,0.18487359070720874,0.12593952852750256,0.2222412025965152,0.15123217783446455,0.32856557190361224,0.9620780758894001,0.4933266523937503,0.23507037762492597,0.13827267343870997,0.05719036122625609,0.08263107547943334,0.06420534778845716,0.13827267343870997,0.024308043414802433,0.024308043414802433,0.05177400950030518,0.023830374439402384,0.004374274797671584,0.01852634031955024,0.004267466755997028,0.011370201527354996,0.008256484515915962,0.011495566902929147,0.011038284683586108,0.011559078322282345,0.011330437212610827,0.023650262780697564,0.01747889791368052,0.018135849657588788,0.018295110686415032,0.053531613314222015,0.038105559135375784,0.05588424814012066,0.026477652158631595,0.032921328568918044,0.014000351473258742,0.02856440057805245,0.02761122897641669,0.028010946099683298,0.02782646127356025,0.03467866019647295,0.030693967727936245,0.03538880340868742,0.03503373180258019,0.034137305307727205,0.3303719945561773,0.033948283683653414,0.0338726750340239,0.05235898986844095,0.029633283999342213,0.02890971879625061,0.029666173326755467,0.06530025170801869,0.0693994965839626,0.0016716150669170591,0.00333623592853321,0.00428395074680627,0.003108924256253694,0.04525306978137167,0.06930218628331837,0.04037136867325547,0.06489967056004793,0.002692590955958168,0.002807482692590956,0.003814994844601561,0.0012785388127853881,0.00255118574164089,0.01899565524906537,0.06133171668182277,0.06540702569802297,0.02950389006769728,0.005312971062841328,0.0229322657968221,0.018429831714730522,0.009424963550547361,0.009835174339585341,0.0017359697626634027,0.0018256661335482366,0.0013302661774304613,0.0014834399800184085,0.008975156865153237,0.01071199728619351,0.007199125551241944,0.007010666767178019,0.007025743469903133,0.01586534794436958,0.024357377132541762,0.021230072970430447,0.02308611527802497,0.02250133482494724,0.06544327132562426,0.07583375230434054,0.07683928272163566,0.07583375230434054,0.07415786827551533,0.03369750716157737,0.02319132077771683,0.021477113427195712,0.00463439508573868,0.004492090221284065,0.006479614828166876,0.41866091122548205,0.004523755576563977,0.0035822831292825273,0.0142314694001922,0.0036877592955754696,0.012387589752404466,0.03316373220103225,0.03257805922617958,0.034810937442805376,0.06566858230535526,0.03393242798052637,0.012226250683792522,0.0023602457370535956,0.0012702178358946431,0.002032186932108796,0.0035019873414550784,0.001912035671382095,0.0028739317609538587,0.0029380581669253094,0.0016683553286905813,0.001595536177173487,0.0026921799185448893,0.007002886449092855,0.0023703138309306413,0.00018756118799411609,0.0036792740582583497,0.002392448399493205,0.0038968079721322818,0.0008731126240403998,0.00956979359797282,0.0026254403677072754,0.0006978436592606843,0.002361784992874024,0.00043188896429807315,0.002592483445853119,0.0031760177160144332,0.002059553682404929,0.002178486835272558,0.01761969533011488,0.0007710413592242671,0.00033939907858544994,9.213139211148436e-05,0.00035527609033281736,0.00046546478805838516,0.0009248465581762896,0.0015695829316307785,0.0008385194969365967,0.0019124764336178103,0.0007081233764626552,0.00046834687528440823,0.003616394594854388,0.00025002360481885986,0.1746673083996001,0.0006060558546256753,0.2077908551192584,0.1657119050098948,0.13102801791480054,0.819914592229976,0.4877616914904697,0.0015304096081823163,0.015158850773164574,0.0006605789461591233,0.0010930324922782014,0.00010320355268100426,0.00041329090149852516,0.001488347770707924,0.001559832154311769,0.0005742137883258877,0.0008241928030027,0.021433093178187076,0.08888754911122498,0.0653644027773591,0.05977752991890996,0.02567348948442006,0.0007144659028766565,0.007709008083171507,0.001747002203467551,0.0008503440388504583,0.0009150169171732361,0.001230453665637881,0.0057517709546713635,0.004640430714011025,0.016646695239740727,0.0031902264481142332,0.004930248630331674,0.0006081967135824537,0.005425949861151991,0.0008560553964156132,0.00799932846965799,0.010000083018860963,0.0022387419506296057,0.002516393918960678,0.004170813440836952,0.0031852033481896028,0.0020818008298356195,0.003957466517878955,0.00804782573858051,0.0044069565421318724,0.0015940452111591458,0.01861562772615603,0.00695130903877553,0.0031410847526050127,0.0028937470127387214,0.0011574261301687853,0.0037181606711292146,0.0015444984563382168,0.0058048376435940125,0.008647016005555508,0.0014792379581830806,0.038004200098727424,0.0034388431350450325,0.0011082494667462547,0.00603229090112338,0.004354752568801894,0.0014816980893179062,0.0009702132961929051,0.0003265865574963171,0.0014448396287261543,0.001204456234140198,0.0022015394694298346,0.0009014377296973371,0.004295583547618766,0.0011774961257471773,0.0009609530661943769,0.0033283982731901703,0.002490591100287802,0.0037790055248618786,0.0037495395948434623,0.008025782688766114,0.006480077601631683,0.0027308492087648882,0.0033026207618500367,0.0033737366266616223,0.002836100688686035,0.003882380743391513,0.016729872575387585,0.008458713600336098,0.00488017134990566,0.004553826301910432,0.008586881295978264,0.004236683010425096,0.0036654448517160947,0.003958387497207891,0.004870171481301105,0.007156336656961856,0.004147999132565254,0.003963438548246444,0.004226437380900748,0.004018806723542087,0.005683451098536276,0.0021604051255116096,0.005609125234126473,0.0051631700476676545,0.012836071234768882,0.012273691480440038,0.009777514676138327,0.011168664594741256,0.017325242957920182,0.00836823918682346,0.00900983474331595,0.008377404837630496,0.033784588874733054,0.00927563861671998,0.007647627506307525,0.007647627506307525,0.00810349841624158,0.007938441707472352,0.01196442858587995,0.0035911678422645044,0.004340668941226238,0.13159951811217685,0.04953877690468056,0.0925862658011616,0.0381790228903314,0.020452785496287523,0.03949346330797613,0.020566665148271306
2026-08-01,0.9119715140179437,0.5199891977315236,1.2488798566216477,1.0247520340213143,0.5136510401765644,1.0517155395970474,0.8753515468059461,0.42724538530923367,1.1984187354493696,1.0405058964279612,0.752196145273371,2.25710302708444,0.8837336886241625,0.46699881998164416,0.13920605416887946,0.5590736314118891,0.27617935095692253,0.3744268976057055,0.2222517259691981,0.30753900616231805,0.11032735328944857,0.5999734466277218,0.7142857142857143,0.8945167286245354,0.18565622131899828,0.12403304051396354,0.44063044309443905,0.4080523032789619,0.1625278615445129,0.11060705388750491,0.19867549668874174,0.2575331458417035,0.371683405786239,0.482154814517209,0.07512783532188277,0.1315851579913465,0.12308415416683696,0.17500983348629864,0.28104549551314706,0.45067711099309615,0.6836165693043017,0.23736724793496786,0.34515065207615053,0.5703000531067446,0.555894848645778,0.18215140634350688,0.07461889989659429,0.17888235731825286,0.14072015367638044,0.18126422927547878,0.1777289976932808,0.02216418909870095,0.4291024960169942,0.13045182021239077,0.05643831509518814,0.23096956618796044,0.37893444452712255,0.05532661858990388,0.01388291541223657,0.05983756588883666,0.10336170595825124,0.07544084257694116,0.16358435271406996,0.19908180717950769,0.2176106982466318,0.029891277168205325,0.1541823782994429,0.15219196031166546,0.1217155602676562,0.03228678022384701,0.05165584772802289,0.26770926422400954,0.5128090557044981,0.17313077152219244,0.04033357829581871,0.009849007144318259,0.03069102149356405,0.01753502079655739,0.03825202851666376,0.029346253210397518,0.058978506435947355,0.11004939655890841,0.11000962172236407,0.12961103997939283,0.045553552082307394,0.2947396720136213,0.9874092660632673,0.25459270543955553,0.20446663892356776,0.07833171250848639,0.16268188407126735,0.16517952744664144,0.09773606277258493,0.022915285085702394,0.01687424668541583,0.06266125167604931,0.03671576623892113,0.03449394201958497,0.01603887733670252,0.03476736712047581,0.08950923290253818,0.051865119538976726,0.14007022747798273,0.014911425273755823,0.12120434961017644,0.08122477480999382,0.04954854155601508,0.1840532313855959,0.07542281260363054,0.2511289831198488,0.46908001693137663,0.02204583873672518,0.15937022871914255,0.27265649801212377,0.0829541503529803,0.045607776148508715,0.07644631222506085,0.05763329352541912,0.056970823503244915,0.06923162468523858,0.04188213426113481,0.04733137923090976,0.06324619307485166,0.19335287435756895,0.14388072031710475,0.07145183455266146,0.13489661527218422,0.024616924433429447,0.12307667866136039,0.08111510934235715,0.03922900332832892,0.12332689909364597,0.03262000651367474,0.03796201415532731,0.04862617067416534,0.02573703190308515,0.07122030495674202,0.029372400936857702,0.03514278582391961,0.02348517438618294,0.02377196756050539,0.12907286139923202,0.07289326514028965,0.018283064863056257,0.18703163753591553,0.11368959418765832,0.02582997413550446,0.0706307856539681,0.013258873327703688,0.043255314967948204,0.04080164003207835,0.02114303012921626,0.019528490777475052,0.02291689902224771,0.05639734663203904,0.05543074741487819,0.06120644328664978,0.10115994236311239,0.05136167146974064,0.10855907780979827,0.05046829971181556,0.06131844380403458,0.07236311239193083,0.1910086455331412,0.20154899135446686,0.0350422042825272,0.045433427631730264,0.03821155040364314,0.1257158628303319,0.03203385542445779,0.13759286092136436,0.038804940316014634,0.04940776006807884,0.06730605579705146,0.07739368430736678,0.049196163665217695,0.03288484095770372,0.03761356056947032,0.06335012304790819,0.5286813437952312,0.00870908476754628,0.015655096845418073,0.017337430692294382,0.04986859341401725,0.0021494657230657693,0.008179709535206553,0.017034638516733158,0.051314269289718925,0.04115145388957713,0.008803544861949338,0.01080431401798926,0.008738511835609357,0.009491982327682943,0.02825345843571148,0.08111130442318874,0.017553958323497057,0.014576344934707487,0.027164316540938732,0.05443825502110644,0.022501167895275627,0.008710727940271222,0.012520511951321112,0.0115044008992372,0.008761322681453822,0.00778062794819773,0.003991925079307257,0.017474580358784172,0.018424918247330706,0.003002483120722043,0.004011062505221616,0.002366414909404422,0.003707024484104324,0.03085016835016835,0.012332606366697276,0.049402165595347415,0.008921602387511478,0.04198997551270279,0.109700221916131,0.020583677685950413,0.043926002448729726,0.06572447964493419,0.21827364554637282,0.10818220079583717,0.014652446108170904,0.014417677810765457,0.051041532206015226,0.019096908480702206,0.12604153220601522,0.02430537627468697,0.009999838647218278,0.02757519039628243,0.022308635600877758,0.03337985671872983,0.04455515038079256,0.04930537627468697,0.019856880082612622,0.09492384148702722,0.37871272750742224,0.07249983864721828,0.27491448302568733,0.047395766103007615,0.10204433974441718,0.05625,0.17361075254937394,0.0020322017050590827,0.011284691565925426,0.0025707978824283232,0.002776790626718692,0.005459440250033445,0.012208496283538785,0.004000096565687702,0.00045373222693231787,0.0020644605483307577,0.10112007777169249,0.14113081188549942,0.014709617749093466,0.030065645181842807,0.026731487662098197,0.026977055831737703,0.015836193372697375,0.06893461388835678,0.15524043317887573,0.03723269145245556,0.23429819401910704,0.0374242515023118,0.014708773872221853,0.04244700664215486,0.02124797575035422,0.02576693639784406,0.04178540717480994,0.040609886692652454,0.08698429629529615,0.02732726473345727,0.05139210148125707,0.11811069470475702,0.07268480270580681,0.05806801141259081,0.11223140454022636,0.06439033693471853,0.21807803666982556,0.40386259321674894,0.025456389709090328,0.025333183685834766,0.10319854650647635,0.006632028334009841,0.03351288220238362,0.14478817424707197,0.9755351656150555,0.2584296970397643,0.03318369227270011,0.027821864814175874,0.040492716804453384,0.008224989735869714,0.011962675188946737,0.010552296948517437,0.030280051735071718,0.006203968026029449,0.17753225249953258,0.06360059907825219,0.041096035636289344,0.015612850498364486,0.00711376511429326,0.014470785297524852,0.008213039011405231,0.007168892649726194,0.00972885348219053,0.006902121639099686,0.029696393772516035,0.008835633205280679,0.01009894043334869,0.01249930126812607,0.02015759536003485,0.012040547651586266,0.027076679317729287,0.009716324496864862,0.01368589255527692,0.012329870835798973,0.14426201385127518,0.039986160290055646,0.008063654955599204,0.011199563605803426,0.005790511510282443,0.0016592231643590845,0.010637108541491181,0.10414632312831416,0.48736943351638506,0.04473040514883471,0.042856647204976124,0.1122990302565358,0.03359849806378988,0.014067935242287595,0.011278083596086749,0.015016221075304141,0.03545767695213323,0.030322164759106388,0.027724456845459548,0.008756102918211195,0.09896344107573364,0.023886479975797424,0.014378379233708188,0.02283835475233615,0.08545623509724615,0.0051740046365960374,0.04277689771378114,0.02188493172430443,0.01807677171213419,0.04980454862638362,0.0303172860369671,0.026332194578291338,0.11826296312219516,0.038217192445192595,0.033221772820022685,0.028270999447709316,0.02913002642396743,0.0022895377884662315,0.001462323267730304,0.00347756829788839,0.02244733276511706,0.008680357371194339,0.0441951181536225,0.0066405066671292,0.006944245559785132,0.006293203630506679,0.017439876439179818,0.036023412500408414,0.019183551470027666,0.02098147999498206,0.021036237703717837,0.02590211056176367,0.04885582524452309,0.03236004282639325,0.014599822300208556,0.01282979482737469,0.04336404664805404,0.05548006825456425,0.023382578728814506,0.016492529545378505,0.01965989821296465,0.016200235693865642,0.032116077370043086,0.20111304011628559,0.23987613060562915,0.009879903938020693,8.99484396200814,7.877747625508819,15.767299864314788,4.55495251017639,5.015468113975576,7.750203527815469,25.18833107191316,39.88928086838535,32.22455902306648,9.749253731343282,0.0310243341043644,0.04537711152202442,0.01263387851370684,0.10638124870641912,0.012527549008235703,0.504127518076016,0.01234616338125553,0.021695980696386917,0.06805162136991297,0.006237379158130248,0.040679911295461814,0.03062986691378697,0.020130754757324867,0.00625460252460946,0.03140491840535151,0.03383546889758164,0.08483743768229228,0.04438806509905133,0.05018547906158714,0.051007584257359365,0.0703787187063748,0.21246814623140017,0.04857833078952423,0.03866926775359755,0.04508418294156981,0.019618341179079124,0.018784979232876364,0.02045519486527994,0.22209270453303506,0.025571910009770882,0.009677533649581025,0.07107278904886906,0.2674578772209257,0.049830115610048034,0.06349759095472192,0.3806441169509186,0.1200169762196897,0.0633966940789173,0.13041260951343409,0.13059357058121407,0.5034117558890032,0.26747873707453584,0.18700224282050673,0.19528441047819417,0.0988659931610828,0.10667241444935915,0.04137341320036717,0.03580915827145172,0.06647098240169387,0.04190717803048744,0.03848123706279735,0.054793395218927135,0.1301078180510805,0.00874024987500165,0.15133319743248821,0.05550586047039948,0.06893842582291541,0.05715562784158595,0.07996510842576385,0.0889587464237121,0.026166711626652277,0.03360184618171579,0.033898188276667345,0.035789461248102325,0.01694958640094987,0.015489026291315171,0.03644012524063489,0.008967497163523129,0.03712391031618904,0.026418222651280347,0.04896987115418249,0.2538288685568789,0.371712771586996,0.0017412907264636713,0.022887045924956714,0.18368220245782835,0.07130197788067294,0.11984874034887853,0.19999928502740133,0.24939674186986785,0.24099223897244137,0.0686302197468282,0.1018549964072627,0.07806428318634688,0.03200260930863843,0.07848968726874828,0.09509597275657325,0.08422736056506963,0.09056475399199673,0.1697453469082849,0.1657156484868465,0.02441099354742734,0.07002528962195734,0.0895364189151496,0.08753742306190379,0.05501887423991669,0.033815571712814026,0.16506592037488146,0.02164415843378954,0.061696727997824705,0.0897217438593311,0.0341339617511103,0.05851536300190339,0.16578899664642435,0.2168857065168132,0.16886816416881373,0.09245813176143051,0.06101721130463924,0.037722230337609665,0.10520550754630795,0.08920397870813174,0.02141771774291281,0.13692889970262231,0.1489040428641013,0.4720896249391135,0.1865562591329761,0.13205065757428153,0.2515830491962981,0.17066410537870472,0.3557903402854007,1.1669045005488476,0.5129253567508233,0.26693194291986827,0.17480790340285401,0.06377607025246981,0.10688803512623492,0.08254665203073545,0.15754665203073545,0.02407237445915825,0.023600367116821817,0.05079323456142651,0.023600367116821817,0.004445933646065674,0.02392502425509357,0.004310905290110923,0.011622440712549635,0.008225212951527268,0.01106456664841671,0.011102764231782938,0.011573867759966387,0.011217356981881614,0.024890669064454165,0.018208198798381495,0.01843299137613929,0.01861691257612294,0.0597948256835738,0.038456955615132564,0.056419422103068224,0.02660113196306226,0.028269288054810843,0.014119749776586239,0.030454651589445946,0.029620734514159912,0.03015444144234297,0.030021014710297205,0.03717235226645142,0.043884617018564935,0.03785207527932368,0.03768214452610561,0.03363345487015403,0.30125009301287303,0.03307537763226431,0.03355904457176873,0.048031847607708913,0.029931699477701888,0.029195125217624216,0.029998660774072587,0.05967870419543283,0.06014338821030272,0.0020171524247497973,0.0035873114483343815,0.0046063048798042315,0.0033429803095618702,0.041649327229851575,0.08059370231654875,0.04705923151616035,0.07910251075045081,0.002440397474095672,0.0025067847829666097,0.0028227883731922736,0.005433137357997546,0.0022837234251602587,0.01998715111713898,0.06452994503533442,0.06196016846313084,0.03255050324791205,0.00516489420921936,0.020833837559962633,0.017082391437989806,0.009700513585075538,0.009560136891479136,0.001100718663516,0.0031952223928252204,0.0011123418806597803,0.0011611593926636578,0.007502786666310221,0.01015850144092219,0.006837175792507205,0.007615273775216138,0.0070893371757925075,0.015900697578990562,0.023568937217890846,0.018234509643003695,0.023286828067295855,0.022363561756257696,0.06951919626838894,0.07777179763186222,0.08100107642626479,0.07920703265159669,0.07777179763186222,0.03318166014119212,0.023907423924052547,0.021148584299557075,0.004563122426918743,0.004181328917408404,0.0067940845005634905,0.46220934244117856,0.00462709212083661,0.003642097403267958,0.017026904654100037,0.003761249990070618,0.01237995376879632,0.03450902719585587,0.03309971813818846,0.036032604555496305,0.06528528986059266,0.03363297021406262,0.012881964755023522,0.0018438115324726683,0.0017729590785885531,0.0019855164402408985,0.003793901745771509,0.001500576867029942,0.0024881154151555856,0.0026430706507557886,0.0011673829666460863,0.001161149310140704,0.0019622327121985605,0.005413637306538359,0.001237041421914606,0.00018424033695915883,0.004449130513300876,0.0047788721021333825,0.007494003896341701,0.0017035238178145064,0.01815190929748779,0.005689299083516199,0.00145862914676649,0.00531254033819543,0.0016667742351878145,0.005416612882406092,0.0031755086678812872,0.0028691813634856168,0.0021780462056342283,0.01815938640024911,0.002726114453244718,0.0013273014300391097,0.00031515216934562077,0.0005734420206747533,0.0015927231653228527,0.0009251340866597003,0.0015698692160872362,0.0010601635194265992,0.0018861543739196124,0.0007079921609940113,0.00046518368831422174,0.0036951966736189505,0.00024074844260485006,0.18945786266898326,0.0005616891267906309,0.0007459697852096797,0.0011351550317357398,0.00047018701613216174,0.00743370193533949,0.0017511452331588843,0.010674588345013015,0.024268545557367127,0.0006605991857846331,0.0010930064125247623,6.726223154100495e-05,0.0003471013507708232,0.0021266764632207696,0.001360165506165588,0.000574364388664389,0.0008239061983025581,0.42740841248303935,1.191316146540027,1.9271370420624152,0.7818181818181817,0.3138398914518317,0.0007295227567885987,0.00848702780033252,0.0009153589160537319,0.0008498261070108764,0.0009107380128519921,0.0012295803337720392,0.006573472282588554,0.004640626596900035,0.01836821103395452,0.0031907115590012096,0.006573472282588554,0.0006125538795306161,0.0060410486050260755,0.002287367490082623,0.016902288803274282,0.019397031147431357,0.0032876555290341333,0.0037871498933456705,0.00417762423701346,0.003554134440897049,0.0020863860881716466,0.004038522503293237,0.007958901978698812,0.004406734940209782,0.0015683959376776857,0.018907808789002455,0.007111512543086679,0.0036468946304543583,0.00404146384708607,0.0011603819454375334,0.004746942761300445,0.003752976269506183,0.029211697956221177,0.02777777777777778,0.0034276888216185596,0.10234383989661612,0.002970620437700384,0.0010857694804147936,0.005925387109854598,0.007154289354521355,0.0014842603495085766,0.0009715896240718937,0.00032758188786557584,0.0014629318876124091,0.001201325244180543,0.0022210748246633103,0.0009818854610386817,0.00433458112817865,0.0009698004395671003,0.0008302653502804277,0.0040338899794233095,0.0018657293612765503,0.007492848432790606,0.008827296362479005,0.016665260639154543,0.006301789083773939,0.002851273875586351,0.0034449408702099016,0.004102712751576841,0.0026589592153561862,0.003585587582355906,0.015693648540919668,0.007693105161744676,0.004615148124448131,0.0038894509367928477,0.008090961060277135,0.004106855397305819,0.0038823987402370123,0.0042190837258402215,0.004257662213773924,0.007112706175502539,0.004197891291816204,0.003965449913531807,0.004272272532867211,0.004016587016754375,0.005401975890510288,0.0019622949333816734,0.004912535121907006,0.004563581981328741,0.012428695212650732,0.009738970322766985,0.008899559534984475,0.008529496714564226,0.01573218282908513,0.00828283194832529,0.008500562470515657,0.008464274050150598,0.03216968465362703,0.008727365097797292,0.01021679541490157,0.008034233568488619,0.008953659228198012,0.009168478307569365,0.01203493954563675,0.003617007392491913,0.004493292688611088,0.1324029793700068,0.055869459327812954,0.09459327812956649,0.04271797369702873,0.024368825466520312,0.0393523600439078,0.02450603732162459
2026-09-01,0.8928130036285977,0.47595436074391195,1.252691537305959,1.004616541743393,0.5395758631287777,0.9754901960784313,0.8342550529988809,0.4140005502001911,1.230252608584509,0.9363224992385676,0.717431934131434,2.1921612394957988,0.8405453013709122,0.44903268171945243,0.1639311974789916,0.5669372750248909,0.2693884576865298,0.3533353756605652,0.25656512605042014,0.3014598171440117,0.10046165417433929,0.5863314075630253,0.6752232142857143,0.8708639705882354,0.1929332727180886,0.11304743142900439,0.40715799975059236,0.3774071362638062,0.1576248926605041,0.10653129262009395,0.19389262240602614,0.25502008032128515,0.3659660559739238,0.4618803081177168,0.06629792392786786,0.12522099307975956,0.11394324352013113,0.16926807091983634,0.2991498812897297,0.4340861344537816,0.647124474789916,0.23142395312421074,0.33213442733505677,0.5538996848739496,0.5904674369747899,0.18666666666666665,0.09332526975841104,0.16970681633557344,0.13953488372093023,0.178517348080848,0.17317775644339414,0.021792086378300088,0.4518119747899159,0.12016542850578234,0.05440035967179948,0.22350638800679418,0.352817369470497,0.058512373814773436,0.012798963822782058,0.058512373814773436,0.09335482148683522,0.07659603919281004,0.15319207838562007,0.19519779317981828,0.20179749063189015,0.028509704274231027,0.15319207838562007,0.15507064395250197,0.11808762025291425,0.03094689591758041,0.047339852285423326,0.25000729735252053,0.44151901690066847,0.16810181266236612,0.04150877223746855,0.00830140373335204,0.02943368433973679,0.0190157207614004,0.03551331398560319,0.02926008083960966,0.06037719305936714,0.10286796489351442,0.10339578967672924,0.11002954766643579,0.03924491245298239,0.29163763066202086,0.9008710801393729,0.2526567944250871,0.19126200901901838,0.09591042758771849,0.1810991981588705,0.1646680511824211,0.08514301275275894,0.026987108774618178,0.016089800100618945,0.06131293876552555,0.03443198759340715,0.033375027116344116,0.01412931004244274,0.03774137114595391,0.07177557964151672,0.059043854572240345,0.139247693710758,0.016982575677856118,0.12608090782618184,0.08535185635182016,0.05073752565700016,0.19205137087226043,0.08188783819416079,0.2577177807535015,0.5054519509660474,0.021138266026254154,0.17679535315527,0.335918565196316,0.09689690018649819,0.05447883204482529,0.07832102335746033,0.05374762769374861,0.06264966394299178,0.06721525772082783,0.04149137588641543,0.04825878896082613,0.0721934516120325,0.18255819782440202,0.1623099436627322,0.08297889569700499,0.1404344255025431,0.024243148717276376,0.11047271633549403,0.0814943065040431,0.05974603884610787,0.12565023078613818,0.03485121331425861,0.03901577520620366,0.05322155854872731,0.024796019699354896,0.06878602346436757,0.02686045953369434,0.0390853798746175,0.024616613055244613,0.02852060270525005,0.11514368956080749,0.07503998746680346,0.017801687433196295,0.18379326290148554,0.10856628822814461,0.024798546553497294,0.05978284215500229,0.013051201645487417,0.037819425949275925,0.03806453080108857,0.019249574856790543,0.018597646488051768,0.022077124642134283,0.04948338467058667,0.05225534366479764,0.060882023706945565,0.10774447906040639,0.05243169474235615,0.13676904413994653,0.04900609302197348,0.06104050067547077,0.07004218245981639,0.18218411403049267,0.20765211877257314,0.03558768461692134,0.05111896786422788,0.03944379143572614,0.12697277031076507,0.032790845695330396,0.15716190538135968,0.03584320976756503,0.04711883777869664,0.0683599466649322,0.08175875638232137,0.05382288854922111,0.032972036256695925,0.041920062441055,0.06752368253555285,0.521045208225076,0.010973721050952718,0.01615528088945977,0.015851690570484696,0.05081759866043979,0.002231175048467553,0.00894122046460787,0.017127351265314537,0.05028577546909446,0.05155864090252791,0.008218891304643122,0.011244843217017563,0.008597634691615787,0.009780289210889906,0.043910812711118546,0.07707824231368711,0.01587107448581726,0.012974178130591773,0.02530748953953726,0.0538935183077071,0.022501167895275627,0.009026101826976104,0.009611314333321528,0.010340721852037365,0.007149880174787966,0.008798425491654398,0.003991925079307257,0.015061211204374085,0.020278372265986673,0.0035671349444788437,0.004486504588415846,0.0037328913163416993,0.004401699002811594,0.02418598867462504,0.012350780532598716,0.04273702938475666,0.010078053259871442,0.04720309152127334,0.12384833180287726,0.024699647995102544,0.04343338689929599,0.058458639424548514,0.23165365779002145,0.11252965258647078,3.3808637379002233,3.2972822040208487,16.1710722263589,4.406366344005957,28.145755770662696,5.705882352941177,2.323343261355175,5.540208488458675,5.247580044676098,8.852568875651526,9.598101265822786,11.52699180938198,4.579300074460164,22.79542069992554,88.12881608339538,14.180752047654504,66.63440059568131,12.272151898734178,25.32669396872673,13.538719285182427,40.0584512285927,0.0020715237591124643,0.011342989410138617,0.0029400878431494917,0.0038838171404306514,0.006352040334939563,0.011429540097478635,0.00237745566491116,0.0005081294920571032,0.0020644605483307577,0.1171090128581519,0.12084654352252772,0.016707074304202423,0.05186467252936059,0.03704788241757222,0.026776213136293713,0.01577796586855605,0.07154978831348675,0.16322097675372382,0.043874002432053145,0.20615068096644157,0.03295339183650392,0.014708773872221853,0.048951609568551074,0.024770317812468617,0.03343946491455325,0.05092037431002517,0.04885625148205876,0.09624668883812501,0.02732726473345727,0.05265960454242043,0.1263494646023188,0.0729742524727702,0.06651606277431273,0.11479341472244467,0.06087643364132026,0.21807803666982556,0.4245342010637912,0.025383816298131575,0.03239558922436745,0.08731172052148216,0.005883509548888741,0.03644197882375378,0.1471670631481502,1.325598920512706,0.23001551889566896,0.010693584483483282,0.0106805729953233,0.011593071940190016,0.002236718550795756,0.003629713165570421,0.0029199856895498286,0.00976020155341861,0.0017680316264447671,0.05787160044803256,0.021176470330964148,0.012444777713485719,0.0040256341624384795,0.0023529472223424966,0.00410430446269989,0.0022187867519870403,0.002030612204732158,0.0026094047473781304,0.00195762759677595,0.008294987712344206,0.0018164693512756288,0.0027048041038452335,0.0054634036041166165,0.006841418606471805,0.003662569906680295,0.007742436826491478,0.002679109148235183,0.004162582808828218,0.0035109149984626766,0.046988255983863136,0.008581185781745517,0.004152632847294114,0.0036376403327267135,0.001642345024428796,0.0004706003784921631,0.0035164366804129213,0.031321768197823605,0.16112377271051384,0.010713812427261408,0.012235281820086326,0.03616783682587917,0.009414139704457715,0.014576551004930558,0.01121102166590123,0.014639091906114805,0.03533297190218151,0.023511611321108718,0.044063832408468936,0.009502072703420874,0.12112627874479658,0.033858739695350464,0.014107117493631941,0.035096371384448335,0.08544634472177029,0.005173405817229475,0.049814491488433005,0.022316409401743318,0.018074679576207293,0.08091775458645821,0.03031377723106226,0.0263291469915215,0.11474412391042683,0.034746471700858435,0.0362609618665926,0.0323763607264262,0.0309544594791212,0.003161893716136876,0.0013815741604224592,0.004506738707597095,0.024532895051824457,0.0106063687184536,0.06835537232776633,0.008567949609570925,0.005893389257225718,0.006211708721565128,0.017206470982811844,0.029969011132322455,0.02367010796086323,0.0289124254181377,0.027367112821555663,0.0243282468908858,0.047740089890815005,0.026507660050633288,0.014599822300208556,0.01290739907729941,0.04999990706077854,0.04849940333019819,0.026214901503013092,0.01659987434617258,0.01965989821296465,0.020679906168562006,0.06339570174688561,0.20199968028907817,0.25718327242716355,0.011959883714446102,0.0565287503018178,0.06846866268842054,0.10020782311751923,0.026326273671139322,0.04089545031216585,0.05225673484874616,0.17445155393053016,0.24495274395502054,0.245471870580525,0.09327377461970958,0.03538100079377535,0.06852169008190215,0.012221638452388262,0.10580923008340326,0.014425559111244544,0.8697713745050276,0.014682569466714887,0.02258042707719647,0.06831866225645543,0.006234875241607714,0.030723389138434132,0.03252943698421503,0.02007480338601428,0.007294316933052775,0.03277382662528559,0.02658701680261726,0.1250475911306979,0.05043143676360096,0.05034608157934045,0.08661417322834647,0.0949778581913461,0.2518831487527474,0.09636937231369828,0.03866926775359755,0.0445866981061885,0.0213315629524916,0.02193707898607542,0.028087244673118635,0.28968161760918465,0.025836641274353162,0.01071440964757038,0.07107211389270628,0.2594979196088738,0.04588893181256847,0.07494931911779283,0.40921366896999334,0.11078779748286083,0.08174152101762032,0.1646819461656434,0.16961525860718202,0.6538324573023945,0.3869967570236789,0.17574510111153843,0.2501721198999093,0.1547448773707573,0.1138905080034076,0.05239205488050934,0.033770120611576915,0.08633928171098058,0.05306797291844146,0.055087001895512536,0.058926707862878076,0.17643124380713035,0.00874024987500165,0.13749565168004885,0.06454073120739788,0.06896303895372534,0.06440665617819119,0.10169456483000203,0.08845466950472473,0.026166711626652277,0.03311450619167919,0.03442195570030264,0.033678639149842766,0.01694958640094987,0.025317726449349712,0.038586818921968316,0.010461974794027898,0.03966711094807464,0.026487674505676427,0.049153602878084846,0.18536883922044217,0.18828736420358272,0.0018285018757907172,0.021115495799517242,0.2008192620473464,0.07987428021585644,0.10064230583133098,0.19186594830394837,0.34471464972958515,0.1841873321695949,0.08998624776654812,0.0977128766860204,0.07379908021221651,0.03639410400025347,0.10540842154919611,0.09242511186135177,0.08338819321474211,0.09772686467856803,0.20512432363926955,0.18573736961243695,0.023211596035479853,0.07002528962195734,0.0902709336705283,0.11213436971195866,0.05401937631329379,0.03564256094612939,0.1830754783643565,0.022686045336952558,0.06225156254804039,0.0835760059383414,0.033082535039288805,0.05539084564265416,0.13079723990108622,0.21928379737606127,0.1596798887876539,0.10273210641112114,0.06193008120111072,0.03845446343322151,0.10777076320769709,0.0864766472602245,0.022127196467353356,0.15504447109017977,0.15423137002664708,0.4191858862446017,0.19773959386198658,0.12910043186621337,0.21731140310576127,0.1614805285304602,0.3921899707860953,1.0072900753129104,0.48929270188416285,0.23070944225563506,0.15917557824770173,0.06057194929109378,0.10165902816863659,0.07574173836134115,0.15357401302564927,0.023109562054856796,0.022553922311461333,0.048921553770773354,0.022377127847653683,0.0043553059590077225,0.027234257126190174,0.004340475178216549,0.011488911519561799,0.008377207770314081,0.011204191197447935,0.011411676219622897,0.01174883938065721,0.011346837150193221,0.024690093228152854,0.018276815900010245,0.019116893760885156,0.018379264419629136,0.05794488269644504,0.03768352841589072,0.055284742695350136,0.025949385562917777,0.027233719606526756,0.013835780378878544,0.02858325110608906,0.028392271700035013,0.028774230512143104,0.029124359423242194,0.036371949952196864,0.03071870973105541,0.03712017292264206,0.036371949952196864,0.033121630603352784,0.29285134037367994,0.032530832287127984,0.03400782807768998,0.06354774388892992,0.029264599381131087,0.028836658107841202,0.029132925143195734,0.059020483193277316,0.05961134453781513,0.001844756385189342,0.003321262921624158,0.004348855356720122,0.0030950523002463764,0.034050062087445265,0.09430756159728122,0.04404940853538985,0.08718384419318999,0.0023095446861520815,0.002440941101556795,0.003032224970878006,0.005030966597515092,0.002173094562462571,0.018757955382863265,0.06056139880752997,0.056508340590875596,0.03011321765927514,0.004924789646402872,0.02303158419451765,0.016288268661814185,0.009231095869546152,0.008709538952916795,0.001038049387912589,0.0030133028166543898,0.0010917604966852574,0.0011125872531481287,0.007075616471991301,0.009711615340078852,0.006630641559372501,0.006541038295056657,0.006789170411623612,0.01691262718568428,0.025259827054747813,0.01939496440164762,0.025559889795138985,0.024359638833574292,0.06973918678114369,0.07135914466223879,0.07314109833144337,0.07087315729791026,0.07038716993358173,0.03606727080029905,0.026249414625730175,0.022987750273174658,0.004497242651328963,0.004395032591071487,0.006959575921168169,0.5353158987748731,0.004527033019577297,0.003516741153198036,0.016592694278740296,0.003555301911456787,0.011930698605257374,0.034258778115952786,0.032328706109420235,0.03437012842402197,0.062319055749387564,0.03277410734169698,0.012214593030763535,0.0019139017855386675,0.0018403559617869584,0.0024295777357977457,0.003852603906993609,0.0014941985941748627,0.0024762146755871123,0.002615247058146698,0.0012377078194528678,0.001161149310140704,0.0019597029751394304,0.00615485026486347,0.0014099067876218278,0.00018338640241271137,0.004428509262223793,0.0047788721021333825,0.007363425418676625,0.0017230355443621618,0.019062956837059074,1.2498138495904692,0.32055100521221147,1.2258004467609829,0.3845867460908414,1.2498138495904692,0.0031755086678812872,0.004939211329553328,0.0021780462056342283,0.01815938640024911,0.0006423738902512682,0.0003764584347464028,8.9385643451985e-05,0.00020080334458663046,0.0004517391876720195,0.0016488321434817864,0.0020518976674669676,0.0013856868013928417,0.002401698122207559,0.0009253812029955639,0.0004660422776245101,0.0036951966736189505,0.00023611206032929304,0.2528305113792276,0.0005616891267906309,0.0014267614023177053,0.0011351550317357398,0.00047018701613216174,0.007929884868228957,0.0017511452331588843,0.010673352909276089,0.024193815060248935,0.0006605227305794744,0.0010755194899673293,6.63912078531542e-05,0.00034260650289438794,0.002099136705270118,0.001360165506165588,0.000574364388664389,0.0008239061983025581,0.003474354109896175,0.0059380497395743505,0.010223862578041462,0.004917905556896968,0.001985098823772895,0.0007369146475432767,0.011244771658808517,0.0009179308511688081,0.0008494849551301459,0.0009103724086614712,0.001229086734387512,0.010663782559914287,0.004640626596900035,0.01836821103395452,0.0031907115590012096,0.006283713893914738,0.0006804476168491504,0.006737336658625013,0.002532441962042791,0.014955869179964677,0.012204380573675183,0.002454939278722738,0.0028615481505410746,0.004181895452613684,0.003951186934612349,0.0020885192155910386,0.004656804349238666,0.007905737616149364,0.004406734940209782,0.0015560694175330734,0.01897019706139142,0.006885539281248006,0.0034366594203980873,0.005249063430337734,0.0011612787150696358,0.006403388971123415,0.0040760508776122575,0.017142869787655893,0.02324366906538499,0.003443178700089399,0.10952450498774087,0.0034255361205856004,0.0011145083756355853,0.005772605980578251,0.006910401364474154,0.0014842603495085766,0.0009715896240718937,0.00032758188786557584,0.0016479497439869195,0.001092896174863388,0.0022210748246633103,0.0009182048965190827,0.00433458112817865,0.000930023468412981,0.000904136868138078,0.003860891723927616,0.0017981716483639984,0.005519695793357098,0.0057633784618523285,0.013544222737293082,0.006338606627922949,0.002643655926639249,0.0034818882936224252,0.0034987090100167366,0.0026744939066954856,0.0034432025899468087,0.016386077664109416,0.007380250969686785,0.004427464684881803,0.004132529004866439,0.008075843932731811,0.0039358297806426175,0.003960472722024101,0.003618991962880689,0.004558944155574409,0.007089462037674099,0.00445357680792904,0.0056018372166539605,0.004016587016754375,0.004016587016754375,0.004906159272289643,0.0019018504609681428,0.004791960399344674,0.004581131710830884,0.013397939227648209,0.01053737703961003,0.009739533164034754,0.0111114354378898,0.01685201942068751,0.008632106929167879,0.009045396053088866,0.009186290072607383,0.03224594460047152,0.00973108028141232,0.008698241956535069,0.008356619160659069,0.009258853724126454,0.009311411077338147,0.012433606371862103,0.00373682360362703,0.004642136538526362,0.13678893206782142,0.051502343103923556,0.09886979693099329,0.04001653955710742,0.02371954651443274,0.03835330063520141,0.024094770979067835
