date,item_id,grade,psa_pop,cgc_pop,total_pop,price_usd
2026-09-25,abra_69,2,,,,5.0
2026-09-25,abra_69,3,,,,6.0
2026-09-25,abra_69,4,,,,7.0
2026-09-25,abra_69,5,1.0,,1.0,8.0
2026-09-25,abra_69,6,1.0,1.0,2.0,10.0
2026-09-25,abra_69,7,1.0,5.0,6.0,12.5
2026-09-25,abra_69,9,8.0,9.0,17.0,10.49
2026-09-25,abra_69,10,3.0,6.0,9.0,29.0
2026-09-25,absol_XY178_promo,1,,,,20.5
2026-09-25,absol_XY178_promo,2,,,,7.0
2026-09-25,absol_XY178_promo,3,,,,8.0
2026-09-25,absol_XY178_promo,4,,,,9.0
2026-09-25,absol_XY178_promo,5,,,,11.0
2026-09-25,absol_XY178_promo,6,,,,13.99
2026-09-25,absol_XY178_promo,7,,,,22.0
2026-09-25,absol_XY178_promo,8,,,,27.99
2026-09-25,absol_XY178_promo,9,,,,66.84
2026-09-25,absol_XY178_promo,10,,,,1942.66
2026-09-25,absol_ex_92,1,29,,29,124.93
2026-09-25,absol_ex_92,2,5,2.0,7,34.0
2026-09-25,absol_ex_92,3,16,3.0,19,38.0
2026-09-25,absol_ex_92,4,27,13.0,40,44.99
2026-09-25,absol_ex_92,5,64,16.0,80,59.77
2026-09-25,absol_ex_92,6,99,14.0,113,83.72
2026-09-25,absol_ex_92,7,149,26.0,175,148.1
2026-09-25,absol_ex_92,8,315,73.0,388,215.0
2026-09-25,absol_ex_92,9,314,39.0,353,433.0
2026-09-25,absol_ex_92,10,90,14.0,104,3606.0
2026-09-25,aegislash_62,2,,,,3.0
2026-09-25,aegislash_62,3,,,,3.0
2026-09-25,aegislash_62,4,,1.0,1.0,3.0
2026-09-25,aegislash_62,5,,,,3.0
2026-09-25,aegislash_62,6,,4.0,4.0,4.0
2026-09-25,aegislash_62,7,3.0,3.0,6.0,5.0
2026-09-25,aegislash_62,8,7.0,11.0,18.0,6.5
2026-09-25,aegislash_62,9,16.0,7.0,23.0,17.71
2026-09-25,aegislash_62,10,5.0,3.0,8.0,66.81
2026-09-25,aerodactyl_1,1,42,1,43,56.04
2026-09-25,aerodactyl_1,2,45,6,51,14.0
2026-09-25,aerodactyl_1,3,111,23,134,15.97
2026-09-25,aerodactyl_1,4,227,55,282,25.29
2026-09-25,aerodactyl_1,5,704,178,882,26.0
2026-09-25,aerodactyl_1,6,1152,296,1448,32.68
2026-09-25,aerodactyl_1,7,1643,460,2103,41.51
2026-09-25,aerodactyl_1,8,2039,1003,3042,74.5
2026-09-25,aerodactyl_1,9,1025,323,1348,130.0
2026-09-25,aerodactyl_1,10,71,42,113,1262.5
2026-09-25,aerodactyl_15,2,,,,6.0
2026-09-25,aerodactyl_15,3,,,,7.0
2026-09-25,aerodactyl_15,4,,,,8.0
2026-09-25,aerodactyl_15,5,,,,9.99
2026-09-25,aerodactyl_15,9,4.0,42.0,46.0,46.64
2026-09-25,aerodactyl_15,10,2.0,3.0,5.0,150.0
2026-09-25,aerodactyl_v_180,1,,,,155.0
2026-09-25,aerodactyl_v_180,2,,,,32.0
2026-09-25,aerodactyl_v_180,3,,1.0,1.0,36.0
2026-09-25,aerodactyl_v_180,4,,1.0,1.0,42.0
2026-09-25,aerodactyl_v_180,5,,6.0,6.0,49.0
2026-09-25,aerodactyl_v_180,6,,15.0,15.0,61.0
2026-09-25,aerodactyl_v_180,7,,36.0,36.0,76.07
2026-09-25,aerodactyl_v_180,8,2.0,184.0,186.0,175.12
2026-09-25,aerodactyl_v_180,9,7.0,564.0,571.0,220.03
2026-09-25,aerodactyl_v_180,10,2.0,406.0,408.0,562.18
2026-09-25,alakazam_1,1,34,3,37,51.0
2026-09-25,alakazam_1,2,23,5,28,15.0
2026-09-25,alakazam_1,3,82,14,96,16.61
2026-09-25,alakazam_1,4,181,40,221,27.0
2026-09-25,alakazam_1,5,456,100,556,31.5
2026-09-25,alakazam_1,6,741,173,914,48.56
2026-09-25,alakazam_1,7,953,286,1239,50.0
2026-09-25,alakazam_1,8,1391,592,1983,92.25
2026-09-25,alakazam_1,9,815,227,1042,184.87
2026-09-25,alakazam_1,10,69,34,103,3365.57
2026-09-25,alakazam_1_legendary_collection,1,5,1.0,6,107.5
2026-09-25,alakazam_1_legendary_collection,2,3,,3,11.0
2026-09-25,alakazam_1_legendary_collection,3,3,5.0,8,12.0
2026-09-25,alakazam_1_legendary_collection,4,14,2.0,16,13.65
2026-09-25,alakazam_1_legendary_collection,5,47,6.0,53,39.0
2026-09-25,alakazam_1_legendary_collection,6,95,19.0,114,48.36
2026-09-25,alakazam_1_legendary_collection,7,136,42.0,178,50.0
2026-09-25,alakazam_1_legendary_collection,8,216,72.0,288,143.38
2026-09-25,alakazam_1_legendary_collection,9,187,33.0,220,228.28
2026-09-25,alakazam_1_legendary_collection,10,17,13.0,30,567.69
2026-09-25,alakazam_H1,1,11,1.0,12,558.5
2026-09-25,alakazam_H1,2,7,1.0,8,273.0
2026-09-25,alakazam_H1,3,7,,7,303.0
2026-09-25,alakazam_H1,4,29,6.0,35,357.0
2026-09-25,alakazam_H1,5,55,7.0,62,420.5
2026-09-25,alakazam_H1,6,78,3.0,81,559.51
2026-09-25,alakazam_H1,7,112,16.0,128,853.29
2026-09-25,alakazam_H1,8,182,30.0,212,1580.0
2026-09-25,alakazam_H1,9,278,22.0,300,2247.92
2026-09-25,alakazam_H1,10,154,32.0,186,8012.03
2026-09-25,alakazam_ex_125,1,127,1,128,148.0
2026-09-25,alakazam_ex_125,2,23,3,26,56.0
2026-09-25,alakazam_ex_125,3,50,3,53,62.0
2026-09-25,alakazam_ex_125,4,77,13,90,73.0
2026-09-25,alakazam_ex_125,5,219,28,247,112.72
2026-09-25,alakazam_ex_125,6,578,57,635,120.0
2026-09-25,alakazam_ex_125,7,1115,191,1306,163.61
2026-09-25,alakazam_ex_125,8,2012,593,2605,239.44
2026-09-25,alakazam_ex_125,9,2596,237,2833,580.0
2026-09-25,alakazam_ex_125,10,762,59,821,6112.91
2026-09-25,alakazam_ex_201,2,2,,2,26.0
2026-09-25,alakazam_ex_201,3,4,1.0,5,29.0
2026-09-25,alakazam_ex_201,4,23,,23,34.0
2026-09-25,alakazam_ex_201,5,47,4.0,51,40.0
2026-09-25,alakazam_ex_201,6,153,8.0,161,50.0
2026-09-25,alakazam_ex_201,7,786,37.0,823,52.0
2026-09-25,alakazam_ex_201,8,5793,376.0,6169,64.98
2026-09-25,alakazam_ex_201,9,18250,906.0,19156,75.0
2026-09-25,alakazam_ex_201,10,10790,1154.0,11944,318.5
2026-09-25,allister_179,2,,,,3.0
2026-09-25,allister_179,3,,,,3.0
2026-09-25,allister_179,4,,,,3.0
2026-09-25,allister_179,5,,,,4.0
2026-09-25,allister_179,6,10.0,,10.0,5.0
2026-09-25,allister_179,7,18.0,5.0,23.0,6.01
2026-09-25,allister_179,8,80.0,60.0,140.0,9.22
2026-09-25,allister_179,9,319.0,208.0,527.0,10.76
2026-09-25,allister_179,10,493.0,160.0,653.0,48.99
2026-09-25,altar_of_the_sunne_118,9,1,,1,10.68
2026-09-25,altar_of_the_sunne_118,10,2,,2,31.19
2026-09-25,altaria_1,2,,,,4.0
2026-09-25,altaria_1,3,2.0,1.0,3.0,4.31
2026-09-25,altaria_1,4,2.0,1.0,3.0,18.0
2026-09-25,altaria_1,5,3.0,3.0,6.0,21.16
2026-09-25,altaria_1,6,20.0,8.0,28.0,29.19
2026-09-25,altaria_1,7,33.0,17.0,50.0,52.0
2026-09-25,altaria_1,8,58.0,33.0,91.0,77.5
2026-09-25,altaria_1,9,58.0,12.0,70.0,185.25
2026-09-25,altaria_1,10,9.0,4.0,13.0,1439.75
2026-09-25,altaria_160,8,,,,9.95
2026-09-25,altaria_160,9,1.0,1.0,2.0,10.63
2026-09-25,altaria_160,10,,,,31.35
2026-09-25,altaria_ex_90,1,9,,9,135.0
2026-09-25,altaria_ex_90,2,3,2.0,5,36.0
2026-09-25,altaria_ex_90,3,5,1.0,6,40.0
2026-09-25,altaria_ex_90,4,7,2.0,9,47.34
2026-09-25,altaria_ex_90,5,21,5.0,26,47.5
2026-09-25,altaria_ex_90,6,39,8.0,47,83.0
2026-09-25,altaria_ex_90,7,71,11.0,82,103.74
2026-09-25,altaria_ex_90,8,124,28.0,152,289.99
2026-09-25,altaria_ex_90,9,135,29.0,164,792.72
2026-09-25,altaria_ex_90,10,40,16.0,56,2922.43
2026-09-25,altaria_ex_90_dragon_frontiers,1,14,,14,47.44
2026-09-25,altaria_ex_90_dragon_frontiers,2,6,,6,15.0
2026-09-25,altaria_ex_90_dragon_frontiers,3,7,1.0,8,17.0
2026-09-25,altaria_ex_90_dragon_frontiers,4,9,4.0,13,20.5
2026-09-25,altaria_ex_90_dragon_frontiers,5,47,7.0,54,57.0
2026-09-25,altaria_ex_90_dragon_frontiers,6,66,18.0,84,61.0
2026-09-25,altaria_ex_90_dragon_frontiers,7,118,30.0,148,94.75
2026-09-25,altaria_ex_90_dragon_frontiers,8,139,61.0,200,169.86
2026-09-25,altaria_ex_90_dragon_frontiers,9,117,29.0,146,275.02
2026-09-25,altaria_ex_90_dragon_frontiers,10,15,7.0,22,16999.95
2026-09-25,amaura_25,9,1,,1,26.27
2026-09-25,amaura_25,10,1,,1,49.99
2026-09-25,ampharos_1,1,8,,8,49.99
2026-09-25,ampharos_1,2,3,,3,22.0
2026-09-25,ampharos_1,3,13,2.0,15,24.0
2026-09-25,ampharos_1,4,18,11.0,29,28.49
2026-09-25,ampharos_1,5,84,19.0,103,45.0
2026-09-25,ampharos_1,6,157,59.0,216,55.0
2026-09-25,ampharos_1,7,215,54.0,269,70.12
2026-09-25,ampharos_1,8,278,141.0,419,118.5
2026-09-25,ampharos_1,9,127,43.0,170,293.75
2026-09-25,ampharos_1,10,2,8.0,10,1642.57
2026-09-25,ampharos_1_dragon_frontiers_ctrl,2,3,,3,23.0
2026-09-25,ampharos_1_dragon_frontiers_ctrl,3,2,1.0,3,26.0
2026-09-25,ampharos_1_dragon_frontiers_ctrl,4,5,4.0,9,30.0
2026-09-25,ampharos_1_dragon_frontiers_ctrl,5,18,5.0,23,35.0
2026-09-25,ampharos_1_dragon_frontiers_ctrl,6,26,21.0,47,40.0
2026-09-25,ampharos_1_dragon_frontiers_ctrl,7,61,37.0,98,52.0
2026-09-25,ampharos_1_dragon_frontiers_ctrl,8,208,59.0,267,91.53
2026-09-25,ampharos_1_dragon_frontiers_ctrl,9,176,31.0,207,190.0
2026-09-25,ampharos_1_dragon_frontiers_ctrl,10,22,18.0,40,1497.08
2026-09-25,ampharos_H1,1,14,,14,143.8
2026-09-25,ampharos_H1,2,5,,5,36.0
2026-09-25,ampharos_H1,3,9,1.0,10,39.58
2026-09-25,ampharos_H1,4,14,5.0,19,45.01
2026-09-25,ampharos_H1,5,49,6.0,55,116.32
2026-09-25,ampharos_H1,6,74,14.0,88,140.0
2026-09-25,ampharos_H1,7,118,15.0,133,175.33
2026-09-25,ampharos_H1,8,181,43.0,224,469.99
2026-09-25,ampharos_H1,9,179,23.0,202,1623.47
2026-09-25,ampharos_H1,10,38,13.0,51,14400.0
2026-09-25,ampharos_v_171,2,,,,6.0
2026-09-25,ampharos_v_171,3,,,,7.0
2026-09-25,ampharos_v_171,4,,1.0,1.0,8.0
2026-09-25,ampharos_v_171,5,2.0,2.0,4.0,9.0
2026-09-25,ampharos_v_171,6,2.0,1.0,3.0,11.0
2026-09-25,ampharos_v_171,7,7.0,2.0,9.0,13.85
2026-09-25,ampharos_v_171,8,59.0,73.0,132.0,15.7
2026-09-25,ampharos_v_171,9,199.0,137.0,336.0,18.5
2026-09-25,ampharos_v_171,10,404.0,142.0,546.0,75.83
2026-09-25,ancient_technical_machine_rock_85,9,2,8,10,13.52
2026-09-25,ancient_technical_machine_rock_85,10,3,4,7,112.25
2026-09-25,arbok_33,9,,1,1,18.9
2026-09-25,arbok_33,10,1.0,1,2,127.95
2026-09-25,arcanine_H2,1,22,,22,288.5
2026-09-25,arcanine_H2,2,13,,13,210.0
2026-09-25,arcanine_H2,3,16,6.0,22,220.0
2026-09-25,arcanine_H2,4,30,10.0,40,259.0
2026-09-25,arcanine_H2,5,67,10.0,77,305.0
2026-09-25,arcanine_H2,6,120,16.0,136,381.0
2026-09-25,arcanine_H2,7,173,35.0,208,476.81
2026-09-25,arcanine_H2,8,248,71.0,319,1202.0
2026-09-25,arcanine_H2,9,256,29.0,285,1707.11
2026-09-25,arcanine_H2,10,73,11.0,84,11899.5
2026-09-25,arcanine_H2_skyridge,1,13,,13,330.0
2026-09-25,arcanine_H2_skyridge,2,5,,5,189.0
2026-09-25,arcanine_H2_skyridge,3,7,4.0,11,210.0
2026-09-25,arcanine_H2_skyridge,4,20,2.0,22,221.0
2026-09-25,arcanine_H2_skyridge,5,43,9.0,52,260.0
2026-09-25,arcanine_H2_skyridge,6,61,12.0,73,325.29
2026-09-25,arcanine_H2_skyridge,7,102,14.0,116,1100.0
2026-09-25,arcanine_H2_skyridge,8,163,26.0,189,1234.0
2026-09-25,arcanine_H2_skyridge,9,268,32.0,300,2269.62
2026-09-25,arcanine_H2_skyridge,10,136,42.0,178,8302.5
2026-09-25,arcanine_ex_83,1,40,,40,262.5
2026-09-25,arcanine_ex_83,2,16,1.0,17,78.0
2026-09-25,arcanine_ex_83,3,25,5.0,30,86.95
2026-09-25,arcanine_ex_83,4,52,10.0,62,245.06
2026-09-25,arcanine_ex_83,5,76,17.0,93,255.0
2026-09-25,arcanine_ex_83,6,148,21.0,169,341.14
2026-09-25,arcanine_ex_83,7,175,27.0,202,468.51
2026-09-25,arcanine_ex_83,8,312,60.0,372,965.57
2026-09-25,arcanine_ex_83,9,297,27.0,324,1350.0
2026-09-25,arcanine_ex_83,10,76,21.0,97,3790.38
2026-09-25,arceus_XY83_promo,2,,,,10.0
2026-09-25,arceus_XY83_promo,3,1.0,,1.0,11.0
2026-09-25,arceus_XY83_promo,4,13.0,,13.0,13.0
2026-09-25,arceus_XY83_promo,5,19.0,,19.0,15.0
2026-09-25,arceus_XY83_promo,6,76.0,,76.0,18.51
2026-09-25,arceus_XY83_promo,7,183.0,,183.0,21.0
2026-09-25,arceus_XY83_promo,8,1225.0,,1225.0,27.28
2026-09-25,arceus_XY83_promo,9,2804.0,,2804.0,46.25
2026-09-25,arceus_XY83_promo,10,736.0,,736.0,740.37
2026-09-25,arceus_dialga_palkia_gx_220,2,2.0,1.0,3,16.0
2026-09-25,arceus_dialga_palkia_gx_220,3,,1.0,1,18.0
2026-09-25,arceus_dialga_palkia_gx_220,4,2.0,,2,21.0
2026-09-25,arceus_dialga_palkia_gx_220,5,8.0,2.0,10,25.0
2026-09-25,arceus_dialga_palkia_gx_220,6,14.0,3.0,17,31.0
2026-09-25,arceus_dialga_palkia_gx_220,7,34.0,12.0,46,37.85
2026-09-25,arceus_dialga_palkia_gx_220,8,161.0,42.0,203,55.27
2026-09-25,arceus_dialga_palkia_gx_220,9,505.0,90.0,595,81.85
2026-09-25,arceus_dialga_palkia_gx_220,10,574.0,53.0,627,414.54
2026-09-25,arceus_dialga_palkia_gx_221,1,13,,13,280.0
2026-09-25,arceus_dialga_palkia_gx_221,2,5,2.0,7,68.0
2026-09-25,arceus_dialga_palkia_gx_221,3,12,,12,75.0
2026-09-25,arceus_dialga_palkia_gx_221,4,15,1.0,16,88.0
2026-09-25,arceus_dialga_palkia_gx_221,5,28,3.0,31,103.5
2026-09-25,arceus_dialga_palkia_gx_221,6,67,10.0,77,282.5
2026-09-25,arceus_dialga_palkia_gx_221,7,128,22.0,150,397.85
2026-09-25,arceus_dialga_palkia_gx_221,8,690,154.0,844,512.5
2026-09-25,arceus_dialga_palkia_gx_221,9,1775,219.0,1994,853.64
2026-09-25,arceus_dialga_palkia_gx_221,10,1568,93.0,1661,3750.0
2026-09-25,arceus_v_166,1,3,,3,75.0
2026-09-25,arceus_v_166,2,1,,1,14.0
2026-09-25,arceus_v_166,3,1,,1,16.0
2026-09-25,arceus_v_166,4,16,2.0,18,19.0
2026-09-25,arceus_v_166,5,36,8.0,44,22.5
2026-09-25,arceus_v_166,6,70,11.0,81,40.0
2026-09-25,arceus_v_166,7,162,32.0,194,43.0
2026-09-25,arceus_v_166,8,880,190.0,1070,54.14
2026-09-25,arceus_v_166,9,4064,729.0,4793,62.0
2026-09-25,arceus_v_166,10,6491,899.0,7390,212.5
2026-09-25,ariados_H3,2,,,,9.0
2026-09-25,ariados_H3,3,3.0,,3.0,10.0
2026-09-25,ariados_H3,4,4.0,2.0,6.0,13.0
2026-09-25,ariados_H3,5,15.0,4.0,19.0,14.75
2026-09-25,ariados_H3,6,27.0,7.0,34.0,99.99
2026-09-25,ariados_H3,7,47.0,16.0,63.0,100.0
2026-09-25,ariados_H3,8,112.0,41.0,153.0,118.84
2026-09-25,ariados_H3,9,150.0,28.0,178.0,274.95
2026-09-25,ariados_H3,10,77.0,16.0,93.0,1284.05
2026-09-25,armaldo_ex_84,1,13,1.0,14,100.0
2026-09-25,armaldo_ex_84,2,2,,2,20.0
2026-09-25,armaldo_ex_84,3,4,1.0,5,22.0
2026-09-25,armaldo_ex_84,4,10,2.0,12,26.0
2026-09-25,armaldo_ex_84,5,19,10.0,29,30.0
2026-09-25,armaldo_ex_84,6,51,7.0,58,50.73
2026-09-25,armaldo_ex_84,7,76,10.0,86,116.88
2026-09-25,armaldo_ex_84,8,128,31.0,159,197.51
2026-09-25,armaldo_ex_84,9,144,32.0,176,357.59
2026-09-25,armaldo_ex_84,10,43,18.0,61,3258.5
2026-09-25,aron_44,2,,,,3.0
2026-09-25,aron_44,3,,,,3.0
2026-09-25,aron_44,4,,2.0,2.0,4.0
2026-09-25,aron_44,5,,1.0,1.0,5.0
2026-09-25,aron_44,6,,2.0,2.0,6.49
2026-09-25,aron_44,9,3.0,54.0,57.0,13.24
2026-09-25,aron_44,10,5.0,102.0,107.0,52.89
2026-09-25,articuno_2,1,74,1,75,71.0
2026-09-25,articuno_2,2,66,11,77,22.0
2026-09-25,articuno_2,3,160,42,202,24.0
2026-09-25,articuno_2,4,424,128,552,31.89
2026-09-25,articuno_2,5,1100,252,1352,37.42
2026-09-25,articuno_2,6,1653,419,2072,48.77
2026-09-25,articuno_2,7,2127,535,2662,75.0
2026-09-25,articuno_2,8,2584,1079,3663,104.53
2026-09-25,articuno_2,9,1021,352,1373,249.51
2026-09-25,articuno_2,10,66,59,125,1999.99
2026-09-25,articuno_48_promo,1,10,,10,100.0
2026-09-25,articuno_48_promo,2,13,,13,10.0
2026-09-25,articuno_48_promo,3,13,,13,11.0
2026-09-25,articuno_48_promo,4,50,,50,13.0
2026-09-25,articuno_48_promo,5,163,,163,15.0
2026-09-25,articuno_48_promo,6,280,,280,16.0
2026-09-25,articuno_48_promo,7,170,,170,19.56
2026-09-25,articuno_48_promo,8,430,,430,39.74
2026-09-25,articuno_48_promo,9,1539,,1539,69.75
2026-09-25,articuno_48_promo,10,3209,,3209,244.25
2026-09-25,articuno_H3,1,16,,16,217.51
2026-09-25,articuno_H3,2,5,,5,220.0
2026-09-25,articuno_H3,3,9,2.0,11,244.0
2026-09-25,articuno_H3,4,25,6.0,31,287.5
2026-09-25,articuno_H3,5,51,10.0,61,399.99
2026-09-25,articuno_H3,6,65,15.0,80,698.2
2026-09-25,articuno_H3,7,96,19.0,115,786.28
2026-09-25,articuno_H3,8,179,27.0,206,1139.18
2026-09-25,articuno_H3,9,275,25.0,300,2452.41
2026-09-25,articuno_H3,10,149,46.0,195,9400.0
2026-09-25,articuno_ex_132,1,27,,27,177.0
2026-09-25,articuno_ex_132,2,7,,7,109.67
2026-09-25,articuno_ex_132,3,10,2.0,12,145.0
2026-09-25,articuno_ex_132,4,21,4.0,25,170.0
2026-09-25,articuno_ex_132,5,55,3.0,58,200.0
2026-09-25,articuno_ex_132,6,113,7.0,120,230.0
2026-09-25,articuno_ex_132,7,204,19.0,223,299.78
2026-09-25,articuno_ex_132,8,281,65.0,346,493.57
2026-09-25,articuno_ex_132,9,216,16.0,232,1350.0
2026-09-25,articuno_ex_132,10,22,,22,6150.0
2026-09-25,articuno_ex_32_promo,1,34,,34,100.13
2026-09-25,articuno_ex_32_promo,2,6,,6,76.0
2026-09-25,articuno_ex_32_promo,3,14,,14,84.0
2026-09-25,articuno_ex_32_promo,4,26,,26,98.76
2026-09-25,articuno_ex_32_promo,5,58,,58,172.2
2026-09-25,articuno_ex_32_promo,6,114,,114,173.11
2026-09-25,articuno_ex_32_promo,7,128,,128,245.0
2026-09-25,articuno_ex_32_promo,8,212,,212,280.0
2026-09-25,articuno_ex_32_promo,9,129,,129,717.35
2026-09-25,articuno_ex_32_promo,10,27,,27,3300.0
2026-09-25,azumarill_114,2,,1.0,1,15.0
2026-09-25,azumarill_114,3,,1.0,1,17.0
2026-09-25,azumarill_114,4,4.0,,4,20.0
2026-09-25,azumarill_114,5,12.0,2.0,14,23.81
2026-09-25,azumarill_114,6,27.0,5.0,32,35.0
2026-09-25,azumarill_114,7,57.0,11.0,68,60.42
2026-09-25,azumarill_114,8,96.0,51.0,147,76.41
2026-09-25,azumarill_114,9,87.0,24.0,111,299.0
2026-09-25,azumarill_114,10,6.0,9.0,15,2312.93
2026-09-25,azumarill_4,2,,,,11.0
2026-09-25,azumarill_4,3,,,,12.0
2026-09-25,azumarill_4,4,1.0,1.0,2.0,14.0
2026-09-25,azumarill_4,5,1.0,,1.0,16.0
2026-09-25,azumarill_4,6,1.0,3.0,4.0,20.0
2026-09-25,azumarill_4,7,3.0,7.0,10.0,25.0
2026-09-25,azumarill_4,8,16.0,12.0,28.0,25.25
2026-09-25,azumarill_4,9,37.0,26.0,63.0,43.72
2026-09-25,azumarill_4,10,37.0,24.0,61.0,220.14
2026-09-25,azumarill_H4,1,9,1.0,10,108.52
2026-09-25,azumarill_H4,2,1,,1,23.0
2026-09-25,azumarill_H4,3,4,3.0,7,26.0
2026-09-25,azumarill_H4,4,10,1.0,11,31.0
2026-09-25,azumarill_H4,5,35,7.0,42,37.0
2026-09-25,azumarill_H4,6,43,12.0,55,46.49
2026-09-25,azumarill_H4,7,64,19.0,83,234.59
2026-09-25,azumarill_H4,8,121,47.0,168,290.44
2026-09-25,azumarill_H4,9,197,26.0,223,548.89
2026-09-25,azumarill_H4,10,78,16.0,94,3921.84
2026-09-25,banette_ex_85,1,8,1.0,9,94.44
2026-09-25,banette_ex_85,2,2,,2,25.0
2026-09-25,banette_ex_85,3,7,2.0,9,28.0
2026-09-25,banette_ex_85,4,9,1.0,10,32.44
2026-09-25,banette_ex_85,5,42,8.0,50,89.0
2026-09-25,banette_ex_85,6,56,10.0,66,110.82
2026-09-25,banette_ex_85,7,76,19.0,95,175.19
2026-09-25,banette_ex_85,8,159,27.0,186,285.12
2026-09-25,banette_ex_85,9,165,24.0,189,550.94
2026-09-25,banette_ex_85,10,45,13.0,58,4107.49
2026-09-25,battle_reporter_88,9,,1.0,1.0,11.51
2026-09-25,battle_reporter_88,10,,,,33.06
2026-09-25,beast_ring_102,9,,2.0,2.0,12.32
2026-09-25,beast_ring_102,10,,,,33.94
2026-09-25,beedrill_H4,1,6,,6,130.0
2026-09-25,beedrill_H4,2,2,,2,28.0
2026-09-25,beedrill_H4,3,1,,1,31.11
2026-09-25,beedrill_H4,4,9,1.0,10,43.0
2026-09-25,beedrill_H4,5,19,1.0,20,114.0
2026-09-25,beedrill_H4,6,24,4.0,28,171.66
2026-09-25,beedrill_H4,7,67,8.0,75,173.04
2026-09-25,beedrill_H4,8,137,25.0,162,348.1
2026-09-25,beedrill_H4,9,250,23.0,273,475.3
2026-09-25,beedrill_H4,10,114,34.0,148,2184.5
2026-09-25,bellossom_H5,1,1,,1,85.0
2026-09-25,bellossom_H5,2,2,,2,36.0
2026-09-25,bellossom_H5,3,4,1.0,5,39.99
2026-09-25,bellossom_H5,4,15,3.0,18,45.0
2026-09-25,bellossom_H5,5,17,4.0,21,53.49
2026-09-25,bellossom_H5,6,48,8.0,56,75.92
2026-09-25,bellossom_H5,7,58,17.0,75,150.25
2026-09-25,bellossom_H5,8,144,36.0,180,302.84
2026-09-25,bellossom_H5,9,163,28.0,191,510.02
2026-09-25,bellossom_H5,10,42,14.0,56,2468.34
2026-09-25,bewear_182,9,,,,11.22
2026-09-25,bewear_182,10,,,,59.99
2026-09-25,binacle_22,9,,,,12.68
2026-09-25,binacle_22,10,,1.0,1.0,34.95
2026-09-25,bird_keeper_159,9,6,,6,6.5
2026-09-25,bird_keeper_159,10,7,1.0,8,31.2
2026-09-25,black_kyurem_XY160_promo,1,5,,5,31.0
2026-09-25,black_kyurem_XY160_promo,2,2,,2,28.0
2026-09-25,black_kyurem_XY160_promo,3,5,,5,30.95
2026-09-25,black_kyurem_XY160_promo,4,11,,11,38.0
2026-09-25,black_kyurem_XY160_promo,5,15,,15,45.0
2026-09-25,black_kyurem_XY160_promo,6,86,,86,50.0
2026-09-25,black_kyurem_XY160_promo,7,208,,208,50.45
2026-09-25,black_kyurem_XY160_promo,8,363,,363,90.96
2026-09-25,black_kyurem_XY160_promo,9,131,,131,540.68
2026-09-25,black_kyurem_XY160_promo,10,10,,10,13037.06
2026-09-25,blaine_17,1,5.0,1.0,6.0,35.0
2026-09-25,blaine_17,2,,,,14.0
2026-09-25,blaine_17,3,8.0,2.0,10.0,16.0
2026-09-25,blaine_17,4,18.0,6.0,24.0,18.77
2026-09-25,blaine_17,5,48.0,15.0,63.0,25.0
2026-09-25,blaine_17,6,112.0,37.0,149.0,40.0
2026-09-25,blaine_17,7,207.0,59.0,266.0,46.0
2026-09-25,blaine_17,8,367.0,153.0,520.0,77.67
2026-09-25,blaine_17,9,434.0,104.0,538.0,85.0
2026-09-25,blaine_17,10,96.0,45.0,141.0,326.84
2026-09-25,blastoise_137,1,26,,26,328.0
2026-09-25,blastoise_137,2,15,,15,54.0
2026-09-25,blastoise_137,3,27,2.0,29,60.0
2026-09-25,blastoise_137,4,29,2.0,31,71.0
2026-09-25,blastoise_137,5,59,11.0,70,240.0
2026-09-25,blastoise_137,6,111,16.0,127,322.4
2026-09-25,blastoise_137,7,269,46.0,315,486.0
2026-09-25,blastoise_137,8,449,109.0,558,725.5
2026-09-25,blastoise_137,9,405,14.0,419,1476.8
2026-09-25,blastoise_137,10,46,,46,11635.52
2026-09-25,blastoise_2,1,257,9,266,116.63
2026-09-25,blastoise_2,2,183,18,201,52.0
2026-09-25,blastoise_2,3,360,48,408,58.0
2026-09-25,blastoise_2,4,722,116,838,68.0
2026-09-25,blastoise_2,5,1606,288,1894,89.99
2026-09-25,blastoise_2,6,2084,391,2475,119.5
2026-09-25,blastoise_2,7,2111,555,2666,161.83
2026-09-25,blastoise_2,8,2459,820,3279,244.25
2026-09-25,blastoise_2,9,1081,226,1307,596.21
2026-09-25,blastoise_2,10,61,35,96,7500.0
2026-09-25,blastoise_2_crystal_guardians,1,62,,62,117.0
2026-09-25,blastoise_2_crystal_guardians,2,23,4.0,27,97.38
2026-09-25,blastoise_2_crystal_guardians,3,33,5.0,38,110.0
2026-09-25,blastoise_2_crystal_guardians,4,47,14.0,61,129.95
2026-09-25,blastoise_2_crystal_guardians,5,181,34.0,215,143.31
2026-09-25,blastoise_2_crystal_guardians,6,232,41.0,273,158.0
2026-09-25,blastoise_2_crystal_guardians,7,391,69.0,460,278.0
2026-09-25,blastoise_2_crystal_guardians,8,509,128.0,637,325.91
2026-09-25,blastoise_2_crystal_guardians,9,415,61.0,476,624.71
2026-09-25,blastoise_2_crystal_guardians,10,61,21.0,82,5725.74
2026-09-25,blastoise_ex_142,1,43,,43,120.0
2026-09-25,blastoise_ex_142,2,4,,4,26.0
2026-09-25,blastoise_ex_142,3,17,3.0,20,29.0
2026-09-25,blastoise_ex_142,4,20,8.0,28,77.0
2026-09-25,blastoise_ex_142,5,77,14.0,91,90.0
2026-09-25,blastoise_ex_142,6,141,26.0,167,90.0
2026-09-25,blastoise_ex_142,7,333,45.0,378,173.92
2026-09-25,blastoise_ex_142,8,348,98.0,446,271.29
2026-09-25,blastoise_ex_142,9,318,11.0,329,387.15
2026-09-25,blastoise_ex_142,10,18,2.0,20,16257.04
2026-09-25,blastoise_ex_200,2,5,,5,36.0
2026-09-25,blastoise_ex_200,3,7,,7,40.0
2026-09-25,blastoise_ex_200,4,31,,31,47.0
2026-09-25,blastoise_ex_200,5,104,4.0,108,69.3
2026-09-25,blastoise_ex_200,6,318,7.0,325,101.0
2026-09-25,blastoise_ex_200,7,1363,41.0,1404,113.25
2026-09-25,blastoise_ex_200,8,9626,518.0,10144,118.75
2026-09-25,blastoise_ex_200,9,29641,1206.0,30847,149.91
2026-09-25,blastoise_ex_200,10,18100,1543.0,19643,566.03
2026-09-25,blastoise_ex_XY122_promo,1,93,,93,182.75
2026-09-25,blastoise_ex_XY122_promo,2,36,,36,83.8
2026-09-25,blastoise_ex_XY122_promo,3,67,,67,107.91
2026-09-25,blastoise_ex_XY122_promo,4,169,,169,120.0
2026-09-25,blastoise_ex_XY122_promo,5,477,,477,162.1
2026-09-25,blastoise_ex_XY122_promo,6,953,,953,189.47
2026-09-25,blastoise_ex_XY122_promo,7,1715,,1715,275.0
2026-09-25,blastoise_ex_XY122_promo,8,1491,,1491,404.73
2026-09-25,blastoise_ex_XY122_promo,9,692,,692,1132.28
2026-09-25,blastoise_ex_XY122_promo,10,95,,95,7877.72
2026-09-25,blastoise_gx_218,2,1,,1,15.0
2026-09-25,blastoise_gx_218,3,2,,2,17.0
2026-09-25,blastoise_gx_218,4,1,1.0,2,20.0
2026-09-25,blastoise_gx_218,5,9,2.0,11,24.02
2026-09-25,blastoise_gx_218,6,14,5.0,19,55.77
2026-09-25,blastoise_gx_218,7,25,12.0,37,57.47
2026-09-25,blastoise_gx_218,8,255,75.0,330,120.0
2026-09-25,blastoise_gx_218,9,643,95.0,738,147.16
2026-09-25,blastoise_gx_218,10,726,49.0,775,549.55
2026-09-25,blastoise_piplup_gx_214,2,,,,13.0
2026-09-25,blastoise_piplup_gx_214,3,,1.0,1.0,14.0
2026-09-25,blastoise_piplup_gx_214,4,9.0,1.0,10.0,17.0
2026-09-25,blastoise_piplup_gx_214,5,12.0,,12.0,20.0
2026-09-25,blastoise_piplup_gx_214,6,29.0,2.0,31.0,25.0
2026-09-25,blastoise_piplup_gx_214,7,56.0,17.0,73.0,31.0
2026-09-25,blastoise_piplup_gx_214,8,285.0,89.0,374.0,97.13
2026-09-25,blastoise_piplup_gx_214,9,768.0,123.0,891.0,122.29
2026-09-25,blastoise_piplup_gx_214,10,670.0,41.0,711.0,592.5
2026-09-25,blastoise_piplup_gx_215,1,13,,13,232.19
2026-09-25,blastoise_piplup_gx_215,2,5,,5,118.0
2026-09-25,blastoise_piplup_gx_215,3,6,,6,131.0
2026-09-25,blastoise_piplup_gx_215,4,16,,16,154.0
2026-09-25,blastoise_piplup_gx_215,5,33,7.0,40,181.0
2026-09-25,blastoise_piplup_gx_215,6,66,15.0,81,226.0
2026-09-25,blastoise_piplup_gx_215,7,150,23.0,173,282.0
2026-09-25,blastoise_piplup_gx_215,8,816,136.0,952,352.15
2026-09-25,blastoise_piplup_gx_215,9,1980,212.0,2192,529.38
2026-09-25,blastoise_piplup_gx_215,10,1532,132.0,1664,2971.79
2026-09-25,blastoise_piplup_gx_38,1,7,,7,115.0
2026-09-25,blastoise_piplup_gx_38,2,3,,3,21.0
2026-09-25,blastoise_piplup_gx_38,3,8,,8,23.0
2026-09-25,blastoise_piplup_gx_38,4,26,4.0,30,27.0
2026-09-25,blastoise_piplup_gx_38,5,37,8.0,45,36.0
2026-09-25,blastoise_piplup_gx_38,6,148,13.0,161,44.0
2026-09-25,blastoise_piplup_gx_38,7,234,43.0,277,55.0
2026-09-25,blastoise_piplup_gx_38,8,953,196.0,1149,72.51
2026-09-25,blastoise_piplup_gx_38,9,2273,334.0,2607,118.27
2026-09-25,blastoise_piplup_gx_38,10,1611,162.0,1773,810.0
2026-09-25,blaziken_vmax_201,1,12,,12,200.0
2026-09-25,blaziken_vmax_201,2,9,,9,49.0
2026-09-25,blaziken_vmax_201,3,16,,16,54.0
2026-09-25,blaziken_vmax_201,4,34,3.0,37,63.0
2026-09-25,blaziken_vmax_201,5,96,8.0,104,74.0
2026-09-25,blaziken_vmax_201,6,197,19.0,216,92.0
2026-09-25,blaziken_vmax_201,7,207,37.0,244,115.5
2026-09-25,blaziken_vmax_201,8,517,150.0,667,303.96
2026-09-25,blaziken_vmax_201,9,2330,310.0,2640,330.0
2026-09-25,blaziken_vmax_201,10,6611,529.0,7140,698.5
2026-09-25,blissey_2,1,3,2,5,20.0
2026-09-25,blissey_2,2,2,1,3,9.0
2026-09-25,blissey_2,3,4,4,8,9.5
2026-09-25,blissey_2,4,24,11,35,11.5
2026-09-25,blissey_2,5,61,13,74,23.5
2026-09-25,blissey_2,6,119,35,154,46.71
2026-09-25,blissey_2,7,194,70,264,62.37
2026-09-25,blissey_2,8,306,129,435,115.63
2026-09-25,blissey_2,9,111,48,159,150.0
2026-09-25,blissey_2,10,1,9,10,1891.46
2026-09-25,blissey_H6,1,8,,8,86.46
2026-09-25,blissey_H6,2,1,,1,44.0
2026-09-25,blissey_H6,3,4,,4,49.0
2026-09-25,blissey_H6,4,10,1.0,11,58.0
2026-09-25,blissey_H6,5,19,5.0,24,99.99
2026-09-25,blissey_H6,6,45,10.0,55,125.0
2026-09-25,blissey_H6,7,73,18.0,91,137.53
2026-09-25,blissey_H6,8,157,41.0,198,203.76
2026-09-25,blissey_H6,9,192,22.0,214,368.62
2026-09-25,blissey_H6,10,87,19.0,106,2443.45
2026-09-25,blissey_ex_101,1,15,,15,70.0
2026-09-25,blissey_ex_101,2,2,,2,25.0
2026-09-25,blissey_ex_101,3,4,,4,28.0
2026-09-25,blissey_ex_101,4,13,5.0,18,32.5
2026-09-25,blissey_ex_101,5,23,6.0,29,35.0
2026-09-25,blissey_ex_101,6,46,11.0,57,40.24
2026-09-25,blissey_ex_101,7,89,29.0,118,115.0
2026-09-25,blissey_ex_101,8,133,37.0,170,250.0
2026-09-25,blissey_ex_101,9,160,29.0,189,532.2
2026-09-25,blissey_ex_101,10,21,17.0,38,2842.57
2026-09-25,bounsweet_13,9,,3,3,10.52
2026-09-25,bounsweet_13,10,,4,4,30.9
2026-09-25,bronzong_16,9,2.0,4,6,27.47
2026-09-25,bronzong_16,10,,2,2,78.07
2026-09-25,bug_catching_set_143,9,,,,10.33
2026-09-25,bug_catching_set_143,10,,1.0,1.0,30.8
2026-09-25,buizel_22,9,1,8,9,10.23
2026-09-25,buizel_22,10,3,3,6,52.01
2026-09-25,buizel_DP13_promo,2,,,,8.0
2026-09-25,buizel_DP13_promo,3,,,,9.0
2026-09-25,buizel_DP13_promo,4,,,,11.0
2026-09-25,buizel_DP13_promo,5,,,,13.0
2026-09-25,buizel_DP13_promo,6,,,,16.0
2026-09-25,buizel_DP13_promo,7,,,,19.99
2026-09-25,buizel_DP13_promo,8,,,,99.99
2026-09-25,buizel_DP13_promo,9,,,,139.67
2026-09-25,buizel_DP13_promo,10,,,,402.76
2026-09-25,bulbasaur_1,2,,,,5.0
2026-09-25,bulbasaur_1,3,,,,5.0
2026-09-25,bulbasaur_1,4,3.0,,3.0,6.0
2026-09-25,bulbasaur_1,5,4.0,,4.0,7.0
2026-09-25,bulbasaur_1,6,11.0,1.0,12.0,9.0
2026-09-25,bulbasaur_1,7,17.0,,17.0,11.0
2026-09-25,bulbasaur_1,8,140.0,7.0,147.0,13.54
2026-09-25,bulbasaur_1,9,881.0,19.0,900.0,45.78
2026-09-25,bulbasaur_1,10,695.0,30.0,725.0,225.7
2026-09-25,bulbasaur_143,2,,,,23.0
2026-09-25,bulbasaur_143,3,13.0,,13.0,26.0
2026-09-25,bulbasaur_143,4,44.0,,44.0,31.0
2026-09-25,bulbasaur_143,5,51.0,,51.0,36.0
2026-09-25,bulbasaur_143,6,128.0,6.0,134.0,45.0
2026-09-25,bulbasaur_143,7,201.0,16.0,217.0,55.99
2026-09-25,bulbasaur_143,8,2254.0,89.0,2343.0,86.5
2026-09-25,bulbasaur_143,9,17294.0,400.0,17694.0,102.99
2026-09-25,bulbasaur_143,10,12590.0,1162.0,13752.0,321.71
2026-09-25,bulbasaur_166,2,,,,24.0
2026-09-25,bulbasaur_166,3,5.0,,5.0,27.0
2026-09-25,bulbasaur_166,4,26.0,,26.0,32.0
2026-09-25,bulbasaur_166,5,38.0,2.0,40.0,38.0
2026-09-25,bulbasaur_166,6,153.0,4.0,157.0,47.5
2026-09-25,bulbasaur_166,7,497.0,23.0,520.0,49.0
2026-09-25,bulbasaur_166,8,4094.0,244.0,4338.0,61.0
2026-09-25,bulbasaur_166,9,15517.0,658.0,16175.0,79.88
2026-09-25,bulbasaur_166,10,8297.0,759.0,9056.0,327.55
2026-09-25,cacturne_15,2,,,,5.0
2026-09-25,cacturne_15,3,,,,6.0
2026-09-25,cacturne_15,4,1.0,,1.0,7.0
2026-09-25,cacturne_15,5,,2.0,2.0,8.0
2026-09-25,cacturne_15,6,,1.0,1.0,10.0
2026-09-25,cacturne_15,7,2.0,4.0,6.0,12.0
2026-09-25,cacturne_15,8,3.0,13.0,16.0,14.99
2026-09-25,cacturne_15,9,10.0,55.0,65.0,16.79
2026-09-25,cacturne_15,10,5.0,52.0,57.0,28.45
2026-09-25,cacturne_ex_91,1,7,,7,67.0
2026-09-25,cacturne_ex_91,2,1,,1,20.0
2026-09-25,cacturne_ex_91,3,2,,2,22.0
2026-09-25,cacturne_ex_91,4,4,3.0,7,26.0
2026-09-25,cacturne_ex_91,5,11,6.0,17,31.0
2026-09-25,cacturne_ex_91,6,25,4.0,29,38.34
2026-09-25,cacturne_ex_91,7,46,5.0,51,63.66
2026-09-25,cacturne_ex_91,8,119,27.0,146,199.95
2026-09-25,cacturne_ex_91,9,125,24.0,149,313.61
2026-09-25,cacturne_ex_91,10,19,9.0,28,4175.5
2026-09-25,camerupt_24,9,,,,10.71
2026-09-25,camerupt_24,10,,,,31.18
2026-09-25,camerupt_ex_92,1,2.0,1.0,3.0,82.99
2026-09-25,camerupt_ex_92,2,,,,27.0
2026-09-25,camerupt_ex_92,3,1.0,2.0,3.0,30.0
2026-09-25,camerupt_ex_92,4,6.0,3.0,9.0,34.99
2026-09-25,camerupt_ex_92,5,11.0,8.0,19.0,35.0
2026-09-25,camerupt_ex_92,6,31.0,9.0,40.0,43.15
2026-09-25,camerupt_ex_92,7,50.0,11.0,61.0,102.5
2026-09-25,camerupt_ex_92,8,91.0,30.0,121.0,231.25
2026-09-25,camerupt_ex_92,9,146.0,23.0,169.0,254.0
2026-09-25,camerupt_ex_92,10,18.0,10.0,28.0,2000.0
2026-09-25,capacious_bucket_156,9,,,,10.61
2026-09-25,capacious_bucket_156,10,,,,31.02
2026-09-25,capsakid_23,9,,,,10.38
2026-09-25,capsakid_23,10,,2.0,2.0,30.81
2026-09-25,carmine_217,2,1,,1,20.0
2026-09-25,carmine_217,3,3,,3,22.0
2026-09-25,carmine_217,4,3,,3,26.0
2026-09-25,carmine_217,5,10,2.0,12,30.0
2026-09-25,carmine_217,6,41,4.0,45,37.0
2026-09-25,carmine_217,7,83,9.0,92,46.0
2026-09-25,carmine_217,8,564,26.0,590,57.74
2026-09-25,carmine_217,9,3047,91.0,3138,64.0
2026-09-25,carmine_217,10,3817,324.0,4141,130.0
2026-09-25,carnivine_4,9,,,,10.04
2026-09-25,carnivine_4,10,,,,30.14
2026-09-25,carnivine_53,8,,5.0,5.0,8.5
2026-09-25,carnivine_53,9,,2.0,2.0,18.96
2026-09-25,carnivine_53,10,,,,53.36
2026-09-25,carvanha_35,9,,2,2,10.22
2026-09-25,carvanha_35,10,,1,1,30.39
2026-09-25,castform_30,2,,,,5.0
2026-09-25,castform_30,3,,,,5.0
2026-09-25,castform_30,4,,,,6.0
2026-09-25,castform_30,5,,,,7.0
2026-09-25,castform_30,6,,2.0,2.0,9.0
2026-09-25,castform_30,7,,2.0,2.0,11.0
2026-09-25,castform_30,8,6.0,14.0,20.0,11.23
2026-09-25,castform_30,9,4.0,6.0,10.0,35.1
2026-09-25,castform_30,10,4.0,6.0,10.0,69.95
2026-09-25,caterpie_10,9,7,3,10,10.55
2026-09-25,caterpie_10,10,9,3,12,34.99
2026-09-25,celebi_145,1,46,2,48,400.01
2026-09-25,celebi_145,2,27,2,29,1209.0
2026-09-25,celebi_145,3,29,2,31,1343.75
2026-09-25,celebi_145,4,70,9,79,1950.0
2026-09-25,celebi_145,5,86,12,98,2106.0
2026-09-25,celebi_145,6,94,9,103,2365.0
2026-09-25,celebi_145,7,89,8,97,2956.0
2026-09-25,celebi_145,8,159,19,178,3695.0
2026-09-25,celebi_145,9,267,17,284,6607.38
2026-09-25,celebi_145,10,216,32,248,27329.51
2026-09-25,celebi_3,1,16,3,19,127.41
2026-09-25,celebi_3,2,5,1,6,36.09
2026-09-25,celebi_3,3,23,4,27,69.5
2026-09-25,celebi_3,4,50,10,60,75.0
2026-09-25,celebi_3,5,107,32,139,115.86
2026-09-25,celebi_3,6,186,55,241,183.39
2026-09-25,celebi_3,7,255,104,359,207.74
2026-09-25,celebi_3,8,458,173,631,219.38
2026-09-25,celebi_3,9,404,74,478,469.4
2026-09-25,celebi_3,10,43,14,57,3150.59
2026-09-25,celebi_ex_117,1,33,,33,297.5
2026-09-25,celebi_ex_117,2,21,1.0,22,203.0
2026-09-25,celebi_ex_117,3,23,2.0,25,225.0
2026-09-25,celebi_ex_117,4,43,4.0,47,350.0
2026-09-25,celebi_ex_117,5,108,6.0,114,669.65
2026-09-25,celebi_ex_117,6,140,14.0,154,845.42
2026-09-25,celebi_ex_117,7,144,24.0,168,1374.88
2026-09-25,celebi_ex_117,8,176,47.0,223,1700.0
2026-09-25,celebi_ex_117,9,191,25.0,216,2832.23
2026-09-25,celebi_ex_117,10,37,18.0,55,42052.5
2026-09-25,celebi_v_245,1,,,,200.0
2026-09-25,celebi_v_245,2,,,,27.0
2026-09-25,celebi_v_245,3,,1.0,1.0,30.0
2026-09-25,celebi_v_245,4,,5.0,5.0,34.75
2026-09-25,celebi_v_245,5,,13.0,13.0,36.92
2026-09-25,celebi_v_245,6,,22.0,22.0,63.0
2026-09-25,celebi_v_245,7,1.0,72.0,73.0,65.0
2026-09-25,celebi_v_245,8,3.0,350.0,353.0,77.57
2026-09-25,celebi_v_245,9,4.0,973.0,977.0,90.0
2026-09-25,celebi_v_245,10,2.0,862.0,864.0,357.36
2026-09-25,celebi_venusaur_gx_1,2,3,,3,15.0
2026-09-25,celebi_venusaur_gx_1,3,7,,7,17.0
2026-09-25,celebi_venusaur_gx_1,4,12,,12,20.0
2026-09-25,celebi_venusaur_gx_1,5,23,5.0,28,23.2
2026-09-25,celebi_venusaur_gx_1,6,51,9.0,60,28.0
2026-09-25,celebi_venusaur_gx_1,7,75,15.0,90,34.75
2026-09-25,celebi_venusaur_gx_1,8,356,95.0,451,46.0
2026-09-25,celebi_venusaur_gx_1,9,1161,153.0,1314,70.0
2026-09-25,celebi_venusaur_gx_1,10,1059,104.0,1163,415.0
2026-09-25,celebi_venusaur_gx_182,2,1.0,,1.0,18.0
2026-09-25,celebi_venusaur_gx_182,3,,,,20.0
2026-09-25,celebi_venusaur_gx_182,4,2.0,,2.0,24.0
2026-09-25,celebi_venusaur_gx_182,5,5.0,1.0,6.0,28.0
2026-09-25,celebi_venusaur_gx_182,6,13.0,4.0,17.0,35.0
2026-09-25,celebi_venusaur_gx_182,7,22.0,3.0,25.0,77.0
2026-09-25,celebi_venusaur_gx_182,8,148.0,49.0,197.0,96.83
2026-09-25,celebi_venusaur_gx_182,9,352.0,44.0,396.0,116.25
2026-09-25,celebi_venusaur_gx_182,10,443.0,36.0,479.0,547.56
2026-09-25,champions_festival_BW95_promo,2,,,,18.0
2026-09-25,champions_festival_BW95_promo,3,1.0,,1.0,20.0
2026-09-25,champions_festival_BW95_promo,4,1.0,,1.0,23.0
2026-09-25,champions_festival_BW95_promo,5,,,,27.0
2026-09-25,champions_festival_BW95_promo,6,2.0,,2.0,34.0
2026-09-25,champions_festival_BW95_promo,7,21.0,,21.0,42.14
2026-09-25,champions_festival_BW95_promo,8,71.0,,71.0,188.78
2026-09-25,champions_festival_BW95_promo,9,145.0,,145.0,475.0
2026-09-25,champions_festival_BW95_promo,10,34.0,,34.0,1075.0
2026-09-25,championship_arena_28_promo,2,,,,550.0
2026-09-25,championship_arena_28_promo,3,,,,939.0
2026-09-25,championship_arena_28_promo,4,,,,1105.0
2026-09-25,championship_arena_28_promo,5,,,,1299.99
2026-09-25,championship_arena_28_promo,6,,,,1541.14
2026-09-25,championship_arena_28_promo,8,,,,2641.58
2026-09-25,championship_arena_28_promo,9,,,,3056.29
2026-09-25,championship_arena_28_promo,10,,,,4626.5
2026-09-25,chandelure_101,2,1,,1,80.0
2026-09-25,chandelure_101,3,3,1.0,4,88.69
2026-09-25,chandelure_101,4,2,1.0,3,106.0
2026-09-25,chandelure_101,5,8,5.0,13,125.0
2026-09-25,chandelure_101,6,17,7.0,24,167.41
2026-09-25,chandelure_101,7,45,10.0,55,213.75
2026-09-25,chandelure_101,8,100,25.0,125,255.0
2026-09-25,chandelure_101,9,119,6.0,125,350.0
2026-09-25,chandelure_101,10,15,,15,1400.51
2026-09-25,chandelure_50,2,,,,4.0
2026-09-25,chandelure_50,3,,,,4.0
2026-09-25,chandelure_50,4,,,,5.0
2026-09-25,chandelure_50,5,,2.0,2.0,6.0
2026-09-25,chandelure_50,6,3.0,3.0,6.0,7.74
2026-09-25,chandelure_50,7,3.0,3.0,6.0,11.0
2026-09-25,chandelure_50,8,10.0,19.0,29.0,14.25
2026-09-25,chandelure_50,9,20.0,10.0,30.0,16.0
2026-09-25,chandelure_50,10,21.0,,21.0,182.94
2026-09-25,charizard_103,1,121,3,124,233.25
2026-09-25,charizard_103,2,64,3,67,184.92
2026-09-25,charizard_103,3,115,15,130,237.45
2026-09-25,charizard_103,4,150,39,189,296.64
2026-09-25,charizard_103,5,271,56,327,373.22
2026-09-25,charizard_103,6,438,50,488,530.5
2026-09-25,charizard_103,7,508,89,597,863.89
2026-09-25,charizard_103,8,676,129,805,1004.85
2026-09-25,charizard_103,9,502,28,530,3525.59
2026-09-25,charizard_103,10,49,5,54,12499.5
2026-09-25,charizard_11,1,186,4,190,131.09
2026-09-25,charizard_11,2,99,8,107,44.0
2026-09-25,charizard_11,3,184,17,201,49.0
2026-09-25,charizard_11,4,345,45,390,58.0
2026-09-25,charizard_11,5,858,130,988,58.0
2026-09-25,charizard_11,6,1977,239,2216,73.0
2026-09-25,charizard_11,7,4252,518,4770,91.0
2026-09-25,charizard_11,8,18419,4045,22464,113.0
2026-09-25,charizard_11,9,23988,2818,26806,216.25
2026-09-25,charizard_11,10,600,347,947,8576.5
2026-09-25,charizard_136,1,99,2,101,400.0
2026-09-25,charizard_136,2,45,6,51,345.0
2026-09-25,charizard_136,3,71,13,84,370.0
2026-09-25,charizard_136,4,104,17,121,435.06
2026-09-25,charizard_136,5,158,21,179,700.0
2026-09-25,charizard_136,6,268,26,294,899.0
2026-09-25,charizard_136,7,483,50,533,1076.89
2026-09-25,charizard_136,8,899,119,1018,1569.63
2026-09-25,charizard_136,9,747,21,768,3574.5
2026-09-25,charizard_136,10,78,1,79,74423.66
2026-09-25,charizard_146,1,187,5,192,5438.76
2026-09-25,charizard_146,2,67,11,78,5220.0
2026-09-25,charizard_146,3,87,13,100,5800.0
2026-09-25,charizard_146,4,107,21,128,6079.0
2026-09-25,charizard_146,5,141,32,173,7152.0
2026-09-25,charizard_146,6,125,11,136,8940.0
2026-09-25,charizard_146,7,125,8,133,11175.0
2026-09-25,charizard_146,8,189,25,214,13968.74
2026-09-25,charizard_146,9,348,15,363,35807.8
2026-09-25,charizard_146,10,249,49,298,113071.62
2026-09-25,charizard_19,1,38,2,40,121.34
2026-09-25,charizard_19,2,13,2,15,25.0
2026-09-25,charizard_19,3,37,5,42,28.0
2026-09-25,charizard_19,4,79,7,86,33.0
2026-09-25,charizard_19,5,193,41,234,46.33
2026-09-25,charizard_19,6,341,72,413,80.23
2026-09-25,charizard_19,7,441,140,581,100.0
2026-09-25,charizard_19,8,889,273,1162,165.15
2026-09-25,charizard_19,9,459,68,527,466.68
2026-09-25,charizard_19,10,10,4,14,5422.79
2026-09-25,charizard_3,1,173,5,178,180.75
2026-09-25,charizard_3,2,101,13,114,100.25
2026-09-25,charizard_3,3,147,27,174,121.0
2026-09-25,charizard_3,4,247,73,320,142.41
2026-09-25,charizard_3,5,341,92,433,152.5
2026-09-25,charizard_3,6,430,114,544,199.86
2026-09-25,charizard_3,7,499,95,594,218.0
2026-09-25,charizard_3,8,503,123,626,310.0
2026-09-25,charizard_3,9,359,27,386,1250.0
2026-09-25,charizard_3,10,82,15,97,4848.0
2026-09-25,charizard_4,1,1080,39,1119,298.91
2026-09-25,charizard_4,2,691,67,758,198.0
2026-09-25,charizard_4,3,1098,144,1242,220.0
2026-09-25,charizard_4,4,1877,317,2194,259.31
2026-09-25,charizard_4,5,3511,514,4025,310.73
2026-09-25,charizard_4,6,4149,595,4744,392.07
2026-09-25,charizard_4,7,4059,838,4897,450.0
2026-09-25,charizard_4,8,3828,1160,4988,719.0
2026-09-25,charizard_4,9,1391,287,1678,1523.94
2026-09-25,charizard_4,10,70,86,156,8632.37
2026-09-25,charizard_4_crystal_guardians,1,518,11,529,289.51
2026-09-25,charizard_4_crystal_guardians,2,177,14,191,217.5
2026-09-25,charizard_4_crystal_guardians,3,249,38,287,290.0
2026-09-25,charizard_4_crystal_guardians,4,326,73,399,377.5
2026-09-25,charizard_4_crystal_guardians,5,594,103,697,395.0
2026-09-25,charizard_4_crystal_guardians,6,839,100,939,582.96
2026-09-25,charizard_4_crystal_guardians,7,898,120,1018,730.87
2026-09-25,charizard_4_crystal_guardians,8,1014,179,1193,1100.0
2026-09-25,charizard_4_crystal_guardians,9,689,73,762,2012.5
2026-09-25,charizard_4_crystal_guardians,10,80,29,109,14042.85
2026-09-25,charizard_6,1,99,1,100,136.9
2026-09-25,charizard_6,2,41,3,44,80.32
2026-09-25,charizard_6,3,75,15,90,103.21
2026-09-25,charizard_6,4,133,36,169,142.75
2026-09-25,charizard_6,5,222,58,280,144.5
2026-09-25,charizard_6,6,391,57,448,256.94
2026-09-25,charizard_6,7,480,71,551,352.17
2026-09-25,charizard_6,8,590,149,739,461.0
2026-09-25,charizard_6,9,693,71,764,907.77
2026-09-25,charizard_6,10,151,33,184,10820.71
2026-09-25,charizard_braixen_gx_212,1,1,,1,161.61
2026-09-25,charizard_braixen_gx_212,2,3,,3,10.0
2026-09-25,charizard_braixen_gx_212,3,2,,2,11.0
2026-09-25,charizard_braixen_gx_212,4,5,2.0,7,13.0
2026-09-25,charizard_braixen_gx_212,5,14,3.0,17,15.0
2026-09-25,charizard_braixen_gx_212,6,33,6.0,39,18.23
2026-09-25,charizard_braixen_gx_212,7,84,21.0,105,53.0
2026-09-25,charizard_braixen_gx_212,8,409,147.0,556,66.01
2026-09-25,charizard_braixen_gx_212,9,1237,205.0,1442,113.06
2026-09-25,charizard_braixen_gx_212,10,1107,75.0,1182,524.6
2026-09-25,charizard_ex_100,1,86,3,89,161.51
2026-09-25,charizard_ex_100,2,36,3,39,68.0
2026-09-25,charizard_ex_100,3,51,4,55,75.0
2026-09-25,charizard_ex_100,4,83,16,99,87.92
2026-09-25,charizard_ex_100,5,191,29,220,141.45
2026-09-25,charizard_ex_100,6,411,54,465,201.95
2026-09-25,charizard_ex_100,7,782,126,908,261.0
2026-09-25,charizard_ex_100,8,1089,206,1295,370.0
2026-09-25,charizard_ex_100,9,1009,19,1028,904.83
2026-09-25,charizard_ex_100,10,184,1,185,8600.0
2026-09-25,charizard_ex_199,1,21,,21,382.04
2026-09-25,charizard_ex_199,2,9,,9,150.0
2026-09-25,charizard_ex_199,3,27,,27,156.0
2026-09-25,charizard_ex_199,4,70,1.0,71,183.0
2026-09-25,charizard_ex_199,5,175,11.0,186,215.64
2026-09-25,charizard_ex_199,6,886,34.0,920,300.0
2026-09-25,charizard_ex_199,7,3283,168.0,3451,320.32
2026-09-25,charizard_ex_199,8,17805,993.0,18798,323.65
2026-09-25,charizard_ex_199,9,47519,1809.0,49328,370.3
2026-09-25,charizard_ex_199,10,27631,2048.0,29679,1412.5
2026-09-25,charizard_ex_223,1,19,,19,160.0
2026-09-25,charizard_ex_223,2,11,1.0,12,51.0
2026-09-25,charizard_ex_223,3,19,,19,56.8
2026-09-25,charizard_ex_223,4,75,4.0,79,59.0
2026-09-25,charizard_ex_223,5,207,24.0,231,69.5
2026-09-25,charizard_ex_223,6,681,38.0,719,76.46
2026-09-25,charizard_ex_223,7,1987,127.0,2114,80.5
2026-09-25,charizard_ex_223,8,10966,1020.0,11986,96.13
2026-09-25,charizard_ex_223,9,27843,1696.0,29539,130.26
2026-09-25,charizard_ex_223,10,12647,1234.0,13881,739.65
2026-09-25,charizard_ex_XY121_promo,2,,,,10.0
2026-09-25,charizard_ex_XY121_promo,3,,,,11.5
2026-09-25,charizard_ex_XY121_promo,4,,,,13.0
2026-09-25,charizard_ex_XY121_promo,5,,,,14.99
2026-09-25,charizard_ex_XY121_promo,6,,,,23.13
2026-09-25,charizard_ex_XY121_promo,7,,,,24.25
2026-09-25,charizard_ex_XY121_promo,8,,,,25.0
2026-09-25,charizard_ex_XY121_promo,9,,,,41.0
2026-09-25,charizard_ex_XY121_promo,10,,,,151.25
2026-09-25,charizard_gx_150,1,66,4,70,279.73
2026-09-25,charizard_gx_150,2,28,1,29,112.0
2026-09-25,charizard_gx_150,3,43,7,50,123.93
2026-09-25,charizard_gx_150,4,54,12,66,197.45
2026-09-25,charizard_gx_150,5,160,23,183,258.03
2026-09-25,charizard_gx_150,6,335,24,359,274.14
2026-09-25,charizard_gx_150,7,845,73,918,390.66
2026-09-25,charizard_gx_150,8,1819,511,2330,434.0
2026-09-25,charizard_gx_150,9,2469,119,2588,864.11
2026-09-25,charizard_gx_150,10,834,9,843,6900.0
2026-09-25,charizard_gx_sv49,1,17,1.0,18,299.98
2026-09-25,charizard_gx_sv49,2,7,,7,129.0
2026-09-25,charizard_gx_sv49,3,21,3.0,24,143.0
2026-09-25,charizard_gx_sv49,4,30,4.0,34,168.0
2026-09-25,charizard_gx_sv49,5,55,13.0,68,198.0
2026-09-25,charizard_gx_sv49,6,102,12.0,114,247.27
2026-09-25,charizard_gx_sv49,7,137,18.0,155,442.17
2026-09-25,charizard_gx_sv49,8,1445,128.0,1573,513.82
2026-09-25,charizard_gx_sv49,9,7608,784.0,8392,634.08
2026-09-25,charizard_gx_sv49,10,9226,908.0,10134,1356.06
2026-09-25,charizard_spirit_link_75,1,1.0,,1.0,8.5
2026-09-25,charizard_spirit_link_75,2,1.0,,1.0,7.0
2026-09-25,charizard_spirit_link_75,3,,,,8.0
2026-09-25,charizard_spirit_link_75,4,2.0,1.0,3.0,9.0
2026-09-25,charizard_spirit_link_75,5,11.0,,11.0,10.46
2026-09-25,charizard_spirit_link_75,6,17.0,5.0,22.0,11.0
2026-09-25,charizard_spirit_link_75,7,27.0,11.0,38.0,14.0
2026-09-25,charizard_spirit_link_75,8,107.0,150.0,257.0,17.0
2026-09-25,charizard_spirit_link_75,9,365.0,97.0,462.0,27.0
2026-09-25,charizard_spirit_link_75,10,170.0,18.0,188.0,300.0
2026-09-25,charizard_v_154,1,25,,25,188.36
2026-09-25,charizard_v_154,2,6,,6,70.0
2026-09-25,charizard_v_154,3,22,,22,78.0
2026-09-25,charizard_v_154,4,60,4.0,64,92.0
2026-09-25,charizard_v_154,5,118,19.0,137,123.0
2026-09-25,charizard_v_154,6,305,33.0,338,154.0
2026-09-25,charizard_v_154,7,505,72.0,577,192.0
2026-09-25,charizard_v_154,8,2432,480.0,2912,240.0
2026-09-25,charizard_v_154,9,11659,1494.0,13153,292.5
2026-09-25,charizard_v_154,10,15569,1658.0,17227,741.14
2026-09-25,charizard_vmax_20,1,6,,6,16.79
2026-09-25,charizard_vmax_20,2,8,1.0,9,15.0
2026-09-25,charizard_vmax_20,3,24,2.0,26,17.0
2026-09-25,charizard_vmax_20,4,52,4.0,56,20.25
2026-09-25,charizard_vmax_20,5,126,18.0,144,26.0
2026-09-25,charizard_vmax_20,6,276,45.0,321,28.24
2026-09-25,charizard_vmax_20,7,294,97.0,391,32.44
2026-09-25,charizard_vmax_20,8,1083,757.0,1840,42.5
2026-09-25,charizard_vmax_20,9,6678,2700.0,9378,53.56
2026-09-25,charizard_vmax_20,10,22876,2993.0,25869,149.53
2026-09-25,charizard_vstar_174,1,7,1,8,79.0
2026-09-25,charizard_vstar_174,2,3,1,4,18.0
2026-09-25,charizard_vstar_174,3,13,1,14,20.0
2026-09-25,charizard_vstar_174,4,57,4,61,23.62
2026-09-25,charizard_vstar_174,5,114,18,132,28.0
2026-09-25,charizard_vstar_174,6,174,25,199,35.0
2026-09-25,charizard_vstar_174,7,336,72,408,50.0
2026-09-25,charizard_vstar_174,8,1977,375,2352,60.0
2026-09-25,charizard_vstar_174,9,7974,1579,9553,81.65
2026-09-25,charizard_vstar_174,10,12475,1804,14279,204.73
2026-09-25,charizard_vstar_18,2,,,,7.0
2026-09-25,charizard_vstar_18,3,,1.0,1.0,8.0
2026-09-25,charizard_vstar_18,4,,4.0,4.0,9.0
2026-09-25,charizard_vstar_18,5,,11.0,11.0,11.0
2026-09-25,charizard_vstar_18,6,,16.0,16.0,15.0
2026-09-25,charizard_vstar_18,7,,51.0,51.0,18.42
2026-09-25,charizard_vstar_18,8,2.0,297.0,299.0,19.94
2026-09-25,charizard_vstar_18,9,,1058.0,1058.0,32.85
2026-09-25,charizard_vstar_18,10,3.0,1152.0,1155.0,120.0
2026-09-25,charmander_11,2,,,,4.0
2026-09-25,charmander_11,3,,,,4.0
2026-09-25,charmander_11,4,,,,5.0
2026-09-25,charmander_11,5,,,,6.0
2026-09-25,charmander_11,6,2.0,2.0,4.0,7.5
2026-09-25,charmander_11,8,8.0,14.0,22.0,35.0
2026-09-25,charmander_11,9,18.0,9.0,27.0,39.0
2026-09-25,charmander_11,10,16.0,2.0,18.0,47.0
2026-09-25,charmander_168,2,4,,4,15.0
2026-09-25,charmander_168,3,7,,7,17.0
2026-09-25,charmander_168,4,23,,23,20.0
2026-09-25,charmander_168,5,85,6.0,91,24.0
2026-09-25,charmander_168,6,399,11.0,410,29.93
2026-09-25,charmander_168,7,1319,59.0,1378,82.91
2026-09-25,charmander_168,8,6667,430.0,7097,94.21
2026-09-25,charmander_168,9,18916,734.0,19650,120.26
2026-09-25,charmander_168,10,8740,780.0,9520,619.02
2026-09-25,charmander_4,2,,,,3.0
2026-09-25,charmander_4,3,,,,3.0
2026-09-25,charmander_4,4,,,,3.0
2026-09-25,charmander_4,5,1.0,,1.0,4.0
2026-09-25,charmander_4,6,,,,5.0
2026-09-25,charmander_4,7,5.0,1.0,6.0,6.5
2026-09-25,charmander_4,8,17.0,7.0,24.0,13.5
2026-09-25,charmander_4,9,85.0,23.0,108.0,28.66
2026-09-25,charmander_4,10,56.0,31.0,87.0,100.41
2026-09-25,cherrim_14,9,,,,29.43
2026-09-25,cherrim_14,10,,1.0,1.0,82.48
2026-09-25,chinchou_57,8,,1.0,1.0,13.2
2026-09-25,chinchou_57,9,,2.0,2.0,15.0
2026-09-25,chinchou_57,10,,,,32.78
2026-09-25,clamperl_51,2,,,,4.0
2026-09-25,clamperl_51,3,,,,4.0
2026-09-25,clamperl_51,4,,1.0,1.0,5.0
2026-09-25,clamperl_51,5,,2.0,2.0,5.5
2026-09-25,clamperl_51,9,6.0,39.0,45.0,46.81
2026-09-25,clamperl_51,10,11.0,121.0,132.0,70.0
2026-09-25,clawitzer_141,2,,,,3.0
2026-09-25,clawitzer_141,3,,,,3.0
2026-09-25,clawitzer_141,4,,1.0,1.0,3.0
2026-09-25,clawitzer_141,5,1.0,,1.0,3.0
2026-09-25,clawitzer_141,6,6.0,1.0,7.0,3.25
2026-09-25,clawitzer_141,7,18.0,14.0,32.0,9.0
2026-09-25,clawitzer_141,8,70.0,47.0,117.0,10.77
2026-09-25,clawitzer_141,9,619.0,119.0,738.0,16.04
2026-09-25,clawitzer_141,10,1312.0,591.0,1903.0,45.31
2026-09-25,claydol_145,9,,2.0,2.0,7.5
2026-09-25,claydol_145,10,,,,30.5
2026-09-25,clefable_1,1,24,2,26,49.56
2026-09-25,clefable_1,2,30,5,35,14.0
2026-09-25,clefable_1,3,80,24,104,16.0
2026-09-25,clefable_1,4,214,80,294,18.95
2026-09-25,clefable_1,5,639,141,780,24.15
2026-09-25,clefable_1,6,877,283,1160,29.05
2026-09-25,clefable_1,7,1115,411,1526,36.5
2026-09-25,clefable_1,8,1406,672,2078,70.01
2026-09-25,clefable_1,9,670,244,914,149.69
2026-09-25,clefable_1,10,35,44,79,2175.47
2026-09-25,clefairy_144,8,,2.0,2.0,14.0
2026-09-25,clefairy_144,9,,1.0,1.0,19.27
2026-09-25,clefairy_144,10,,,,37.32
2026-09-25,clefairy_39,9,7,7,14,9.23
2026-09-25,clefairy_39,10,14,10,24,25.85
2026-09-25,clefairy_74,9,3,4,7,7.2
2026-09-25,clefairy_74,10,5,1,6,34.95
2026-09-25,cloyster_14,2,,,,3.0
2026-09-25,cloyster_14,3,,1.0,1.0,3.0
2026-09-25,cloyster_14,4,,1.0,1.0,3.0
2026-09-25,cloyster_14,5,,1.0,1.0,4.0
2026-09-25,cloyster_14,6,,6.0,6.0,5.0
2026-09-25,cloyster_14,7,1.0,18.0,19.0,6.0
2026-09-25,cloyster_14,8,3.0,32.0,35.0,7.5
2026-09-25,cloyster_14,9,11.0,32.0,43.0,48.0
2026-09-25,cloyster_14,10,9.0,15.0,24.0,124.29
2026-09-25,colress_135,2,,,,17.0
2026-09-25,colress_135,3,3.0,,3.0,19.0
2026-09-25,colress_135,4,6.0,1.0,7.0,22.02
2026-09-25,colress_135,5,21.0,1.0,22.0,31.0
2026-09-25,colress_135,6,41.0,13.0,54.0,39.0
2026-09-25,colress_135,7,96.0,15.0,111.0,48.53
2026-09-25,colress_135,8,128.0,31.0,159.0,117.5
2026-09-25,colress_135,9,113.0,11.0,124.0,200.25
2026-09-25,colress_135,10,12.0,1.0,13.0,25000.0
2026-09-25,combusken_27,8,,4.0,4.0,12.51
2026-09-25,combusken_27,9,2.0,1.0,3.0,14.0
2026-09-25,combusken_27,10,,,,34.41
2026-09-25,combusken_9_promo,2,,,,24.0
2026-09-25,combusken_9_promo,3,,,,27.0
2026-09-25,combusken_9_promo,4,,,,31.76
2026-09-25,combusken_9_promo,5,,,,35.0
2026-09-25,combusken_9_promo,6,,,,44.0
2026-09-25,combusken_9_promo,7,,,,54.63
2026-09-25,combusken_9_promo,8,,,,74.69
2026-09-25,combusken_9_promo,9,,,,193.42
2026-09-25,combusken_9_promo,10,,,,449.08
2026-09-25,conkeldurr_67,9,,,,13.89
2026-09-25,conkeldurr_67,10,,,,38.08
2026-09-25,cool_porygon_15_promo,1,27,,27,118.93
2026-09-25,cool_porygon_15_promo,2,13,,13,39.0
2026-09-25,cool_porygon_15_promo,3,48,,48,43.0
2026-09-25,cool_porygon_15_promo,4,126,,126,50.0
2026-09-25,cool_porygon_15_promo,5,255,,255,59.0
2026-09-25,cool_porygon_15_promo,6,293,,293,72.0
2026-09-25,cool_porygon_15_promo,7,438,,438,84.5
2026-09-25,cool_porygon_15_promo,8,1435,,1435,102.31
2026-09-25,cool_porygon_15_promo,9,1428,,1428,196.62
2026-09-25,cool_porygon_15_promo,10,169,,169,3553.9
2026-09-25,copycat_73,2,,,,3.0
2026-09-25,copycat_73,3,,,,3.0
2026-09-25,copycat_73,4,,,,4.0
2026-09-25,copycat_73,5,,,,5.0
2026-09-25,copycat_73,6,,,,6.0
2026-09-25,copycat_73,7,2.0,2.0,4.0,7.5
2026-09-25,copycat_73,8,3.0,4.0,7.0,10.67
2026-09-25,copycat_73,9,5.0,3.0,8.0,33.0
2026-09-25,copycat_73,10,4.0,,4.0,40.0
2026-09-25,cramorant_v_54,2,,,,3.0
2026-09-25,cramorant_v_54,3,,,,3.0
2026-09-25,cramorant_v_54,4,,,,3.0
2026-09-25,cramorant_v_54,5,,2.0,2.0,4.0
2026-09-25,cramorant_v_54,6,,1.0,1.0,5.0
2026-09-25,cramorant_v_54,7,1.0,5.0,6.0,6.0
2026-09-25,cramorant_v_54,8,7.0,65.0,72.0,8.0
2026-09-25,cramorant_v_54,9,70.0,218.0,288.0,10.0
2026-09-25,cramorant_v_54,10,99.0,164.0,263.0,41.0
2026-09-25,crawdaunt_ex_99,1,16,1,17,63.92
2026-09-25,crawdaunt_ex_99,2,5,2,7,17.0
2026-09-25,crawdaunt_ex_99,3,6,2,8,18.39
2026-09-25,crawdaunt_ex_99,4,15,6,21,31.99
2026-09-25,crawdaunt_ex_99,5,30,8,38,36.0
2026-09-25,crawdaunt_ex_99,6,62,16,78,62.19
2026-09-25,crawdaunt_ex_99,7,95,13,108,87.0
2026-09-25,crawdaunt_ex_99,8,165,65,230,197.5
2026-09-25,crawdaunt_ex_99,9,157,30,187,248.04
2026-09-25,crawdaunt_ex_99,10,42,17,59,2725.0
2026-09-25,cresselia_ex_67,2,,,,3.0
2026-09-25,cresselia_ex_67,3,,,,3.0
2026-09-25,cresselia_ex_67,4,,1.0,1.0,3.0
2026-09-25,cresselia_ex_67,5,,1.0,1.0,3.0
2026-09-25,cresselia_ex_67,6,,,,4.0
2026-09-25,cresselia_ex_67,7,5.0,2.0,7.0,5.5
2026-09-25,cresselia_ex_67,8,11.0,12.0,23.0,26.0
2026-09-25,cresselia_ex_67,9,33.0,3.0,36.0,60.95
2026-09-25,cresselia_ex_67,10,16.0,1.0,17.0,1262.5
2026-09-25,croagunk_60,8,,30,30,9.05
2026-09-25,croagunk_60,9,,18,18,15.52
2026-09-25,croagunk_60,10,,32,32,45.2
2026-09-25,crobat_147,1,29,,29,505.15
2026-09-25,crobat_147,2,18,,18,248.18
2026-09-25,crobat_147,3,30,2.0,32,415.46
2026-09-25,crobat_147,4,39,5.0,44,662.5
2026-09-25,crobat_147,5,82,3.0,85,985.27
2026-09-25,crobat_147,6,128,12.0,140,1278.59
2026-09-25,crobat_147,7,126,12.0,138,1799.99
2026-09-25,crobat_147,8,158,34.0,192,1999.0
2026-09-25,crobat_147,9,275,22.0,297,2276.69
2026-09-25,crobat_147,10,100,29.0,129,10518.84
2026-09-25,crobat_4,2,3,,3,12.5
2026-09-25,crobat_4,3,3,2.0,5,20.0
2026-09-25,crobat_4,4,9,1.0,10,24.0
2026-09-25,crobat_4,5,25,15.0,40,28.0
2026-09-25,crobat_4,6,60,23.0,83,35.24
2026-09-25,crobat_4,7,80,40.0,120,56.4
2026-09-25,crobat_4,8,200,106.0,306,99.7
2026-09-25,crobat_4,9,173,40.0,213,124.99
2026-09-25,crobat_4,10,22,7.0,29,192.11
2026-09-25,crobat_H5,1,6.0,,6.0,176.99
2026-09-25,crobat_H5,2,,,,39.0
2026-09-25,crobat_H5,3,1.0,1.0,2.0,43.0
2026-09-25,crobat_H5,4,5.0,1.0,6.0,50.0
2026-09-25,crobat_H5,5,23.0,9.0,32.0,170.28
2026-09-25,crobat_H5,6,30.0,5.0,35.0,256.89
2026-09-25,crobat_H5,7,60.0,13.0,73.0,399.99
2026-09-25,crobat_H5,8,119.0,20.0,139.0,603.75
2026-09-25,crobat_H5,9,256.0,27.0,283.0,771.31
2026-09-25,crobat_H5,10,133.0,34.0,167.0,3194.3
2026-09-25,crobat_ex_96,1,10,4,14,75.0
2026-09-25,crobat_ex_96,2,4,2,6,21.0
2026-09-25,crobat_ex_96,3,5,3,8,23.0
2026-09-25,crobat_ex_96,4,11,6,17,26.97
2026-09-25,crobat_ex_96,5,16,5,21,72.0
2026-09-25,crobat_ex_96,6,48,11,59,89.99
2026-09-25,crobat_ex_96,7,65,13,78,112.5
2026-09-25,crobat_ex_96,8,152,51,203,188.8
2026-09-25,crobat_ex_96,9,153,25,178,406.25
2026-09-25,crobat_ex_96,10,39,14,53,2336.76
2026-09-25,crobat_v_44,8,17,115,132,3.0
2026-09-25,crobat_v_44,9,112,317,429,10.49
2026-09-25,crobat_v_44,10,137,216,353,33.62
2026-09-25,croconaw_32,2,,,,3.0
2026-09-25,croconaw_32,3,1.0,,1.0,3.0
2026-09-25,croconaw_32,4,6.0,3.0,9.0,3.0
2026-09-25,croconaw_32,5,5.0,4.0,9.0,4.0
2026-09-25,croconaw_32,6,10.0,11.0,21.0,5.0
2026-09-25,croconaw_32,7,29.0,29.0,58.0,11.44
2026-09-25,croconaw_32,8,90.0,53.0,143.0,18.36
2026-09-25,croconaw_32,9,266.0,38.0,304.0,36.99
2026-09-25,croconaw_32,10,125.0,14.0,139.0,52.16
2026-09-25,cubone_50,2,1,3,4,8.0
2026-09-25,cubone_50,3,8,9,17,9.0
2026-09-25,cubone_50,4,10,23,33,10.76
2026-09-25,cubone_50,5,37,68,105,12.0
2026-09-25,cubone_50,6,84,185,269,15.0
2026-09-25,cubone_50,7,115,259,374,19.0
2026-09-25,cubone_50,8,243,587,830,34.8
2026-09-25,cubone_50,9,409,269,678,52.67
2026-09-25,cubone_50,10,183,114,297,375.0
2026-09-25,cursed_duster_161,9,,1,1,10.09
2026-09-25,cursed_duster_161,10,2.0,1,3,30.19
2026-09-25,cyclone_energy_143,8,6,8,14,12.0
2026-09-25,cyclone_energy_143,9,32,10,42,19.0
2026-09-25,cyclone_energy_143,10,31,17,48,271.9
2026-09-25,cyndaquil_79,2,,,,4.0
2026-09-25,cyndaquil_79,3,,,,4.0
2026-09-25,cyndaquil_79,4,,1.0,1.0,5.0
2026-09-25,cyndaquil_79,5,,,,6.0
2026-09-25,cyndaquil_79,6,1.0,4.0,5.0,8.0
2026-09-25,cyndaquil_79,7,2.0,8.0,10.0,10.0
2026-09-25,cyndaquil_79,8,2.0,7.0,9.0,12.93
2026-09-25,cyndaquil_79,9,8.0,7.0,15.0,39.0
2026-09-25,cyndaquil_79,10,6.0,14.0,20.0,73.34
2026-09-25,cynthia_148,1,1,,1,113.5
2026-09-25,cynthia_148,2,1,,1,68.0
2026-09-25,cynthia_148,3,6,,6,76.0
2026-09-25,cynthia_148,4,7,,7,89.0
2026-09-25,cynthia_148,5,8,3.0,11,105.0
2026-09-25,cynthia_148,6,32,4.0,36,131.0
2026-09-25,cynthia_148,7,55,19.0,74,163.5
2026-09-25,cynthia_148,8,271,91.0,362,185.55
2026-09-25,cynthia_148,9,797,90.0,887,243.08
2026-09-25,cynthia_148,10,769,62.0,831,765.5
2026-09-25,cynthia_caitlin_228,1,3,,3,304.88
2026-09-25,cynthia_caitlin_228,2,1,,1,64.0
2026-09-25,cynthia_caitlin_228,3,5,,5,71.0
2026-09-25,cynthia_caitlin_228,4,4,,4,83.0
2026-09-25,cynthia_caitlin_228,5,11,2.0,13,98.0
2026-09-25,cynthia_caitlin_228,6,30,6.0,36,122.52
2026-09-25,cynthia_caitlin_228,7,41,8.0,49,143.58
2026-09-25,cynthia_caitlin_228,8,267,57.0,324,156.23
2026-09-25,cynthia_caitlin_228,9,713,118.0,831,173.88
2026-09-25,cynthia_caitlin_228,10,957,65.0,1022,478.53
2026-09-25,dark_alakazam_1,1,43,,43,92.94
2026-09-25,dark_alakazam_1,2,34,5.0,39,9.0
2026-09-25,dark_alakazam_1,3,62,8.0,70,20.0
2026-09-25,dark_alakazam_1,4,147,37.0,184,35.57
2026-09-25,dark_alakazam_1,5,436,79.0,515,36.0
2026-09-25,dark_alakazam_1,6,652,164.0,816,56.35
2026-09-25,dark_alakazam_1,7,953,229.0,1182,59.0
2026-09-25,dark_alakazam_1,8,1395,482.0,1877,97.0
2026-09-25,dark_alakazam_1,9,829,201.0,1030,192.5
2026-09-25,dark_alakazam_1,10,65,29.0,94,2279.15
2026-09-25,dark_ampharos_1,1,6,,6,112.5
2026-09-25,dark_ampharos_1,2,8,2.0,10,32.0
2026-09-25,dark_ampharos_1,3,12,1.0,13,39.35
2026-09-25,dark_ampharos_1,4,27,5.0,32,44.0
2026-09-25,dark_ampharos_1,5,70,21.0,91,52.0
2026-09-25,dark_ampharos_1,6,115,32.0,147,64.5
2026-09-25,dark_ampharos_1,7,175,58.0,233,104.22
2026-09-25,dark_ampharos_1,8,239,120.0,359,154.99
2026-09-25,dark_ampharos_1,9,234,44.0,278,206.53
2026-09-25,dark_ampharos_1,10,42,17.0,59,2499.99
2026-09-25,dark_ampharos_2,1,2,1.0,3,24.99
2026-09-25,dark_ampharos_2,2,2,,2,32.0
2026-09-25,dark_ampharos_2,3,4,1.0,5,35.0
2026-09-25,dark_ampharos_2,4,3,2.0,5,41.0
2026-09-25,dark_ampharos_2,5,8,2.0,10,43.49
2026-09-25,dark_ampharos_2,6,27,7.0,34,58.0
2026-09-25,dark_ampharos_2,7,45,12.0,57,102.55
2026-09-25,dark_ampharos_2,8,137,33.0,170,136.18
2026-09-25,dark_ampharos_2,9,146,46.0,192,277.27
2026-09-25,dark_ampharos_2,10,36,11.0,47,1840.0
2026-09-25,dark_ariados_30,2,1,,1,4.0
2026-09-25,dark_ariados_30,3,1,1.0,2,4.0
2026-09-25,dark_ariados_30,4,1,,1,5.0
2026-09-25,dark_ariados_30,5,1,1.0,2,6.0
2026-09-25,dark_ariados_30,6,1,,1,8.0
2026-09-25,dark_ariados_30,7,4,5.0,9,10.5
2026-09-25,dark_ariados_30,8,10,30.0,40,13.85
2026-09-25,dark_ariados_30,9,37,24.0,61,31.59
2026-09-25,dark_ariados_30,10,26,33.0,59,81.0
2026-09-25,dark_blastoise_3,1,227,,227,126.32
2026-09-25,dark_blastoise_3,2,136,6.0,142,51.0
2026-09-25,dark_blastoise_3,3,282,45.0,327,74.0
2026-09-25,dark_blastoise_3,4,574,98.0,672,86.61
2026-09-25,dark_blastoise_3,5,1411,230.0,1641,94.37
2026-09-25,dark_blastoise_3,6,1864,320.0,2184,139.2
2026-09-25,dark_blastoise_3,7,2297,429.0,2726,180.95
2026-09-25,dark_blastoise_3,8,2793,825.0,3618,261.35
2026-09-25,dark_blastoise_3,9,1142,301.0,1443,348.66
2026-09-25,dark_blastoise_3,10,65,53.0,118,1400.0
2026-09-25,dark_blastoise_4,1,7,,7,112.84
2026-09-25,dark_blastoise_4,2,9,1.0,10,23.0
2026-09-25,dark_blastoise_4,3,11,6.0,17,26.0
2026-09-25,dark_blastoise_4,4,19,5.0,24,31.0
2026-09-25,dark_blastoise_4,5,42,12.0,54,37.0
2026-09-25,dark_blastoise_4,6,60,12.0,72,46.0
2026-09-25,dark_blastoise_4,7,66,20.0,86,58.0
2026-09-25,dark_blastoise_4,8,83,28.0,111,72.5
2026-09-25,dark_blastoise_4,9,73,14.0,87,324.0
2026-09-25,dark_blastoise_4,10,35,6.0,41,2000.0
2026-09-25,dark_charizard_21,1,223,,223,99.99
2026-09-25,dark_charizard_21,2,171,13.0,184,35.0
2026-09-25,dark_charizard_21,3,277,45.0,322,39.0
2026-09-25,dark_charizard_21,4,547,151.0,698,46.0
2026-09-25,dark_charizard_21,5,944,251.0,1195,54.0
2026-09-25,dark_charizard_21,6,1356,351.0,1707,67.5
2026-09-25,dark_charizard_21,7,1667,395.0,2062,104.1
2026-09-25,dark_charizard_21,8,2189,742.0,2931,146.25
2026-09-25,dark_charizard_21,9,1481,318.0,1799,207.5
2026-09-25,dark_charizard_21,10,243,49.0,292,1625.0
2026-09-25,dark_charizard_4,1,586,17,603,215.0
2026-09-25,dark_charizard_4,2,371,37,408,129.47
2026-09-25,dark_charizard_4,3,626,85,711,130.62
2026-09-25,dark_charizard_4,4,1148,179,1327,180.35
2026-09-25,dark_charizard_4,5,2244,338,2582,236.5
2026-09-25,dark_charizard_4,6,3022,451,3473,250.0
2026-09-25,dark_charizard_4,7,3407,618,4025,352.0
2026-09-25,dark_charizard_4,8,4208,997,5205,471.7
2026-09-25,dark_charizard_4,9,2398,357,2755,750.0
2026-09-25,dark_charizard_4,10,176,71,247,8822.02
2026-09-25,dark_crobat_2,1,7,,7,85.0
2026-09-25,dark_crobat_2,2,3,1.0,4,15.5
2026-09-25,dark_crobat_2,3,3,5.0,8,21.5
2026-09-25,dark_crobat_2,4,21,5.0,26,36.0
2026-09-25,dark_crobat_2,5,36,11.0,47,42.0
2026-09-25,dark_crobat_2,6,73,24.0,97,52.93
2026-09-25,dark_crobat_2,7,120,41.0,161,102.5
2026-09-25,dark_crobat_2,8,193,95.0,288,115.25
2026-09-25,dark_crobat_2,9,225,34.0,259,205.55
2026-09-25,dark_crobat_2,10,55,10.0,65,2200.0
2026-09-25,dark_dragonair_38,2,1.0,,1,9.0
2026-09-25,dark_dragonair_38,3,3.0,1.0,4,10.0
2026-09-25,dark_dragonair_38,4,,3.0,3,12.0
2026-09-25,dark_dragonair_38,5,8.0,6.0,14,14.0
2026-09-25,dark_dragonair_38,6,13.0,7.0,20,18.0
2026-09-25,dark_dragonair_38,7,17.0,25.0,42,22.41
2026-09-25,dark_dragonair_38,8,47.0,60.0,107,51.0
2026-09-25,dark_dragonair_38,9,70.0,50.0,120,56.0
2026-09-25,dark_dragonair_38,10,56.0,22.0,78,339.77
2026-09-25,dark_dragonite_22,1,27,,27,40.5
2026-09-25,dark_dragonite_22,2,8,,8,13.0
2026-09-25,dark_dragonite_22,3,30,3.0,33,14.0
2026-09-25,dark_dragonite_22,4,59,28.0,87,17.04
2026-09-25,dark_dragonite_22,5,151,58.0,209,23.91
2026-09-25,dark_dragonite_22,6,224,83.0,307,40.64
2026-09-25,dark_dragonite_22,7,328,156.0,484,47.22
2026-09-25,dark_dragonite_22,8,510,271.0,781,64.0
2026-09-25,dark_dragonite_22,9,494,126.0,620,85.1
2026-09-25,dark_dragonite_22,10,117,26.0,143,575.0
2026-09-25,dark_dragonite_5,1,11,,11,88.95
2026-09-25,dark_dragonite_5,2,18,,18,24.0
2026-09-25,dark_dragonite_5,3,15,,15,27.0
2026-09-25,dark_dragonite_5,4,20,,20,31.75
2026-09-25,dark_dragonite_5,5,38,,38,76.37
2026-09-25,dark_dragonite_5,6,31,,31,111.5
2026-09-25,dark_dragonite_5,7,58,,58,116.72
2026-09-25,dark_dragonite_5,8,86,1.0,87,281.53
2026-09-25,dark_dragonite_5,9,73,,73,310.0
2026-09-25,dark_dragonite_5_legendary_collection,1,18,,18,236.72
2026-09-25,dark_dragonite_5_legendary_collection,2,11,,11,61.2
2026-09-25,dark_dragonite_5_legendary_collection,3,25,2.0,27,80.75
2026-09-25,dark_dragonite_5_legendary_collection,4,43,10.0,53,82.0
2026-09-25,dark_dragonite_5_legendary_collection,5,148,23.0,171,95.98
2026-09-25,dark_dragonite_5_legendary_collection,6,209,39.0,248,107.43
2026-09-25,dark_dragonite_5_legendary_collection,7,272,41.0,313,168.86
2026-09-25,dark_dragonite_5_legendary_collection,8,349,115.0,464,300.0
2026-09-25,dark_dragonite_5_legendary_collection,9,191,63.0,254,428.0
2026-09-25,dark_dragonite_5_legendary_collection,10,14,10.0,24,2786.9
2026-09-25,dark_dugtrio_6,1,17,1,18,22.0
2026-09-25,dark_dugtrio_6,2,10,2,12,9.0
2026-09-25,dark_dugtrio_6,3,40,7,47,10.0
2026-09-25,dark_dugtrio_6,4,81,23,104,11.98
2026-09-25,dark_dugtrio_6,5,271,65,336,30.99
2026-09-25,dark_dugtrio_6,6,443,107,550,44.3
2026-09-25,dark_dugtrio_6,7,620,160,780,50.0
2026-09-25,dark_dugtrio_6,8,920,413,1333,72.22
2026-09-25,dark_dugtrio_6,9,446,157,603,121.06
2026-09-25,dark_dugtrio_6,10,34,27,61,1259.0
2026-09-25,dark_espeon_4,1,58,1,59,227.54
2026-09-25,dark_espeon_4,2,24,2,26,65.0
2026-09-25,dark_espeon_4,3,45,10,55,72.25
2026-09-25,dark_espeon_4,4,104,6,110,203.5
2026-09-25,dark_espeon_4,5,287,39,326,282.51
2026-09-25,dark_espeon_4,6,400,79,479,399.0
2026-09-25,dark_espeon_4,7,456,103,559,520.0
2026-09-25,dark_espeon_4,8,490,147,637,650.0
2026-09-25,dark_espeon_4,9,301,53,354,1009.24
2026-09-25,dark_espeon_4,10,45,8,53,11273.0
2026-09-25,dark_feraligatr_5,1,14,,14,147.45
2026-09-25,dark_feraligatr_5,2,10,1.0,11,26.75
2026-09-25,dark_feraligatr_5,3,17,8.0,25,33.27
2026-09-25,dark_feraligatr_5,4,41,6.0,47,60.0
2026-09-25,dark_feraligatr_5,5,88,14.0,102,65.16
2026-09-25,dark_feraligatr_5,6,142,33.0,175,100.0
2026-09-25,dark_feraligatr_5,7,203,48.0,251,161.82
2026-09-25,dark_feraligatr_5,8,301,109.0,410,217.5
2026-09-25,dark_feraligatr_5,9,293,41.0,334,309.54
2026-09-25,dark_feraligatr_5,10,50,15.0,65,3999.0
2026-09-25,dark_gengar_6,1,58,3.0,61,365.0
2026-09-25,dark_gengar_6,2,20,,20,216.0
2026-09-25,dark_gengar_6,3,36,7.0,43,240.0
2026-09-25,dark_gengar_6,4,78,7.0,85,374.86
2026-09-25,dark_gengar_6,5,157,32.0,189,470.08
2026-09-25,dark_gengar_6,6,294,64.0,358,610.0
2026-09-25,dark_gengar_6,7,376,91.0,467,747.46
2026-09-25,dark_gengar_6,8,585,137.0,722,1038.41
2026-09-25,dark_gengar_6,9,450,47.0,497,1750.0
2026-09-25,dark_gengar_6,10,94,6.0,100,9999.99
2026-09-25,dark_gyarados_8,1,43,,43,85.0
2026-09-25,dark_gyarados_8,2,23,5.0,28,18.0
2026-09-25,dark_gyarados_8,3,63,5.0,68,19.99
2026-09-25,dark_gyarados_8,4,136,33.0,169,28.75
2026-09-25,dark_gyarados_8,5,321,86.0,407,39.04
2026-09-25,dark_gyarados_8,6,521,135.0,656,44.77
2026-09-25,dark_gyarados_8,7,725,192.0,917,68.9
2026-09-25,dark_gyarados_8,8,1227,478.0,1705,71.29
2026-09-25,dark_gyarados_8,9,902,215.0,1117,163.48
2026-09-25,dark_gyarados_8,10,105,51.0,156,1547.24
2026-09-25,dark_haunter_36,2,1,,1,7.0
2026-09-25,dark_haunter_36,3,4,2.0,6,8.0
2026-09-25,dark_haunter_36,4,5,2.0,7,9.99
2026-09-25,dark_haunter_36,5,9,8.0,17,11.5
2026-09-25,dark_haunter_36,6,15,13.0,28,13.0
2026-09-25,dark_haunter_36,7,16,21.0,37,16.63
2026-09-25,dark_haunter_36,8,42,56.0,98,50.0
2026-09-25,dark_haunter_36,9,71,30.0,101,88.44
2026-09-25,dark_haunter_36,10,28,22.0,50,582.54
2026-09-25,dark_houndoom_7,1,18,,18,116.0
2026-09-25,dark_houndoom_7,2,3,1.0,4,34.0
2026-09-25,dark_houndoom_7,3,11,6.0,17,37.48
2026-09-25,dark_houndoom_7,4,24,11.0,35,60.0
2026-09-25,dark_houndoom_7,5,69,17.0,86,71.0
2026-09-25,dark_houndoom_7,6,143,20.0,163,111.5
2026-09-25,dark_houndoom_7,7,239,57.0,296,170.0
2026-09-25,dark_houndoom_7,8,367,107.0,474,250.0
2026-09-25,dark_houndoom_7,9,266,46.0,312,363.0
2026-09-25,dark_houndoom_7,10,47,6.0,53,3417.08
2026-09-25,dark_machamp_10,1,26,1,27,47.96
2026-09-25,dark_machamp_10,2,20,5,25,21.0
2026-09-25,dark_machamp_10,3,34,12,46,23.0
2026-09-25,dark_machamp_10,4,103,24,127,26.95
2026-09-25,dark_machamp_10,5,332,93,425,36.45
2026-09-25,dark_machamp_10,6,459,135,594,48.0
2026-09-25,dark_machamp_10,7,704,220,924,65.0
2026-09-25,dark_machamp_10,8,1079,437,1516,87.95
2026-09-25,dark_machamp_10,9,698,198,896,150.66
2026-09-25,dark_machamp_10,10,49,26,75,2351.5
2026-09-25,dark_porygon2_8,2,3,,3,22.5
2026-09-25,dark_porygon2_8,3,7,2.0,9,24.5
2026-09-25,dark_porygon2_8,4,14,3.0,17,24.74
2026-09-25,dark_porygon2_8,5,36,17.0,53,34.0
2026-09-25,dark_porygon2_8,6,85,21.0,106,43.0
2026-09-25,dark_porygon2_8,7,111,41.0,152,53.47
2026-09-25,dark_porygon2_8,8,219,100.0,319,131.74
2026-09-25,dark_porygon2_8,9,192,40.0,232,145.0
2026-09-25,dark_porygon2_8,10,38,10.0,48,2438.24
2026-09-25,dark_raichu_83,1,61,,61,100.0
2026-09-25,dark_raichu_83,2,43,3.0,46,28.0
2026-09-25,dark_raichu_83,3,94,17.0,111,47.0
2026-09-25,dark_raichu_83,4,261,78.0,339,63.24
2026-09-25,dark_raichu_83,5,717,126.0,843,67.14
2026-09-25,dark_raichu_83,6,1125,183.0,1308,91.67
2026-09-25,dark_raichu_83,7,1586,360.0,1946,123.0
2026-09-25,dark_raichu_83,8,2009,715.0,2724,166.29
2026-09-25,dark_raichu_83,9,910,267.0,1177,281.25
2026-09-25,dark_raichu_83,10,33,47.0,80,5747.89
2026-09-25,dark_scizor_9,1,10,,10,83.0
2026-09-25,dark_scizor_9,2,12,,12,53.0
2026-09-25,dark_scizor_9,3,8,6.0,14,54.0
2026-09-25,dark_scizor_9,4,33,8.0,41,63.0
2026-09-25,dark_scizor_9,5,95,8.0,103,73.75
2026-09-25,dark_scizor_9,6,146,26.0,172,170.49
2026-09-25,dark_scizor_9,7,228,41.0,269,210.5
2026-09-25,dark_scizor_9,8,289,111.0,400,306.6
2026-09-25,dark_scizor_9,9,205,32.0,237,345.76
2026-09-25,dark_scizor_9,10,28,6.0,34,4270.0
2026-09-25,dark_slowbro_12,1,11,,11,75.0
2026-09-25,dark_slowbro_12,2,15,3.0,18,16.0
2026-09-25,dark_slowbro_12,3,37,6.0,43,18.26
2026-09-25,dark_slowbro_12,4,93,20.0,113,30.25
2026-09-25,dark_slowbro_12,5,286,74.0,360,32.5
2026-09-25,dark_slowbro_12,6,419,125.0,544,45.0
2026-09-25,dark_slowbro_12,7,660,199.0,859,60.0
2026-09-25,dark_slowbro_12,8,1036,427.0,1463,80.28
2026-09-25,dark_slowbro_12,9,570,175.0,745,108.25
2026-09-25,dark_slowbro_12,10,42,40.0,82,821.01
2026-09-25,dark_typhlosion_10,1,55,4,59,57.0
2026-09-25,dark_typhlosion_10,2,33,5,38,15.51
2026-09-25,dark_typhlosion_10,3,64,14,78,28.49
2026-09-25,dark_typhlosion_10,4,136,53,189,45.0
2026-09-25,dark_typhlosion_10,5,310,90,400,49.99
2026-09-25,dark_typhlosion_10,6,476,138,614,59.0
2026-09-25,dark_typhlosion_10,7,573,204,777,103.3
2026-09-25,dark_typhlosion_10,8,792,295,1087,150.0
2026-09-25,dark_typhlosion_10,9,548,65,613,335.0
2026-09-25,dark_typhlosion_10,10,78,15,93,3482.0
2026-09-25,dark_tyranitar_11,1,24,2,26,122.66
2026-09-25,dark_tyranitar_11,2,18,1,19,40.0
2026-09-25,dark_tyranitar_11,3,20,4,24,44.11
2026-09-25,dark_tyranitar_11,4,55,9,64,92.0
2026-09-25,dark_tyranitar_11,5,135,20,155,149.95
2026-09-25,dark_tyranitar_11,6,195,33,228,200.0
2026-09-25,dark_tyranitar_11,7,257,75,332,288.59
2026-09-25,dark_tyranitar_11,8,370,125,495,339.48
2026-09-25,dark_tyranitar_11,9,254,23,277,552.48
2026-09-25,dark_tyranitar_11,10,27,10,37,6400.0
2026-09-25,dark_vaporeon_9,1,5,,5,79.69
2026-09-25,dark_vaporeon_9,2,6,,6,38.0
2026-09-25,dark_vaporeon_9,3,6,4.0,10,42.0
2026-09-25,dark_vaporeon_9,4,22,1.0,23,51.0
2026-09-25,dark_vaporeon_9,5,81,10.0,91,59.99
2026-09-25,dark_vaporeon_9,6,122,29.0,151,68.41
2026-09-25,dark_vaporeon_9,7,220,37.0,257,155.0
2026-09-25,dark_vaporeon_9,8,366,102.0,468,237.49
2026-09-25,dark_vaporeon_9,9,228,47.0,275,700.0
2026-09-25,dark_vaporeon_9,10,17,17.0,34,3712.34
2026-09-25,dark_vileplume_13,1,15,,15,50.0
2026-09-25,dark_vileplume_13,2,13,1.0,14,6.0
2026-09-25,dark_vileplume_13,3,31,6.0,37,6.5
2026-09-25,dark_vileplume_13,4,75,26.0,101,21.83
2026-09-25,dark_vileplume_13,5,201,66.0,267,32.0
2026-09-25,dark_vileplume_13,6,392,106.0,498,33.25
2026-09-25,dark_vileplume_13,7,543,174.0,717,61.34
2026-09-25,dark_vileplume_13,8,834,383.0,1217,82.49
2026-09-25,dark_vileplume_13,9,434,138.0,572,99.99
2026-09-25,dark_vileplume_13,10,22,24.0,46,1587.34
2026-09-25,dark_wartortle_46,2,5,1,6,5.0
2026-09-25,dark_wartortle_46,3,3,2,5,6.0
2026-09-25,dark_wartortle_46,4,24,15,39,7.0
2026-09-25,dark_wartortle_46,5,50,32,82,8.61
2026-09-25,dark_wartortle_46,6,84,63,147,10.0
2026-09-25,dark_wartortle_46,7,110,125,235,13.0
2026-09-25,dark_wartortle_46,8,225,245,470,16.49
2026-09-25,dark_wartortle_46,9,248,102,350,27.0
2026-09-25,dark_wartortle_46,10,70,32,102,177.68
2026-09-25,darkness_energy_103,9,2,2,4,14.36
2026-09-25,darkness_energy_103,10,5,11,16,26.7
2026-09-25,darkrai_BW73_promo,1,17,,17,138.49
2026-09-25,darkrai_BW73_promo,2,2,,2,15.0
2026-09-25,darkrai_BW73_promo,3,5,,5,17.0
2026-09-25,darkrai_BW73_promo,4,19,,19,20.5
2026-09-25,darkrai_BW73_promo,5,52,,52,45.0
2026-09-25,darkrai_BW73_promo,6,184,,184,56.19
2026-09-25,darkrai_BW73_promo,7,326,,326,81.0
2026-09-25,darkrai_BW73_promo,8,485,,485,136.5
2026-09-25,darkrai_BW73_promo,9,272,,272,404.0
2026-09-25,darkrai_BW73_promo,10,66,,66,6833.58
2026-09-25,darmanitan_35,9,,2,2,10.18
2026-09-25,darmanitan_35,10,1.0,1,2,30.44
2026-09-25,dawn_wings_necrozma_gx_143,2,,,,4.0
2026-09-25,dawn_wings_necrozma_gx_143,3,,,,4.0
2026-09-25,dawn_wings_necrozma_gx_143,4,,,,5.0
2026-09-25,dawn_wings_necrozma_gx_143,5,3.0,3.0,6.0,6.0
2026-09-25,dawn_wings_necrozma_gx_143,6,,,,7.0
2026-09-25,dawn_wings_necrozma_gx_143,7,5.0,2.0,7.0,9.0
2026-09-25,dawn_wings_necrozma_gx_143,8,22.0,9.0,31.0,10.99
2026-09-25,dawn_wings_necrozma_gx_143,9,96.0,21.0,117.0,35.0
2026-09-25,dawn_wings_necrozma_gx_143,10,72.0,11.0,83.0,199.87
2026-09-25,delinquent_98b,2,,,,17.0
2026-09-25,delinquent_98b,3,,,,19.0
2026-09-25,delinquent_98b,4,,,,22.0
2026-09-25,delinquent_98b,5,,1.0,1.0,26.0
2026-09-25,delinquent_98b,6,,2.0,2.0,32.0
2026-09-25,delinquent_98b,7,,17.0,17.0,40.0
2026-09-25,delinquent_98b,8,,94.0,94.0,49.64
2026-09-25,delinquent_98b,9,,30.0,30.0,174.99
2026-09-25,delinquent_98b,10,,2.0,2.0,2125.5
2026-09-25,deoxys_33,9,,,,10.16
2026-09-25,deoxys_33,10,,1.0,1.0,30.58
2026-09-25,deoxys_ex_93,1,15,1.0,16,174.14
2026-09-25,deoxys_ex_93,2,5,1.0,6,45.0
2026-09-25,deoxys_ex_93,3,11,,11,206.02
2026-09-25,deoxys_ex_93,4,26,2.0,28,213.86
2026-09-25,deoxys_ex_93,5,53,8.0,61,225.0
2026-09-25,deoxys_ex_93,6,69,16.0,85,263.65
2026-09-25,deoxys_ex_93,7,106,17.0,123,410.59
2026-09-25,deoxys_ex_93,8,173,39.0,212,899.95
2026-09-25,deoxys_ex_93,9,169,40.0,209,1137.14
2026-09-25,deoxys_ex_93,10,28,19.0,47,2686.45
2026-09-25,deoxys_ex_97,1,23,1,24,150.93
2026-09-25,deoxys_ex_97,2,9,4,13,102.0
2026-09-25,deoxys_ex_97,3,13,6,19,113.5
2026-09-25,deoxys_ex_97,4,33,6,39,131.0
2026-09-25,deoxys_ex_97,5,72,12,84,187.5
2026-09-25,deoxys_ex_97,6,102,23,125,242.51
2026-09-25,deoxys_ex_97,7,149,29,178,591.56
2026-09-25,deoxys_ex_97,8,228,66,294,690.65
2026-09-25,deoxys_ex_97,9,179,31,210,1401.02
2026-09-25,deoxys_ex_97,10,29,11,40,4561.0
2026-09-25,deoxys_ex_98,1,16,,16,97.97
2026-09-25,deoxys_ex_98,2,9,,9,90.0
2026-09-25,deoxys_ex_98,3,10,3.0,13,100.0
2026-09-25,deoxys_ex_98,4,18,4.0,22,110.95
2026-09-25,deoxys_ex_98,5,39,12.0,51,150.44
2026-09-25,deoxys_ex_98,6,81,14.0,95,238.44
2026-09-25,deoxys_ex_98,7,127,20.0,147,400.0
2026-09-25,deoxys_ex_98,8,182,57.0,239,442.53
2026-09-25,deoxys_ex_98,9,170,35.0,205,725.0
2026-09-25,deoxys_ex_98,10,41,14.0,55,11204.99
2026-09-25,deoxys_ex_99,1,13,1.0,14,99.99
2026-09-25,deoxys_ex_99,2,4,,4,59.0
2026-09-25,deoxys_ex_99,3,6,4.0,10,65.0
2026-09-25,deoxys_ex_99,4,14,5.0,19,77.0
2026-09-25,deoxys_ex_99,5,48,9.0,57,90.0
2026-09-25,deoxys_ex_99,6,80,20.0,100,112.51
2026-09-25,deoxys_ex_99,7,110,33.0,143,266.44
2026-09-25,deoxys_ex_99,8,185,58.0,243,378.83
2026-09-25,deoxys_ex_99,9,171,30.0,201,1366.87
2026-09-25,deoxys_ex_99,10,21,9.0,30,3103.25
2026-09-25,dewgong_H6,1,5,,5,76.0
2026-09-25,dewgong_H6,2,1,,1,63.0
2026-09-25,dewgong_H6,3,6,,6,70.0
2026-09-25,dewgong_H6,4,10,2.0,12,82.0
2026-09-25,dewgong_H6,5,21,1.0,22,96.0
2026-09-25,dewgong_H6,6,38,8.0,46,120.0
2026-09-25,dewgong_H6,7,71,7.0,78,150.5
2026-09-25,dewgong_H6,8,124,27.0,151,253.63
2026-09-25,dewgong_H6,9,241,31.0,272,620.5
2026-09-25,dewgong_H6,10,96,39.0,135,2525.0
2026-09-25,dialga_127,8,6,3,9,7.5
2026-09-25,dialga_127,9,11,7,18,16.37
2026-09-25,dialga_127,10,6,8,14,133.0
2026-09-25,dialga_20,2,,,,4.0
2026-09-25,dialga_20,3,,,,4.0
2026-09-25,dialga_20,4,,,,5.0
2026-09-25,dialga_20,5,,,,6.0
2026-09-25,dialga_20,6,,,,7.0
2026-09-25,dialga_20,7,,,,8.5
2026-09-25,dialga_20,8,,4.0,4.0,10.81
2026-09-25,dialga_20,9,,,,12.33
2026-09-25,dialga_20,10,,,,106.89
2026-09-25,dialga_ex_122,1,106,2.0,108,310.0
2026-09-25,dialga_ex_122,2,44,,44,242.21
2026-09-25,dialga_ex_122,3,83,7.0,90,309.96
2026-09-25,dialga_ex_122,4,130,9.0,139,381.17
2026-09-25,dialga_ex_122,5,243,17.0,260,400.0
2026-09-25,dialga_ex_122,6,479,40.0,519,537.5
2026-09-25,dialga_ex_122,7,607,74.0,681,651.36
2026-09-25,dialga_ex_122,8,645,142.0,787,992.0
2026-09-25,dialga_ex_122,9,442,19.0,461,1706.0
2026-09-25,dialga_ex_122,10,55,1.0,56,14179.11
2026-09-25,dialga_ex_99,1,31,,31,259.34
2026-09-25,dialga_ex_99,2,10,,10,68.0
2026-09-25,dialga_ex_99,3,14,2.0,16,75.51
2026-09-25,dialga_ex_99,4,20,5.0,25,162.5
2026-09-25,dialga_ex_99,5,50,5.0,55,201.25
2026-09-25,dialga_ex_99,6,152,8.0,160,322.06
2026-09-25,dialga_ex_99,7,193,13.0,206,425.0
2026-09-25,dialga_ex_99,8,212,40.0,252,535.0
2026-09-25,dialga_ex_99,9,166,10.0,176,1200.0
2026-09-25,dialga_ex_99,10,39,1.0,40,2487.15
2026-09-25,dialga_gx_138,2,,,,5.0
2026-09-25,dialga_gx_138,3,1.0,,1.0,6.0
2026-09-25,dialga_gx_138,4,3.0,,3.0,6.5
2026-09-25,dialga_gx_138,5,,1.0,1.0,21.0
2026-09-25,dialga_gx_138,6,8.0,,8.0,26.0
2026-09-25,dialga_gx_138,7,17.0,7.0,24.0,32.0
2026-09-25,dialga_gx_138,8,55.0,24.0,79.0,39.99
2026-09-25,dialga_gx_138,9,170.0,20.0,190.0,82.17
2026-09-25,dialga_gx_138,10,180.0,10.0,190.0,725.0
2026-09-25,diggersby_90,9,,1.0,1.0,11.66
2026-09-25,diggersby_90,10,,,,33.27
2026-09-25,diglett_55,2,,,,5.0
2026-09-25,diglett_55,3,,2.0,2.0,6.0
2026-09-25,diglett_55,4,,1.0,1.0,7.0
2026-09-25,diglett_55,5,3.0,2.0,5.0,8.0
2026-09-25,diglett_55,6,2.0,2.0,4.0,9.79
2026-09-25,diglett_55,8,22.0,28.0,50.0,10.22
2026-09-25,diglett_55,9,34.0,29.0,63.0,12.4
2026-09-25,diglett_55,10,12.0,5.0,17.0,91.14
2026-09-25,doublade_108,8,,,,14.0
2026-09-25,doublade_108,9,,,,15.0
2026-09-25,doublade_108,10,,,,31.97
2026-09-25,double_full_heal_77,8,,1,1,31.03
2026-09-25,double_full_heal_77,9,6.0,2,8,34.0
2026-09-25,double_full_heal_77,10,2.0,17,19,68.53
2026-09-25,dracovish_53,8,5,1,6,19.13
2026-09-25,dracovish_53,9,24,10,34,21.0
2026-09-25,dracovish_53,10,40,8,48,25.0
2026-09-25,dragonair_82,9,1,1.0,2,22.25
2026-09-25,dragonair_82,10,1,,1,56.52
2026-09-25,dragonite_3,1,46,,46,254.77
2026-09-25,dragonite_3,2,15,2.0,17,104.0
2026-09-25,dragonite_3,3,11,1.0,12,115.0
2026-09-25,dragonite_3,4,32,9.0,41,135.0
2026-09-25,dragonite_3,5,84,9.0,93,159.24
2026-09-25,dragonite_3,6,125,32.0,157,230.23
2026-09-25,dragonite_3,7,162,52.0,214,282.5
2026-09-25,dragonite_3,8,274,74.0,348,455.0
2026-09-25,dragonite_3,9,264,41.0,305,1193.5
2026-09-25,dragonite_3,10,87,13.0,100,5419.54
2026-09-25,dragonite_4,1,153,8,161,122.17
2026-09-25,dragonite_4,2,134,14,148,44.0
2026-09-25,dragonite_4,3,289,52,341,75.97
2026-09-25,dragonite_4,4,800,142,942,80.0
2026-09-25,dragonite_4,5,1998,331,2329,94.5
2026-09-25,dragonite_4,6,2903,542,3445,124.43
2026-09-25,dragonite_4,7,3346,715,4061,173.5
2026-09-25,dragonite_4,8,3789,1402,5191,258.88
2026-09-25,dragonite_4,9,1474,491,1965,730.15
2026-09-25,dragonite_4,10,60,70,130,12800.0
2026-09-25,dragonite_ex_106,1,31,1,32,65.0
2026-09-25,dragonite_ex_106,2,10,2,12,16.46
2026-09-25,dragonite_ex_106,3,21,5,26,18.0
2026-09-25,dragonite_ex_106,4,36,10,46,21.25
2026-09-25,dragonite_ex_106,5,127,25,152,28.0
2026-09-25,dragonite_ex_106,6,445,53,498,34.99
2026-09-25,dragonite_ex_106,7,553,159,712,38.61
2026-09-25,dragonite_ex_106,8,2009,1011,3020,47.0
2026-09-25,dragonite_ex_106,9,5891,865,6756,83.0
2026-09-25,dragonite_ex_106,10,3955,218,4173,476.5
2026-09-25,dragonite_ex_91,1,54,,54,181.25
2026-09-25,dragonite_ex_91,2,14,1.0,15,126.0
2026-09-25,dragonite_ex_91,3,21,3.0,24,139.99
2026-09-25,dragonite_ex_91,4,60,9.0,69,140.0
2026-09-25,dragonite_ex_91,5,117,15.0,132,255.5
2026-09-25,dragonite_ex_91,6,171,22.0,193,321.94
2026-09-25,dragonite_ex_91,7,224,40.0,264,443.29
2026-09-25,dragonite_ex_91,8,272,80.0,352,695.92
2026-09-25,dragonite_ex_91,9,264,34.0,298,1293.5
2026-09-25,dragonite_ex_91,10,30,11.0,41,2645.44
2026-09-25,dragonite_gx_248,1,1.0,,1.0,159.99
2026-09-25,dragonite_gx_248,2,1.0,,1.0,23.0
2026-09-25,dragonite_gx_248,3,,,,26.0
2026-09-25,dragonite_gx_248,4,3.0,,3.0,30.0
2026-09-25,dragonite_gx_248,5,14.0,2.0,16.0,35.0
2026-09-25,dragonite_gx_248,6,9.0,1.0,10.0,44.0
2026-09-25,dragonite_gx_248,7,28.0,9.0,37.0,55.52
2026-09-25,dragonite_gx_248,8,155.0,64.0,219.0,106.07
2026-09-25,dragonite_gx_248,9,535.0,99.0,634.0,160.34
2026-09-25,dragonite_gx_248,10,501.0,40.0,541.0,675.0
2026-09-25,dragonite_v_192,1,15,,15,307.0
2026-09-25,dragonite_v_192,2,7,,7,89.0
2026-09-25,dragonite_v_192,3,10,1.0,11,99.0
2026-09-25,dragonite_v_192,4,24,1.0,25,117.0
2026-09-25,dragonite_v_192,5,85,9.0,94,138.0
2026-09-25,dragonite_v_192,6,220,15.0,235,172.0
2026-09-25,dragonite_v_192,7,293,32.0,325,215.26
2026-09-25,dragonite_v_192,8,1392,240.0,1632,427.5
2026-09-25,dragonite_v_192,9,7681,811.0,8492,458.71
2026-09-25,dragonite_v_192,10,10201,1013.0,11214,1076.55
2026-09-25,drakloak_129,9,,,,10.65
2026-09-25,drakloak_129,10,,1.0,1.0,31.16
2026-09-25,drifloon_61,9,,5,5,14.47
2026-09-25,drifloon_61,10,,86,86,42.31
2026-09-25,dunsparce_120,9,,,,13.22
2026-09-25,dunsparce_120,10,,3.0,3.0,39.14
2026-09-25,dunsparce_137,9,,,,10.44
2026-09-25,dunsparce_137,10,,,,30.74
2026-09-25,dunsparce_47,9,,1.0,1.0,19.35
2026-09-25,dunsparce_47,10,,,,56.55
2026-09-25,durant_132,9,,,,10.38
2026-09-25,durant_132,10,,,,30.64
2026-09-25,durant_92,9,,1.0,1.0,17.21
2026-09-25,durant_92,10,,,,45.82
2026-09-25,dusclops_39,8,,1.0,1.0,6.95
2026-09-25,dusclops_39,9,,1.0,1.0,11.57
2026-09-25,dusclops_39,10,,,,33.25
2026-09-25,dusclops_70,9,,2.0,2.0,10.58
2026-09-25,dusclops_70,10,,,,30.97
2026-09-25,dusclops_ex_94,1,12,1.0,13,75.0
2026-09-25,dusclops_ex_94,2,2,,2,22.0
2026-09-25,dusclops_ex_94,3,6,,6,24.0
2026-09-25,dusclops_ex_94,4,6,1.0,7,28.57
2026-09-25,dusclops_ex_94,5,20,1.0,21,49.9
2026-09-25,dusclops_ex_94,6,29,6.0,35,84.24
2026-09-25,dusclops_ex_94,7,52,13.0,65,104.28
2026-09-25,dusclops_ex_94,8,119,34.0,153,172.21
2026-09-25,dusclops_ex_94,9,157,33.0,190,426.0
2026-09-25,dusclops_ex_94,10,33,20.0,53,3145.04
2026-09-25,dusknoir_104,1,7,1.0,8,135.0
2026-09-25,dusknoir_104,2,3,,3,26.0
2026-09-25,dusknoir_104,3,3,,3,29.0
2026-09-25,dusknoir_104,4,4,,4,34.0
2026-09-25,dusknoir_104,5,11,3.0,14,40.0
2026-09-25,dusknoir_104,6,41,5.0,46,50.1
2026-09-25,dusknoir_104,7,73,13.0,86,146.88
2026-09-25,dusknoir_104,8,133,25.0,158,267.0
2026-09-25,dusknoir_104,9,140,6.0,146,395.27
2026-09-25,dusknoir_104,10,49,2.0,51,5500.0
2026-09-25,duskull_SH2,2,1,,1,32.0
2026-09-25,duskull_SH2,3,4,1.0,5,35.0
2026-09-25,duskull_SH2,4,4,,4,41.0
2026-09-25,duskull_SH2,5,20,5.0,25,48.0
2026-09-25,duskull_SH2,6,47,5.0,52,60.5
2026-09-25,duskull_SH2,7,48,19.0,67,202.5
2026-09-25,duskull_SH2,8,94,27.0,121,316.9
2026-09-25,duskull_SH2,9,63,12.0,75,947.89
2026-09-25,duskull_SH2,10,5,1.0,6,1401.04
2026-09-25,eevee_11_promo,1,14,,14,71.0
2026-09-25,eevee_11_promo,2,3,,3,6.0
2026-09-25,eevee_11_promo,3,12,,12,7.0
2026-09-25,eevee_11_promo,4,44,,44,8.0
2026-09-25,eevee_11_promo,5,65,,65,9.0
2026-09-25,eevee_11_promo,6,174,,174,11.5
2026-09-25,eevee_11_promo,7,689,,689,16.85
2026-09-25,eevee_11_promo,8,7434,,7434,20.5
2026-09-25,eevee_11_promo,9,41840,,41840,35.0
2026-09-25,eevee_11_promo,10,30815,,30815,125.99
2026-09-25,eevee_188,2,1,,1,22.0
2026-09-25,eevee_188,3,3,,3,24.0
2026-09-25,eevee_188,4,19,,19,28.0
2026-09-25,eevee_188,5,52,5.0,57,33.0
2026-09-25,eevee_188,6,134,10.0,144,41.0
2026-09-25,eevee_188,7,331,44.0,375,65.0
2026-09-25,eevee_188,8,2146,133.0,2279,74.0
2026-09-25,eevee_188,9,14141,385.0,14526,90.0
2026-09-25,eevee_188,10,11810,955.0,12765,323.91
2026-09-25,eevee_63,2,,,,7.0
2026-09-25,eevee_63,3,,,,8.0
2026-09-25,eevee_63,4,1.0,,1.0,9.0
2026-09-25,eevee_63,5,1.0,4.0,5.0,10.0
2026-09-25,eevee_63,6,4.0,9.0,13.0,12.5
2026-09-25,eevee_63,7,11.0,20.0,31.0,13.5
2026-09-25,eevee_63,8,21.0,95.0,116.0,23.49
2026-09-25,eevee_63,9,53.0,49.0,102.0,26.0
2026-09-25,eevee_63,10,50.0,16.0,66.0,125.0
2026-09-25,eevee_83,2,1.0,,1.0,4.0
2026-09-25,eevee_83,3,,,,4.0
2026-09-25,eevee_83,4,2.0,,2.0,5.0
2026-09-25,eevee_83,5,2.0,2.0,4.0,5.5
2026-09-25,eevee_83,6,,1.0,1.0,9.0
2026-09-25,eevee_83,7,2.0,5.0,7.0,11.0
2026-09-25,eevee_83,8,13.0,8.0,21.0,16.24
2026-09-25,eevee_83,9,13.0,15.0,28.0,18.47
2026-09-25,eevee_83,10,1.0,4.0,5.0,172.76
2026-09-25,eevee_snorlax_gx_171,2,1,,1,15.0
2026-09-25,eevee_snorlax_gx_171,3,4,,4,17.0
2026-09-25,eevee_snorlax_gx_171,4,8,,8,20.0
2026-09-25,eevee_snorlax_gx_171,5,6,1.0,7,23.0
2026-09-25,eevee_snorlax_gx_171,6,15,3.0,18,29.0
2026-09-25,eevee_snorlax_gx_171,7,41,5.0,46,36.0
2026-09-25,eevee_snorlax_gx_171,8,178,44.0,222,160.0
2026-09-25,eevee_snorlax_gx_171,9,482,75.0,557,230.0
2026-09-25,eevee_snorlax_gx_171,10,968,84.0,1052,842.0
2026-09-25,eevee_snorlax_gx_191,1,2.0,,2.0,259.99
2026-09-25,eevee_snorlax_gx_191,2,,,,39.0
2026-09-25,eevee_snorlax_gx_191,3,,1.0,1.0,43.0
2026-09-25,eevee_snorlax_gx_191,4,3.0,1.0,4.0,50.0
2026-09-25,eevee_snorlax_gx_191,5,13.0,1.0,14.0,81.0
2026-09-25,eevee_snorlax_gx_191,6,24.0,3.0,27.0,101.04
2026-09-25,eevee_snorlax_gx_191,7,46.0,15.0,61.0,189.38
2026-09-25,eevee_snorlax_gx_191,8,188.0,62.0,250.0,227.74
2026-09-25,eevee_snorlax_gx_191,9,470.0,60.0,530.0,355.49
2026-09-25,eevee_snorlax_gx_191,10,565.0,38.0,603.0,1398.23
2026-09-25,eiscue_47,8,,1.0,1.0,24.75
2026-09-25,eiscue_47,9,,,,27.0
2026-09-25,eiscue_47,10,,,,31.21
2026-09-25,eldegoss_v_19,2,1.0,,1.0,3.0
2026-09-25,eldegoss_v_19,3,,,,3.0
2026-09-25,eldegoss_v_19,4,,,,3.0
2026-09-25,eldegoss_v_19,5,1.0,1.0,2.0,3.35
2026-09-25,eldegoss_v_19,8,12.0,52.0,64.0,3.25
2026-09-25,eldegoss_v_19,9,96.0,60.0,156.0,8.26
2026-09-25,eldegoss_v_19,10,113.0,44.0,157.0,23.33
2026-09-25,electabuzz_41,2,,,,3.0
2026-09-25,electabuzz_41,3,,,,3.0
2026-09-25,electabuzz_41,4,2.0,,2.0,4.0
2026-09-25,electabuzz_41,5,3.0,,3.0,5.0
2026-09-25,electabuzz_41,6,6.0,12.0,18.0,6.0
2026-09-25,electabuzz_41,7,13.0,6.0,19.0,8.0
2026-09-25,electabuzz_41,8,25.0,36.0,61.0,37.32
2026-09-25,electabuzz_41,9,56.0,25.0,81.0,41.0
2026-09-25,electabuzz_41,10,34.0,5.0,39.0,56.43
2026-09-25,electabuzz_46_promo,1,,,,66.42
2026-09-25,electabuzz_46_promo,2,,,,8.0
2026-09-25,electabuzz_46_promo,3,,,,8.5
2026-09-25,electabuzz_46_promo,4,,,,13.0
2026-09-25,electabuzz_46_promo,5,,,,15.0
2026-09-25,electabuzz_46_promo,6,,,,19.0
2026-09-25,electabuzz_46_promo,7,,,,24.12
2026-09-25,electabuzz_46_promo,8,,,,33.93
2026-09-25,electabuzz_46_promo,9,,,,60.0
2026-09-25,electabuzz_46_promo,10,,,,325.69
2026-09-25,electivire_ex_212,8,18,24,42,9.86
2026-09-25,electivire_ex_212,9,184,68,252,16.63
2026-09-25,electivire_ex_212,10,369,242,611,52.47
2026-09-25,electrike_48,8,,12,12,7.5
2026-09-25,electrike_48,9,2.0,20,22,9.28
2026-09-25,electrike_48,10,3.0,79,82,82.0
2026-09-25,electrode_H7,1,4,,4,111.33
2026-09-25,electrode_H7,2,1,,1,25.0
2026-09-25,electrode_H7,3,4,,4,28.0
2026-09-25,electrode_H7,4,8,3.0,11,33.0
2026-09-25,electrode_H7,5,25,6.0,31,38.99
2026-09-25,electrode_H7,6,48,4.0,52,60.51
2026-09-25,electrode_H7,7,64,21.0,85,152.79
2026-09-25,electrode_H7,8,138,40.0,178,201.75
2026-09-25,electrode_H7,9,163,23.0,186,217.11
2026-09-25,electrode_H7,10,82,13.0,95,2200.69
2026-09-25,emboar_100,2,3,,3,37.0
2026-09-25,emboar_100,3,1,,1,41.0
2026-09-25,emboar_100,4,1,1.0,2,48.0
2026-09-25,emboar_100,5,21,5.0,26,56.0
2026-09-25,emboar_100,6,26,8.0,34,122.78
2026-09-25,emboar_100,7,56,17.0,73,159.99
2026-09-25,emboar_100,8,94,17.0,111,250.0
2026-09-25,emboar_100,9,96,2.0,98,543.0
2026-09-25,emboar_100,10,11,,11,1586.87
2026-09-25,emolga_RC23,1,,,,51.01
2026-09-25,emolga_RC23,2,,,,25.0
2026-09-25,emolga_RC23,3,,3.0,3.0,28.0
2026-09-25,emolga_RC23,4,,7.0,7.0,32.45
2026-09-25,emolga_RC23,5,,11.0,11.0,45.14
2026-09-25,emolga_RC23,6,,24.0,24.0,53.5
2026-09-25,emolga_RC23,7,,66.0,66.0,71.32
2026-09-25,emolga_RC23,8,,194.0,194.0,129.5
2026-09-25,emolga_RC23,9,,72.0,72.0,455.0
2026-09-25,emolga_RC23,10,,16.0,16.0,6769.35
2026-09-25,empoleon_v_146,2,2,1.0,3,15.0
2026-09-25,empoleon_v_146,3,3,,3,17.0
2026-09-25,empoleon_v_146,4,5,,5,20.0
2026-09-25,empoleon_v_146,5,16,1.0,17,24.0
2026-09-25,empoleon_v_146,6,20,6.0,26,29.68
2026-09-25,empoleon_v_146,7,38,10.0,48,46.06
2026-09-25,empoleon_v_146,8,214,105.0,319,75.0
2026-09-25,empoleon_v_146,9,1364,320.0,1684,83.0
2026-09-25,empoleon_v_146,10,3255,389.0,3644,178.76
2026-09-25,energy_recycler_143,2,,,,18.0
2026-09-25,energy_recycler_143,3,,,,20.0
2026-09-25,energy_recycler_143,4,,,,23.0
2026-09-25,energy_recycler_143,5,2.0,1.0,3.0,27.42
2026-09-25,energy_recycler_143,8,10.0,6.0,16.0,6.5
2026-09-25,energy_recycler_143,9,35.0,9.0,44.0,51.0
2026-09-25,energy_recycler_143,10,69.0,4.0,73.0,92.53
2026-09-25,energy_recycler_72,9,,,,12.22
2026-09-25,energy_recycler_72,10,,,,34.26
2026-09-25,energy_removal_2_82,9,1,3,4,28.99
2026-09-25,energy_removal_2_82,10,3,2,5,35.0
2026-09-25,entei_14,2,,,,7.0
2026-09-25,entei_14,3,,,,8.0
2026-09-25,entei_14,4,8.0,,8.0,9.0
2026-09-25,entei_14,5,7.0,,7.0,10.0
2026-09-25,entei_14,6,23.0,,23.0,12.0
2026-09-25,entei_14,7,28.0,9.0,37.0,14.77
2026-09-25,entei_14,8,39.0,6.0,45.0,24.99
2026-09-25,entei_14,9,30.0,2.0,32.0,28.81
2026-09-25,entei_14,10,6.0,,6.0,42.02
2026-09-25,entei_6,1,24,1,25,299.99
2026-09-25,entei_6,2,24,1,25,54.0
2026-09-25,entei_6,3,46,15,61,80.0
2026-09-25,entei_6,4,93,17,110,114.37
2026-09-25,entei_6,5,254,45,299,114.8
2026-09-25,entei_6,6,345,87,432,138.75
2026-09-25,entei_6,7,475,125,600,190.0
2026-09-25,entei_6,8,725,187,912,289.5
2026-09-25,entei_6,9,331,67,398,571.54
2026-09-25,entei_6,10,12,15,27,19258.5
2026-09-25,entei_H8,1,22,,22,151.05
2026-09-25,entei_H8,2,11,2.0,13,75.0
2026-09-25,entei_H8,3,14,4.0,18,82.89
2026-09-25,entei_H8,4,31,5.0,36,132.0
2026-09-25,entei_H8,5,49,9.0,58,155.0
2026-09-25,entei_H8,6,89,19.0,108,250.21
2026-09-25,entei_H8,7,156,29.0,185,375.0
2026-09-25,entei_H8,8,231,57.0,288,555.12
2026-09-25,entei_H8,9,274,33.0,307,976.06
2026-09-25,entei_H8,10,79,16.0,95,5103.21
2026-09-25,erika_16,1,6,,6,66.0
2026-09-25,erika_16,2,4,1.0,5,14.99
2026-09-25,erika_16,3,7,5.0,12,15.0
2026-09-25,erika_16,4,23,11.0,34,18.0
2026-09-25,erika_16,5,84,34.0,118,21.0
2026-09-25,erika_16,6,159,64.0,223,26.25
2026-09-25,erika_16,7,244,75.0,319,52.08
2026-09-25,erika_16,8,477,197.0,674,61.0
2026-09-25,erika_16,9,439,122.0,561,85.0
2026-09-25,erika_16,10,80,60.0,140,547.24
2026-09-25,espeon_4,1,27,,27,123.5
2026-09-25,espeon_4,2,10,2.0,12,21.0
2026-09-25,espeon_4,3,14,1.0,15,23.68
2026-09-25,espeon_4,4,38,6.0,44,75.18
2026-09-25,espeon_4,5,82,9.0,91,85.0
2026-09-25,espeon_4,6,98,11.0,109,160.0
2026-09-25,espeon_4,7,163,37.0,200,225.0
2026-09-25,espeon_4,8,269,69.0,338,378.68
2026-09-25,espeon_4,9,256,54.0,310,725.44
2026-09-25,espeon_4,10,120,21.0,141,3913.72
2026-09-25,espeon_4_call_of_legends_ctrl,1,3.0,,3.0,63.0
2026-09-25,espeon_4_call_of_legends_ctrl,2,,,,18.0
2026-09-25,espeon_4_call_of_legends_ctrl,3,2.0,,2.0,20.0
2026-09-25,espeon_4_call_of_legends_ctrl,4,5.0,2.0,7.0,24.0
2026-09-25,espeon_4_call_of_legends_ctrl,5,15.0,4.0,19.0,28.0
2026-09-25,espeon_4_call_of_legends_ctrl,6,53.0,8.0,61.0,46.0
2026-09-25,espeon_4_call_of_legends_ctrl,7,109.0,31.0,140.0,53.48
2026-09-25,espeon_4_call_of_legends_ctrl,8,217.0,56.0,273.0,249.39
2026-09-25,espeon_4_call_of_legends_ctrl,9,158.0,23.0,181.0,575.0
2026-09-25,espeon_4_call_of_legends_ctrl,10,37.0,2.0,39.0,9999.0
2026-09-25,espeon_H9,1,21,,21,299.0
2026-09-25,espeon_H9,2,11,1.0,12,238.75
2026-09-25,espeon_H9,3,17,3.0,20,274.78
2026-09-25,espeon_H9,4,40,10.0,50,319.99
2026-09-25,espeon_H9,5,75,13.0,88,430.0
2026-09-25,espeon_H9,6,124,28.0,152,642.51
2026-09-25,espeon_H9,7,194,28.0,222,878.74
2026-09-25,espeon_H9,8,292,55.0,347,1749.5
2026-09-25,espeon_H9,9,291,28.0,319,2243.4
2026-09-25,espeon_H9,10,105,19.0,124,11047.72
2026-09-25,espeon_ex_102,1,70,,70,377.5
2026-09-25,espeon_ex_102,2,33,2.0,35,311.88
2026-09-25,espeon_ex_102,3,37,6.0,43,417.0
2026-09-25,espeon_ex_102,4,60,9.0,69,490.0
2026-09-25,espeon_ex_102,5,146,27.0,173,824.5
2026-09-25,espeon_ex_102,6,244,21.0,265,960.0
2026-09-25,espeon_ex_102,7,269,35.0,304,1302.11
2026-09-25,espeon_ex_102,8,300,68.0,368,2775.0
2026-09-25,espeon_ex_102,9,245,28.0,273,2862.92
2026-09-25,espeon_ex_102,10,45,26.0,71,22484.56
2026-09-25,espeon_ex_117,1,15,,15,127.19
2026-09-25,espeon_ex_117,2,2,2.0,4,33.0
2026-09-25,espeon_ex_117,3,9,2.0,11,37.03
2026-09-25,espeon_ex_117,4,20,2.0,22,41.0
2026-09-25,espeon_ex_117,5,67,14.0,81,48.0
2026-09-25,espeon_ex_117,6,164,20.0,184,50.0
2026-09-25,espeon_ex_117,7,324,60.0,384,79.42
2026-09-25,espeon_ex_117,8,579,209.0,788,100.44
2026-09-25,espeon_ex_117,9,1032,124.0,1156,278.45
2026-09-25,espeon_ex_117,10,595,54.0,649,2151.86
2026-09-25,espeon_ex_52,2,4.0,,4,9.0
2026-09-25,espeon_ex_52,3,,1.0,1,10.0
2026-09-25,espeon_ex_52,4,5.0,2.0,7,12.0
2026-09-25,espeon_ex_52,5,6.0,5.0,11,14.0
2026-09-25,espeon_ex_52,6,25.0,13.0,38,17.94
2026-09-25,espeon_ex_52,7,80.0,23.0,103,26.7
2026-09-25,espeon_ex_52,8,177.0,114.0,291,37.72
2026-09-25,espeon_ex_52,9,250.0,44.0,294,58.0
2026-09-25,espeon_ex_52,10,78.0,6.0,84,306.0
2026-09-25,espeon_v_180,1,5,,5,200.0
2026-09-25,espeon_v_180,2,2,,2,57.0
2026-09-25,espeon_v_180,3,5,,5,63.0
2026-09-25,espeon_v_180,4,27,1.0,28,74.0
2026-09-25,espeon_v_180,5,61,1.0,62,86.62
2026-09-25,espeon_v_180,6,199,15.0,214,108.0
2026-09-25,espeon_v_180,7,297,42.0,339,135.36
2026-09-25,espeon_v_180,8,1277,234.0,1511,180.17
2026-09-25,espeon_v_180,9,4599,642.0,5241,218.63
2026-09-25,espeon_v_180,10,6606,572.0,7178,478.82
2026-09-25,excadrill_122,9,,2,2,10.02
2026-09-25,excadrill_122,10,,1,1,30.04
2026-09-25,exeggcute_102,1,9,,9,91.0
2026-09-25,exeggcute_102,2,1,,1,26.0
2026-09-25,exeggcute_102,3,3,1.0,4,29.0
2026-09-25,exeggcute_102,4,12,1.0,13,34.0
2026-09-25,exeggcute_102,5,24,2.0,26,40.0
2026-09-25,exeggcute_102,6,44,12.0,56,50.2
2026-09-25,exeggcute_102,7,70,12.0,82,139.59
2026-09-25,exeggcute_102,8,113,22.0,135,166.17
2026-09-25,exeggcute_102,9,134,2.0,136,385.0
2026-09-25,exeggcute_102,10,67,,67,2663.39
2026-09-25,exeggutor_H10,1,8.0,,8.0,167.5
2026-09-25,exeggutor_H10,2,,,,45.0
2026-09-25,exeggutor_H10,3,4.0,,4.0,50.0
2026-09-25,exeggutor_H10,4,12.0,4.0,16.0,59.0
2026-09-25,exeggutor_H10,5,34.0,6.0,40.0,69.43
2026-09-25,exeggutor_H10,6,61.0,4.0,65.0,155.5
2026-09-25,exeggutor_H10,7,94.0,17.0,111.0,274.99
2026-09-25,exeggutor_H10,8,156.0,42.0,198.0,385.33
2026-09-25,exeggutor_H10,9,169.0,21.0,190.0,604.0
2026-09-25,exeggutor_H10,10,40.0,18.0,58.0,6483.0
2026-09-25,exploud_ex_92,1,12,1.0,13,40.0
2026-09-25,exploud_ex_92,2,4,,4,12.0
2026-09-25,exploud_ex_92,3,9,3.0,12,13.0
2026-09-25,exploud_ex_92,4,5,6.0,11,15.5
2026-09-25,exploud_ex_92,5,25,13.0,38,35.98
2026-09-25,exploud_ex_92,6,41,12.0,53,55.71
2026-09-25,exploud_ex_92,7,87,22.0,109,70.0
2026-09-25,exploud_ex_92,8,161,39.0,200,169.99
2026-09-25,exploud_ex_92,9,147,34.0,181,172.5
2026-09-25,exploud_ex_92,10,44,13.0,57,2362.5
2026-09-25,fairy_energy_169,2,,,,34.0
2026-09-25,fairy_energy_169,3,1.0,,1.0,38.0
2026-09-25,fairy_energy_169,4,3.0,,3.0,45.0
2026-09-25,fairy_energy_169,5,10.0,,10.0,52.5
2026-09-25,fairy_energy_169,6,18.0,3.0,21.0,68.0
2026-09-25,fairy_energy_169,7,43.0,9.0,52.0,68.1
2026-09-25,fairy_energy_169,8,116.0,58.0,174.0,85.07
2026-09-25,fairy_energy_169,9,170.0,19.0,189.0,156.17
2026-09-25,fairy_energy_169,10,87.0,6.0,93.0,469.0
2026-09-25,farewell_bell_234,9,1,2.0,3,10.28
2026-09-25,farewell_bell_234,10,1,,1,30.5
2026-09-25,fearow_XY57_promo,2,,,,23.0
2026-09-25,fearow_XY57_promo,3,,,,25.0
2026-09-25,fearow_XY57_promo,4,,,,29.0
2026-09-25,fearow_XY57_promo,5,,,,34.0
2026-09-25,fearow_XY57_promo,6,,,,43.0
2026-09-25,fearow_XY57_promo,7,,,,54.0
2026-09-25,fearow_XY57_promo,8,,,,67.5
2026-09-25,fearow_XY57_promo,9,,,,180.27
2026-09-25,fearow_XY57_promo,10,,,,324.43
2026-09-25,ferroseed_79,9,,2.0,2.0,10.04
2026-09-25,ferroseed_79,10,,,,10.63
2026-09-25,ferrothorn_80,9,,,,11.13
2026-09-25,ferrothorn_80,10,,1.0,1.0,32.11
2026-09-25,fighting_energy_127,2,,,,2.0
2026-09-25,fighting_energy_127,3,,,,2.0
2026-09-25,fighting_energy_127,4,,,,2.0
2026-09-25,fighting_energy_127,5,,1.0,1.0,2.0
2026-09-25,fighting_energy_127,6,1.0,2.0,3.0,2.0
2026-09-25,fighting_energy_127,7,1.0,3.0,4.0,2.76
2026-09-25,fighting_energy_127,8,2.0,16.0,18.0,2.77
2026-09-25,fighting_energy_127,9,4.0,10.0,14.0,3.52
2026-09-25,fighting_energy_127,10,5.0,5.0,10.0,117.0
2026-09-25,fire_energy_89,2,,,,14.0
2026-09-25,fire_energy_89,3,,,,16.0
2026-09-25,fire_energy_89,4,,,,19.0
2026-09-25,fire_energy_89,5,,1.0,1.0,22.64
2026-09-25,fire_energy_89,6,,4.0,4.0,41.9
2026-09-25,fire_energy_89,7,2.0,8.0,10.0,55.0
2026-09-25,fire_energy_89,8,,10.0,10.0,68.22
2026-09-25,fire_energy_89,9,,6.0,6.0,122.03
2026-09-25,fire_energy_89,10,,1.0,1.0,510.0
2026-09-25,flaaffy_28,9,,,,10.33
2026-09-25,flaaffy_28,10,,,,31.2
2026-09-25,flareon_3,1,85,2,87,67.18
2026-09-25,flareon_3,2,69,9,78,30.0
2026-09-25,flareon_3,3,112,28,140,33.0
2026-09-25,flareon_3,4,351,109,460,38.0
2026-09-25,flareon_3,5,931,205,1136,45.0
2026-09-25,flareon_3,6,1358,346,1704,59.0
2026-09-25,flareon_3,7,1680,503,2183,76.0
2026-09-25,flareon_3,8,2448,886,3334,127.94
2026-09-25,flareon_3,9,1548,349,1897,223.75
2026-09-25,flareon_3,10,120,68,188,1972.73
2026-09-25,flareon_5,1,7,,7,87.57
2026-09-25,flareon_5,2,1,,1,43.0
2026-09-25,flareon_5,3,4,,4,48.0
2026-09-25,flareon_5,4,9,2.0,11,57.0
2026-09-25,flareon_5,5,21,8.0,29,67.2
2026-09-25,flareon_5,6,50,7.0,57,68.33
2026-09-25,flareon_5,7,72,19.0,91,110.0
2026-09-25,flareon_5,8,158,52.0,210,164.5
2026-09-25,flareon_5,9,203,35.0,238,373.64
2026-09-25,flareon_5,10,35,23.0,58,3926.6
2026-09-25,flareon_5_delta_species,1,14,,14,83.34
2026-09-25,flareon_5_delta_species,2,8,2.0,10,43.0
2026-09-25,flareon_5_delta_species,3,8,1.0,9,48.0
2026-09-25,flareon_5_delta_species,4,21,6.0,27,56.0
2026-09-25,flareon_5_delta_species,5,45,7.0,52,65.48
2026-09-25,flareon_5_delta_species,6,73,17.0,90,78.44
2026-09-25,flareon_5_delta_species,7,135,31.0,166,199.0
2026-09-25,flareon_5_delta_species,8,223,89.0,312,257.95
2026-09-25,flareon_5_delta_species,9,279,45.0,324,408.0
2026-09-25,flareon_5_delta_species,10,95,19.0,114,2799.0
2026-09-25,flareon_H7,1,13,,13,394.0
2026-09-25,flareon_H7,2,7,,7,144.0
2026-09-25,flareon_H7,3,7,3.0,10,160.0
2026-09-25,flareon_H7,4,21,1.0,22,425.0
2026-09-25,flareon_H7,5,55,3.0,58,540.5
2026-09-25,flareon_H7,6,95,6.0,101,837.97
2026-09-25,flareon_H7,7,148,16.0,164,940.28
2026-09-25,flareon_H7,8,198,26.0,224,1525.0
2026-09-25,flareon_H7,9,321,29.0,350,2475.0
2026-09-25,flareon_H7,10,99,38.0,137,10049.99
2026-09-25,flareon_ex_108,1,27,,27,139.25
2026-09-25,flareon_ex_108,2,12,1.0,13,88.0
2026-09-25,flareon_ex_108,3,19,4.0,23,97.35
2026-09-25,flareon_ex_108,4,38,6.0,44,105.12
2026-09-25,flareon_ex_108,5,85,18.0,103,149.99
2026-09-25,flareon_ex_108,6,118,20.0,138,169.63
2026-09-25,flareon_ex_108,7,152,35.0,187,303.87
2026-09-25,flareon_ex_108,8,272,51.0,323,438.31
2026-09-25,flareon_ex_108,9,255,35.0,290,491.5
2026-09-25,flareon_ex_108,10,41,15.0,56,6310.74
2026-09-25,fletchinder_139,9,,2.0,2.0,10.2
2026-09-25,fletchinder_139,10,,,,30.35
2026-09-25,floatzel_gl_lvx_104,1,3,1.0,4,68.0
2026-09-25,floatzel_gl_lvx_104,2,1,,1,23.0
2026-09-25,floatzel_gl_lvx_104,3,3,,3,26.0
2026-09-25,floatzel_gl_lvx_104,4,5,,5,31.0
2026-09-25,floatzel_gl_lvx_104,5,9,1.0,10,36.0
2026-09-25,floatzel_gl_lvx_104,6,31,8.0,39,45.5
2026-09-25,floatzel_gl_lvx_104,7,84,10.0,94,102.0
2026-09-25,floatzel_gl_lvx_104,8,107,26.0,133,127.5
2026-09-25,floatzel_gl_lvx_104,9,88,4.0,92,544.59
2026-09-25,floatzel_gl_lvx_104,10,25,,25,2250.0
2026-09-25,flutter_mane_97_promo,2,,,,7.0
2026-09-25,flutter_mane_97_promo,3,1.0,,1.0,8.0
2026-09-25,flutter_mane_97_promo,4,1.0,,1.0,9.0
2026-09-25,flutter_mane_97_promo,5,13.0,,13.0,11.0
2026-09-25,flutter_mane_97_promo,6,13.0,,13.0,14.0
2026-09-25,flutter_mane_97_promo,8,136.0,,136.0,19.19
2026-09-25,flutter_mane_97_promo,9,512.0,,512.0,19.99
2026-09-25,flutter_mane_97_promo,10,272.0,,272.0,62.95
2026-09-25,flygon_25_promo,2,,,,10.0
2026-09-25,flygon_25_promo,3,,,,11.0
2026-09-25,flygon_25_promo,4,,,,12.95
2026-09-25,flygon_25_promo,5,,,,13.0
2026-09-25,flygon_25_promo,6,,,,16.0
2026-09-25,flygon_25_promo,7,,1.0,1.0,19.99
2026-09-25,flygon_25_promo,8,,7.0,7.0,44.76
2026-09-25,flygon_25_promo,9,,4.0,4.0,49.0
2026-09-25,flygon_25_promo,10,,,,120.0
2026-09-25,flygon_ex_87,1,14,,14,125.0
2026-09-25,flygon_ex_87,2,3,1.0,4,53.0
2026-09-25,flygon_ex_87,3,4,,4,59.0
2026-09-25,flygon_ex_87,4,14,1.0,15,69.0
2026-09-25,flygon_ex_87,5,33,9.0,42,81.13
2026-09-25,flygon_ex_87,6,60,9.0,69,137.84
2026-09-25,flygon_ex_87,7,88,19.0,107,182.7
2026-09-25,flygon_ex_87,8,173,34.0,207,335.83
2026-09-25,flygon_ex_87,9,154,29.0,183,759.5
2026-09-25,flygon_ex_87,10,34,18.0,52,11435.0
2026-09-25,flygon_ex_92,1,15,,15,70.43
2026-09-25,flygon_ex_92,2,5,1.0,6,21.24
2026-09-25,flygon_ex_92,3,8,2.0,10,25.0
2026-09-25,flygon_ex_92,4,16,5.0,21,28.94
2026-09-25,flygon_ex_92,5,40,10.0,50,85.17
2026-09-25,flygon_ex_92,6,59,15.0,74,98.0
2026-09-25,flygon_ex_92,7,86,17.0,103,132.5
2026-09-25,flygon_ex_92,8,186,43.0,229,162.5
2026-09-25,flygon_ex_92,9,202,33.0,235,521.67
2026-09-25,flygon_ex_92,10,36,12.0,48,3102.27
2026-09-25,flygon_lvx_105,1,5,,5,103.0
2026-09-25,flygon_lvx_105,2,1,1.0,2,14.0
2026-09-25,flygon_lvx_105,3,2,,2,15.0
2026-09-25,flygon_lvx_105,4,3,1.0,4,18.0
2026-09-25,flygon_lvx_105,5,17,5.0,22,21.5
2026-09-25,flygon_lvx_105,6,25,3.0,28,108.7
2026-09-25,flygon_lvx_105,7,74,15.0,89,152.5
2026-09-25,flygon_lvx_105,8,102,29.0,131,265.74
2026-09-25,flygon_lvx_105,9,88,10.0,98,805.86
2026-09-25,flygon_lvx_105,10,17,1.0,18,18262.5
2026-09-25,flying_pikachu_113,1,14,,14,85.0
2026-09-25,flying_pikachu_113,2,5,1.0,6,44.0
2026-09-25,flying_pikachu_113,3,1,,1,49.0
2026-09-25,flying_pikachu_113,4,20,6.0,26,58.0
2026-09-25,flying_pikachu_113,5,39,8.0,47,68.38
2026-09-25,flying_pikachu_113,6,84,19.0,103,199.85
2026-09-25,flying_pikachu_113,7,144,24.0,168,318.0
2026-09-25,flying_pikachu_113,8,180,74.0,254,676.0
2026-09-25,flying_pikachu_113,9,106,15.0,121,860.0
2026-09-25,flying_pikachu_113,10,11,2.0,13,120000.0
2026-09-25,flying_pikachu_25_promo,1,5,,5,49.99
2026-09-25,flying_pikachu_25_promo,2,7,,7,22.0
2026-09-25,flying_pikachu_25_promo,3,11,,11,24.0
2026-09-25,flying_pikachu_25_promo,4,19,,19,28.0
2026-09-25,flying_pikachu_25_promo,5,65,,65,32.5
2026-09-25,flying_pikachu_25_promo,6,126,,126,59.43
2026-09-25,flying_pikachu_25_promo,7,189,,189,73.63
2026-09-25,flying_pikachu_25_promo,8,485,,485,105.02
2026-09-25,flying_pikachu_25_promo,9,738,,738,257.88
2026-09-25,flying_pikachu_25_promo,10,379,,379,1863.15
2026-09-25,flying_pikachu_vmax_7,2,,,,7.0
2026-09-25,flying_pikachu_vmax_7,3,,,,7.5
2026-09-25,flying_pikachu_vmax_7,4,,,,9.0
2026-09-25,flying_pikachu_vmax_7,5,,,,10.5
2026-09-25,flying_pikachu_vmax_7,6,,,,11.0
2026-09-25,flying_pikachu_vmax_7,7,,,,13.69
2026-09-25,flying_pikachu_vmax_7,8,,,,19.76
2026-09-25,flying_pikachu_vmax_7,9,,1.0,1.0,31.0
2026-09-25,flying_pikachu_vmax_7,10,,,,98.57
2026-09-25,forretress_H8,1,6.0,,6.0,93.14
2026-09-25,forretress_H8,2,4.0,1.0,5.0,30.0
2026-09-25,forretress_H8,3,,,,43.0
2026-09-25,forretress_H8,4,5.0,1.0,6.0,51.0
2026-09-25,forretress_H8,5,13.0,2.0,15.0,60.0
2026-09-25,forretress_H8,6,31.0,2.0,33.0,75.18
2026-09-25,forretress_H8,7,70.0,8.0,78.0,152.97
2026-09-25,forretress_H8,8,120.0,23.0,143.0,295.0
2026-09-25,forretress_H8,9,227.0,19.0,246.0,376.61
2026-09-25,forretress_H8,10,73.0,28.0,101.0,3148.88
2026-09-25,froakie_21,9,,,,12.35
2026-09-25,froakie_21,10,,2.0,2.0,15.0
2026-09-25,froakie_22,9,14,,14,12.91
2026-09-25,froakie_22,10,10,4.0,14,34.94
2026-09-25,full_heal_energy_100,2,,,,20.0
2026-09-25,full_heal_energy_100,3,,,,22.0
2026-09-25,full_heal_energy_100,4,,,,26.0
2026-09-25,full_heal_energy_100,5,,,,30.0
2026-09-25,full_heal_energy_100,6,,3.0,3.0,38.0
2026-09-25,full_heal_energy_100,7,,4.0,4.0,48.0
2026-09-25,full_heal_energy_100,8,,31.0,31.0,59.96
2026-09-25,full_heal_energy_100,9,,14.0,14.0,227.5
2026-09-25,full_heal_energy_100,10,,11.0,11.0,273.0
2026-09-25,furret_168,2,,,,4.0
2026-09-25,furret_168,3,,1.0,1.0,4.0
2026-09-25,furret_168,4,3.0,,3.0,5.0
2026-09-25,furret_168,5,4.0,,4.0,6.0
2026-09-25,furret_168,6,6.0,2.0,8.0,7.5
2026-09-25,furret_168,7,43.0,9.0,52.0,10.5
2026-09-25,furret_168,8,374.0,78.0,452.0,18.71
2026-09-25,furret_168,9,2282.0,224.0,2506.0,25.0
2026-09-25,furret_168,10,1475.0,428.0,1903.0,107.88
2026-09-25,gabite_108,9,,6,6,10.42
2026-09-25,gabite_108,10,,5,5,30.76
2026-09-25,galarian_articuno_v_170,2,1,,1,13.0
2026-09-25,galarian_articuno_v_170,3,2,1.0,3,14.0
2026-09-25,galarian_articuno_v_170,4,9,2.0,11,16.0
2026-09-25,galarian_articuno_v_170,5,31,3.0,34,18.74
2026-09-25,galarian_articuno_v_170,6,49,8.0,57,35.0
2026-09-25,galarian_articuno_v_170,7,76,26.0,102,37.5
2026-09-25,galarian_articuno_v_170,8,367,144.0,511,46.71
2026-09-25,galarian_articuno_v_170,9,2012,305.0,2317,72.5
2026-09-25,galarian_articuno_v_170,10,2922,310.0,3232,228.5
2026-09-25,galarian_moltres_v_177,1,8,,8,310.0
2026-09-25,galarian_moltres_v_177,2,3,,3,55.0
2026-09-25,galarian_moltres_v_177,3,9,,9,61.0
2026-09-25,galarian_moltres_v_177,4,19,2.0,21,72.0
2026-09-25,galarian_moltres_v_177,5,59,1.0,60,85.0
2026-09-25,galarian_moltres_v_177,6,105,12.0,117,106.0
2026-09-25,galarian_moltres_v_177,7,166,31.0,197,132.57
2026-09-25,galarian_moltres_v_177,8,855,197.0,1052,177.5
2026-09-25,galarian_moltres_v_177,9,3971,549.0,4520,208.75
2026-09-25,galarian_moltres_v_177,10,7126,679.0,7805,460.0
2026-09-25,galarian_rapidash_v_167,8,20,14,34,12.63
2026-09-25,galarian_rapidash_v_167,9,110,42,152,22.5
2026-09-25,galarian_rapidash_v_167,10,311,86,397,84.8
2026-09-25,galarian_rapidash_v_168,2,1,,1,18.0
2026-09-25,galarian_rapidash_v_168,3,1,,1,20.0
2026-09-25,galarian_rapidash_v_168,4,4,,4,24.0
2026-09-25,galarian_rapidash_v_168,5,11,3.0,14,28.0
2026-09-25,galarian_rapidash_v_168,6,22,2.0,24,35.0
2026-09-25,galarian_rapidash_v_168,7,42,16.0,58,44.0
2026-09-25,galarian_rapidash_v_168,8,194,78.0,272,49.19
2026-09-25,galarian_rapidash_v_168,9,1259,243.0,1502,77.86
2026-09-25,galarian_rapidash_v_168,10,2709,307.0,3016,175.0
2026-09-25,galarian_slowking_v_179,2,,,,28.0
2026-09-25,galarian_slowking_v_179,3,2.0,1.0,3.0,31.0
2026-09-25,galarian_slowking_v_179,4,10.0,1.0,11.0,36.0
2026-09-25,galarian_slowking_v_179,5,18.0,3.0,21.0,42.5
2026-09-25,galarian_slowking_v_179,6,33.0,6.0,39.0,58.0
2026-09-25,galarian_slowking_v_179,7,62.0,6.0,68.0,72.5
2026-09-25,galarian_slowking_v_179,8,212.0,82.0,294.0,78.23
2026-09-25,galarian_slowking_v_179,9,1325.0,217.0,1542.0,106.45
2026-09-25,galarian_slowking_v_179,10,3243.0,342.0,3585.0,290.0
2026-09-25,galarian_stunfisk_v_128,8,23,91,114,8.75
2026-09-25,galarian_stunfisk_v_128,9,126,170,296,19.59
2026-09-25,galarian_stunfisk_v_128,10,243,93,336,20.51
2026-09-25,galarian_zapdos_v_174,1,3.0,,3.0,35.0
2026-09-25,galarian_zapdos_v_174,2,,,,9.0
2026-09-25,galarian_zapdos_v_174,3,6.0,,6.0,10.0
2026-09-25,galarian_zapdos_v_174,4,11.0,,11.0,12.0
2026-09-25,galarian_zapdos_v_174,5,25.0,2.0,27.0,14.0
2026-09-25,galarian_zapdos_v_174,6,38.0,4.0,42.0,17.0
2026-09-25,galarian_zapdos_v_174,7,65.0,16.0,81.0,21.86
2026-09-25,galarian_zapdos_v_174,8,334.0,98.0,432.0,49.53
2026-09-25,galarian_zapdos_v_174,9,2162.0,373.0,2535.0,57.19
2026-09-25,galarian_zapdos_v_174,10,3504.0,384.0,3888.0,173.0
2026-09-25,gallade_62,8,2.0,1.0,3.0,9.0
2026-09-25,gallade_62,9,4.0,,4.0,15.0
2026-09-25,gallade_62,10,,,,33.81
2026-09-25,gapejaw_bog_142,9,1.0,1.0,2.0,10.22
2026-09-25,gapejaw_bog_142,10,,,,30.42
2026-09-25,garchomp_giratina_gx_228,2,1,,1,14.99
2026-09-25,garchomp_giratina_gx_228,3,1,,1,25.0
2026-09-25,garchomp_giratina_gx_228,4,1,,1,29.0
2026-09-25,garchomp_giratina_gx_228,5,11,,11,34.0
2026-09-25,garchomp_giratina_gx_228,6,7,3.0,10,42.0
2026-09-25,garchomp_giratina_gx_228,7,26,7.0,33,52.0
2026-09-25,garchomp_giratina_gx_228,8,124,35.0,159,65.0
2026-09-25,garchomp_giratina_gx_228,9,446,52.0,498,73.04
2026-09-25,garchomp_giratina_gx_228,10,503,36.0,539,411.33
2026-09-25,garchomp_giratina_gx_247,1,4,,4,56.0
2026-09-25,garchomp_giratina_gx_247,8,131,54.0,185,55.0
2026-09-25,garchomp_giratina_gx_247,9,402,62.0,464,117.55
2026-09-25,garchomp_giratina_gx_247,10,478,33.0,511,431.91
2026-09-25,gardevoir_7,2,2,,2,5.0
2026-09-25,gardevoir_7,3,1,1.0,2,5.0
2026-09-25,gardevoir_7,4,2,3.0,5,38.0
2026-09-25,gardevoir_7,5,18,3.0,21,44.5
2026-09-25,gardevoir_7,6,34,11.0,45,46.5
2026-09-25,gardevoir_7,7,48,22.0,70,65.0
2026-09-25,gardevoir_7,8,84,40.0,124,84.85
2026-09-25,gardevoir_7,9,68,19.0,87,170.05
2026-09-25,gardevoir_7,10,11,5.0,16,700.0
2026-09-25,gardevoir_ex_155,1,6,,6,50.0
2026-09-25,gardevoir_ex_155,2,2,,2,7.0
2026-09-25,gardevoir_ex_155,3,3,,3,8.0
2026-09-25,gardevoir_ex_155,4,5,1.0,6,9.0
2026-09-25,gardevoir_ex_155,5,17,2.0,19,11.0
2026-09-25,gardevoir_ex_155,6,39,8.0,47,48.96
2026-09-25,gardevoir_ex_155,7,103,17.0,120,51.0
2026-09-25,gardevoir_ex_155,8,118,52.0,170,64.12
2026-09-25,gardevoir_ex_155,9,98,11.0,109,331.0
2026-09-25,gardevoir_ex_155,10,8,2.0,10,993.22
2026-09-25,gardevoir_ex_93,1,20,1.0,21,120.0
2026-09-25,gardevoir_ex_93,2,11,2.0,13,43.0
2026-09-25,gardevoir_ex_93,3,12,,12,48.0
2026-09-25,gardevoir_ex_93,4,22,3.0,25,56.0
2026-09-25,gardevoir_ex_93,5,50,11.0,61,66.14
2026-09-25,gardevoir_ex_93,6,78,7.0,85,83.98
2026-09-25,gardevoir_ex_93,7,94,25.0,119,135.5
2026-09-25,gardevoir_ex_93,8,196,47.0,243,272.11
2026-09-25,gardevoir_ex_93,9,182,34.0,216,520.78
2026-09-25,gardevoir_ex_93,10,33,23.0,56,7140.98
2026-09-25,gardevoir_spirit_link_101,9,,1,1,11.38
2026-09-25,gardevoir_spirit_link_101,10,,1,1,32.52
2026-09-25,gardevoir_sylveon_gx_204,2,1,,1,24.0
2026-09-25,gardevoir_sylveon_gx_204,3,1,,1,27.0
2026-09-25,gardevoir_sylveon_gx_204,4,8,1.0,9,32.0
2026-09-25,gardevoir_sylveon_gx_204,5,7,1.0,8,38.0
2026-09-25,gardevoir_sylveon_gx_204,6,16,,16,48.0
2026-09-25,gardevoir_sylveon_gx_204,7,31,8.0,39,59.79
2026-09-25,gardevoir_sylveon_gx_204,8,133,58.0,191,89.1
2026-09-25,gardevoir_sylveon_gx_204,9,611,68.0,679,89.57
2026-09-25,gardevoir_sylveon_gx_204,10,911,75.0,986,402.0
2026-09-25,gardevoir_sylveon_gx_205,1,10,,10,54.0
2026-09-25,gardevoir_sylveon_gx_205,2,5,,5,109.99
2026-09-25,gardevoir_sylveon_gx_205,3,5,1.0,6,263.0
2026-09-25,gardevoir_sylveon_gx_205,4,17,3.0,20,309.0
2026-09-25,gardevoir_sylveon_gx_205,5,27,3.0,30,364.0
2026-09-25,gardevoir_sylveon_gx_205,6,64,4.0,68,455.0
2026-09-25,gardevoir_sylveon_gx_205,7,114,18.0,132,577.64
2026-09-25,gardevoir_sylveon_gx_205,8,497,83.0,580,867.63
2026-09-25,gardevoir_sylveon_gx_205,9,1414,116.0,1530,1338.59
2026-09-25,gardevoir_sylveon_gx_205,10,1757,112.0,1869,4300.0
2026-09-25,gardevoir_sylveon_gx_225,1,,,,120.0
2026-09-25,gardevoir_sylveon_gx_225,2,1.0,,1.0,29.0
2026-09-25,gardevoir_sylveon_gx_225,3,2.0,,2.0,32.0
2026-09-25,gardevoir_sylveon_gx_225,4,3.0,,3.0,38.0
2026-09-25,gardevoir_sylveon_gx_225,5,9.0,2.0,11.0,45.0
2026-09-25,gardevoir_sylveon_gx_225,6,11.0,2.0,13.0,56.0
2026-09-25,gardevoir_sylveon_gx_225,7,53.0,5.0,58.0,70.0
2026-09-25,gardevoir_sylveon_gx_225,8,234.0,48.0,282.0,128.0
2026-09-25,gardevoir_sylveon_gx_225,9,445.0,91.0,536.0,168.79
2026-09-25,gardevoir_sylveon_gx_225,10,512.0,46.0,558.0,637.65
2026-09-25,gastly_102,9,6,2,8,92.14
2026-09-25,gastly_102,10,10,1,11,111.0
2026-09-25,gastly_177,2,1,,1,26.0
2026-09-25,gastly_177,3,4,,4,29.0
2026-09-25,gastly_177,4,11,,11,34.0
2026-09-25,gastly_177,5,25,3.0,28,40.0
2026-09-25,gastly_177,6,51,5.0,56,50.0
2026-09-25,gastly_177,7,93,17.0,110,63.0
2026-09-25,gastly_177,8,1001,81.0,1082,89.83
2026-09-25,gastly_177,9,8671,291.0,8962,111.0
2026-09-25,gastly_177,10,5312,575.0,5887,548.0
2026-09-25,gastly_52,2,,,,8.0
2026-09-25,gastly_52,3,,,,9.0
2026-09-25,gastly_52,4,1.0,2.0,3.0,10.0
2026-09-25,gastly_52,5,2.0,2.0,4.0,12.0
2026-09-25,gastly_52,6,1.0,7.0,8.0,14.99
2026-09-25,gastly_52,7,3.0,11.0,14.0,29.53
2026-09-25,gastly_52,8,12.0,33.0,45.0,72.74
2026-09-25,gastly_52,9,19.0,61.0,80.0,80.0
2026-09-25,gastly_52,10,23.0,139.0,162.0,96.0
2026-09-25,gastly_62,9,8,23,31,13.31
2026-09-25,gastly_62,10,4,9,13,25.55
2026-09-25,genesect_BW101_promo,1,2.0,,2.0,81.0
2026-09-25,genesect_BW101_promo,2,,,,10.0
2026-09-25,genesect_BW101_promo,3,5.0,,5.0,11.0
2026-09-25,genesect_BW101_promo,4,8.0,,8.0,12.62
2026-09-25,genesect_BW101_promo,5,24.0,,24.0,13.01
2026-09-25,genesect_BW101_promo,6,54.0,,54.0,16.5
2026-09-25,genesect_BW101_promo,7,137.0,,137.0,19.5
2026-09-25,genesect_BW101_promo,8,133.0,,133.0,30.49
2026-09-25,genesect_BW101_promo,9,87.0,,87.0,128.61
2026-09-25,genesect_BW101_promo,10,10.0,,10.0,3550.0
2026-09-25,genesect_ex_97,1,12,,12,282.5
2026-09-25,genesect_ex_97,2,5,,5,68.0
2026-09-25,genesect_ex_97,3,10,1.0,11,75.0
2026-09-25,genesect_ex_97,4,10,,10,88.0
2026-09-25,genesect_ex_97,5,38,6.0,44,103.5
2026-09-25,genesect_ex_97,6,76,9.0,85,160.5
2026-09-25,genesect_ex_97,7,143,18.0,161,225.28
2026-09-25,genesect_ex_97,8,142,30.0,172,400.07
2026-09-25,genesect_ex_97,9,121,7.0,128,811.46
2026-09-25,genesect_ex_97,10,25,1.0,26,8404.62
2026-09-25,gengar_10,1,4,,4,95.22
2026-09-25,gengar_10,2,3,,3,158.0
2026-09-25,gengar_10,3,8,1.0,9,175.0
2026-09-25,gengar_10,4,9,2.0,11,269.0
2026-09-25,gengar_10,5,23,10.0,33,316.94
2026-09-25,gengar_10,6,41,8.0,49,415.35
2026-09-25,gengar_10,7,80,13.0,93,475.88
2026-09-25,gengar_10,8,170,37.0,207,515.78
2026-09-25,gengar_10,9,214,32.0,246,773.0
2026-09-25,gengar_10,10,157,36.0,193,5942.29
2026-09-25,gengar_11,1,13,,13,827.6
2026-09-25,gengar_11,2,7,2.0,9,72.0
2026-09-25,gengar_11,3,12,1.0,13,80.0
2026-09-25,gengar_11,4,32,7.0,39,114.7
2026-09-25,gengar_11,5,113,15.0,128,150.0
2026-09-25,gengar_11,6,168,29.0,197,167.0
2026-09-25,gengar_11,7,270,49.0,319,299.99
2026-09-25,gengar_11,8,388,103.0,491,430.58
2026-09-25,gengar_11,9,227,56.0,283,1256.77
2026-09-25,gengar_11,10,20,10.0,30,56654.12
2026-09-25,gengar_5,1,192,6,198,149.34
2026-09-25,gengar_5,2,94,9,103,76.0
2026-09-25,gengar_5,3,226,36,262,95.0
2026-09-25,gengar_5,4,606,93,699,97.75
2026-09-25,gengar_5,5,1680,258,1938,122.16
2026-09-25,gengar_5,6,2475,424,2899,153.75
2026-09-25,gengar_5,7,3087,642,3729,212.9
2026-09-25,gengar_5,8,3185,1211,4396,280.0
2026-09-25,gengar_5,9,1165,457,1622,791.64
2026-09-25,gengar_5,10,51,82,133,3241.04
2026-09-25,gengar_5_legend_maker,1,64,2,66,159.99
2026-09-25,gengar_5_legend_maker,2,14,1,15,67.0
2026-09-25,gengar_5_legend_maker,3,43,6,49,74.36
2026-09-25,gengar_5_legend_maker,4,47,11,58,89.74
2026-09-25,gengar_5_legend_maker,5,109,24,133,124.73
2026-09-25,gengar_5_legend_maker,6,219,33,252,140.26
2026-09-25,gengar_5_legend_maker,7,298,64,362,227.94
2026-09-25,gengar_5_legend_maker,8,447,146,593,326.07
2026-09-25,gengar_5_legend_maker,9,420,98,518,865.5
2026-09-25,gengar_5_legend_maker,10,76,53,129,8669.32
2026-09-25,gengar_H9,1,54,2,56,2337.5
2026-09-25,gengar_H9,2,25,1,26,2030.47
2026-09-25,gengar_H9,3,31,6,37,2311.0
2026-09-25,gengar_H9,4,67,8,75,2718.75
2026-09-25,gengar_H9,5,153,18,171,3471.25
2026-09-25,gengar_H9,6,169,19,188,4650.0
2026-09-25,gengar_H9,7,192,17,209,5400.0
2026-09-25,gengar_H9,8,283,48,331,8511.13
2026-09-25,gengar_H9,9,342,59,401,11989.28
2026-09-25,gengar_H9,10,99,60,159,38476.38
2026-09-25,gengar_ex_114,1,207,3.0,210,413.46
2026-09-25,gengar_ex_114,2,76,,76,296.62
2026-09-25,gengar_ex_114,3,104,4.0,108,330.16
2026-09-25,gengar_ex_114,4,203,13.0,216,369.29
2026-09-25,gengar_ex_114,5,446,29.0,475,460.29
2026-09-25,gengar_ex_114,6,854,41.0,895,523.0
2026-09-25,gengar_ex_114,7,1201,89.0,1290,777.77
2026-09-25,gengar_ex_114,8,1178,243.0,1421,1160.0
2026-09-25,gengar_ex_114,9,544,49.0,593,3404.12
2026-09-25,gengar_ex_114,10,85,6.0,91,26565.89
2026-09-25,gengar_mimikyu_gx_164,1,8,,8,27.76
2026-09-25,gengar_mimikyu_gx_164,2,3,,3,90.0
2026-09-25,gengar_mimikyu_gx_164,3,3,,3,100.0
2026-09-25,gengar_mimikyu_gx_164,4,9,1.0,10,118.0
2026-09-25,gengar_mimikyu_gx_164,5,18,4.0,22,139.0
2026-09-25,gengar_mimikyu_gx_164,6,53,2.0,55,173.38
2026-09-25,gengar_mimikyu_gx_164,7,103,12.0,115,305.85
2026-09-25,gengar_mimikyu_gx_164,8,327,74.0,401,325.75
2026-09-25,gengar_mimikyu_gx_164,9,854,88.0,942,475.0
2026-09-25,gengar_mimikyu_gx_164,10,1427,87.0,1514,1788.07
2026-09-25,gengar_mimikyu_gx_165,1,38,,38,975.0
2026-09-25,gengar_mimikyu_gx_165,2,20,1.0,21,317.0
2026-09-25,gengar_mimikyu_gx_165,3,18,,18,352.0
2026-09-25,gengar_mimikyu_gx_165,4,35,2.0,37,414.04
2026-09-25,gengar_mimikyu_gx_165,5,64,4.0,68,1050.0
2026-09-25,gengar_mimikyu_gx_165,6,107,13.0,120,1057.61
2026-09-25,gengar_mimikyu_gx_165,7,194,28.0,222,1398.6
2026-09-25,gengar_mimikyu_gx_165,8,569,118.0,687,1525.0
2026-09-25,gengar_mimikyu_gx_165,9,1467,106.0,1573,2555.97
2026-09-25,gengar_mimikyu_gx_165,10,2137,125.0,2262,7945.0
2026-09-25,gengar_mimikyu_gx_186,1,4,,4,207.5
2026-09-25,gengar_mimikyu_gx_186,2,2,,2,34.0
2026-09-25,gengar_mimikyu_gx_186,3,7,,7,38.0
2026-09-25,gengar_mimikyu_gx_186,4,7,4.0,11,45.0
2026-09-25,gengar_mimikyu_gx_186,5,18,4.0,22,53.0
2026-09-25,gengar_mimikyu_gx_186,6,28,4.0,32,66.69
2026-09-25,gengar_mimikyu_gx_186,7,87,16.0,103,311.5
2026-09-25,gengar_mimikyu_gx_186,8,388,102.0,490,370.0
2026-09-25,gengar_mimikyu_gx_186,9,864,94.0,958,612.02
2026-09-25,gengar_mimikyu_gx_186,10,872,43.0,915,2346.0
2026-09-25,gengar_mimikyu_gx_53,1,32,,32,280.0
2026-09-25,gengar_mimikyu_gx_53,2,14,1.0,15,102.0
2026-09-25,gengar_mimikyu_gx_53,3,20,1.0,21,113.28
2026-09-25,gengar_mimikyu_gx_53,4,55,3.0,58,184.98
2026-09-25,gengar_mimikyu_gx_53,5,110,9.0,119,212.14
2026-09-25,gengar_mimikyu_gx_53,6,253,19.0,272,212.17
2026-09-25,gengar_mimikyu_gx_53,7,421,47.0,468,280.63
2026-09-25,gengar_mimikyu_gx_53,8,1380,246.0,1626,310.0
2026-09-25,gengar_mimikyu_gx_53,9,3309,243.0,3552,525.0
2026-09-25,gengar_mimikyu_gx_53,10,2501,189.0,2690,2872.57
2026-09-25,gengar_vmax_271,1,61,,61,700.0
2026-09-25,gengar_vmax_271,2,22,1.0,23,182.0
2026-09-25,gengar_vmax_271,3,40,2.0,42,201.77
2026-09-25,gengar_vmax_271,4,120,5.0,125,375.0
2026-09-25,gengar_vmax_271,5,178,19.0,197,441.0
2026-09-25,gengar_vmax_271,6,261,22.0,283,551.0
2026-09-25,gengar_vmax_271,7,426,55.0,481,689.0
2026-09-25,gengar_vmax_271,8,1600,276.0,1876,815.0
2026-09-25,gengar_vmax_271,9,9421,794.0,10215,900.0
2026-09-25,gengar_vmax_271,10,14068,1039.0,15107,2262.5
2026-09-25,ghetsis_101,2,,,,3.0
2026-09-25,ghetsis_101,3,,,,3.0
2026-09-25,ghetsis_101,4,,,,3.0
2026-09-25,ghetsis_101,5,,1.0,1.0,4.0
2026-09-25,ghetsis_101,6,1.0,3.0,4.0,5.5
2026-09-25,ghetsis_101,7,2.0,2.0,4.0,7.0
2026-09-25,ghetsis_101,8,6.0,8.0,14.0,16.5
2026-09-25,ghetsis_101,9,12.0,4.0,16.0,58.52
2026-09-25,ghetsis_101,10,3.0,1.0,4.0,64.37
2026-09-25,giovanni_18,1,6,,6,40.0
2026-09-25,giovanni_18,2,4,,4,12.0
2026-09-25,giovanni_18,3,13,,13,13.0
2026-09-25,giovanni_18,4,21,5.0,26,15.3
2026-09-25,giovanni_18,5,62,19.0,81,41.0
2026-09-25,giovanni_18,6,105,22.0,127,47.46
2026-09-25,giovanni_18,7,152,53.0,205,69.95
2026-09-25,giovanni_18,8,323,153.0,476,80.0
2026-09-25,giovanni_18,9,467,83.0,550,108.17
2026-09-25,giovanni_18,10,134,43.0,177,386.89
2026-09-25,giratina_BW74_promo,1,22,,22,111.62
2026-09-25,giratina_BW74_promo,2,15,,15,29.0
2026-09-25,giratina_BW74_promo,3,15,,15,51.0
2026-09-25,giratina_BW74_promo,4,55,,55,60.0
2026-09-25,giratina_BW74_promo,5,81,,81,92.38
2026-09-25,giratina_BW74_promo,6,135,,135,105.4
2026-09-25,giratina_BW74_promo,7,150,,150,339.99
2026-09-25,giratina_BW74_promo,8,149,,149,537.82
2026-09-25,giratina_BW74_promo,9,61,,61,2977.43
2026-09-25,giratina_BW74_promo,10,3,,3,3573.0
2026-09-25,giratina_ex_93,1,25,,25,121.29
2026-09-25,giratina_ex_93,2,7,,7,42.0
2026-09-25,giratina_ex_93,3,5,,5,47.0
2026-09-25,giratina_ex_93,4,21,5.0,26,55.0
2026-09-25,giratina_ex_93,5,61,3.0,64,64.71
2026-09-25,giratina_ex_93,6,120,12.0,132,94.33
2026-09-25,giratina_ex_93,7,161,29.0,190,105.21
2026-09-25,giratina_ex_93,8,221,57.0,278,159.27
2026-09-25,giratina_ex_93,9,426,39.0,465,404.35
2026-09-25,giratina_ex_93,10,330,15.0,345,2733.36
2026-09-25,giratina_v_186,1,17,,17,550.05
2026-09-25,giratina_v_186,2,9,1.0,10,296.0
2026-09-25,giratina_v_186,3,23,2.0,25,329.0
2026-09-25,giratina_v_186,4,46,5.0,51,387.63
2026-09-25,giratina_v_186,5,84,7.0,91,449.0
2026-09-25,giratina_v_186,6,209,17.0,226,499.7
2026-09-25,giratina_v_186,7,571,62.0,633,619.9
2026-09-25,giratina_v_186,8,2914,406.0,3320,783.75
2026-09-25,giratina_v_186,9,9520,772.0,10292,924.95
2026-09-25,giratina_v_186,10,9458,584.0,10042,3700.0
2026-09-25,glaceon_v_174,2,,,,5.0
2026-09-25,glaceon_v_174,3,1.0,,1.0,5.0
2026-09-25,glaceon_v_174,4,1.0,,1.0,6.0
2026-09-25,glaceon_v_174,5,4.0,3.0,7.0,7.0
2026-09-25,glaceon_v_174,6,24.0,2.0,26.0,9.22
2026-09-25,glaceon_v_174,7,25.0,8.0,33.0,14.0
2026-09-25,glaceon_v_174,8,109.0,64.0,173.0,17.99
2026-09-25,glaceon_v_174,9,479.0,200.0,679.0,30.99
2026-09-25,glaceon_v_174,10,592.0,150.0,742.0,120.44
2026-09-25,glaceon_v_175,1,10.0,,10.0,123.99
2026-09-25,glaceon_v_175,2,,,,20.0
2026-09-25,glaceon_v_175,3,4.0,,4.0,22.0
2026-09-25,glaceon_v_175,4,16.0,,16.0,26.0
2026-09-25,glaceon_v_175,5,34.0,,34.0,30.0
2026-09-25,glaceon_v_175,6,124.0,7.0,131.0,38.0
2026-09-25,glaceon_v_175,7,207.0,28.0,235.0,59.83
2026-09-25,glaceon_v_175,8,1095.0,212.0,1307.0,120.0
2026-09-25,glaceon_v_175,9,4839.0,677.0,5516.0,132.5
2026-09-25,glaceon_v_175,10,6100.0,653.0,6753.0,301.5
2026-09-25,glaceon_vmax_209,1,5,,5,89.94
2026-09-25,glaceon_vmax_209,2,5,,5,52.0
2026-09-25,glaceon_vmax_209,3,7,,7,58.0
2026-09-25,glaceon_vmax_209,4,17,2.0,19,68.0
2026-09-25,glaceon_vmax_209,5,45,6.0,51,80.0
2026-09-25,glaceon_vmax_209,6,126,12.0,138,100.01
2026-09-25,glaceon_vmax_209,7,153,19.0,172,224.49
2026-09-25,glaceon_vmax_209,8,599,126.0,725,263.27
2026-09-25,glaceon_vmax_209,9,3269,457.0,3726,277.5
2026-09-25,glaceon_vmax_209,10,10568,897.0,11465,528.85
2026-09-25,glimmet_108,9,,1,1,10.18
2026-09-25,glimmet_108,10,,1,1,30.44
2026-09-25,gliscor_50,9,,,,18.48
2026-09-25,gliscor_50,10,,,,55.44
2026-09-25,gloom_37,2,2,,2,3.0
2026-09-25,gloom_37,3,4,4.0,8,2.84
2026-09-25,gloom_37,4,6,27.0,33,3.0
2026-09-25,gloom_37,5,14,44.0,58,4.0
2026-09-25,gloom_37,6,19,94.0,113,4.5
2026-09-25,gloom_37,7,26,144.0,170,16.61
2026-09-25,gloom_37,8,66,225.0,291,30.11
2026-09-25,gloom_37,9,171,88.0,259,33.0
2026-09-25,gloom_37,10,54,51.0,105,119.99
2026-09-25,golbat_60,2,,,,8.0
2026-09-25,golbat_60,3,,,,9.0
2026-09-25,golbat_60,4,,,,10.0
2026-09-25,golbat_60,5,1.0,1.0,2.0,12.0
2026-09-25,golbat_60,6,1.0,1.0,2.0,15.0
2026-09-25,golbat_60,7,2.0,2.0,4.0,19.0
2026-09-25,golbat_60,8,6.0,9.0,15.0,48.88
2026-09-25,golbat_60,9,40.0,21.0,61.0,80.0
2026-09-25,golbat_60,10,35.0,30.0,65.0,130.04
2026-09-25,golem_148,1,44,1,45,534.74
2026-09-25,golem_148,2,21,1,22,410.0
2026-09-25,golem_148,3,27,3,30,441.0
2026-09-25,golem_148,4,53,6,59,680.0
2026-09-25,golem_148,5,86,18,104,800.0
2026-09-25,golem_148,6,106,14,120,800.0
2026-09-25,golem_148,7,130,21,151,1299.0
2026-09-25,golem_148,8,211,35,246,1597.57
2026-09-25,golem_148,9,382,32,414,2600.0
2026-09-25,golem_148,10,258,46,304,8070.3
2026-09-25,golem_47,2,,,,7.0
2026-09-25,golem_47,3,,,,8.0
2026-09-25,golem_47,4,,,,9.0
2026-09-25,golem_47,5,,,,10.0
2026-09-25,golem_47,6,2.0,,2.0,12.0
2026-09-25,golem_47,8,5.0,3.0,8.0,7.5
2026-09-25,golem_47,9,3.0,,3.0,31.94
2026-09-25,golem_47,10,1.0,,1.0,36.5
2026-09-25,gorebyss_43,9,,,,11.21
2026-09-25,gorebyss_43,10,,,,32.04
2026-09-25,greninja_XY24_promo,1,7,,7,75.0
2026-09-25,greninja_XY24_promo,2,2,,2,7.0
2026-09-25,greninja_XY24_promo,3,6,,6,8.0
2026-09-25,greninja_XY24_promo,4,26,,26,9.5
2026-09-25,greninja_XY24_promo,5,73,,73,22.5
2026-09-25,greninja_XY24_promo,6,163,,163,33.0
2026-09-25,greninja_XY24_promo,7,365,,365,52.0
2026-09-25,greninja_XY24_promo,8,2884,,2884,81.5
2026-09-25,greninja_XY24_promo,9,17746,,17746,97.5
2026-09-25,greninja_XY24_promo,10,14413,,14413,396.72
2026-09-25,greninja_ex_214,2,2,,2,89.0
2026-09-25,greninja_ex_214,3,5,1.0,6,99.0
2026-09-25,greninja_ex_214,4,27,2.0,29,117.0
2026-09-25,greninja_ex_214,5,50,2.0,52,138.0
2026-09-25,greninja_ex_214,6,93,5.0,98,172.0
2026-09-25,greninja_ex_214,7,266,17.0,283,215.0
2026-09-25,greninja_ex_214,8,1752,78.0,1830,269.29
2026-09-25,greninja_ex_214,9,9608,245.0,9853,291.95
2026-09-25,greninja_ex_214,10,9539,605.0,10144,712.26
2026-09-25,greninja_zoroark_gx_200,1,1.0,,1.0,100.0
2026-09-25,greninja_zoroark_gx_200,2,1.0,,1.0,15.0
2026-09-25,greninja_zoroark_gx_200,3,,,,17.0
2026-09-25,greninja_zoroark_gx_200,4,,,,20.0
2026-09-25,greninja_zoroark_gx_200,5,4.0,2.0,6.0,24.0
2026-09-25,greninja_zoroark_gx_200,6,15.0,2.0,17.0,30.0
2026-09-25,greninja_zoroark_gx_200,7,36.0,4.0,40.0,38.0
2026-09-25,greninja_zoroark_gx_200,8,115.0,41.0,156.0,47.26
2026-09-25,greninja_zoroark_gx_200,9,414.0,54.0,468.0,82.0
2026-09-25,greninja_zoroark_gx_200,10,709.0,42.0,751.0,269.52
2026-09-25,greninja_zoroark_gx_201,1,6,,6,195.73
2026-09-25,greninja_zoroark_gx_201,2,4,,4,23.0
2026-09-25,greninja_zoroark_gx_201,3,1,1.0,2,26.0
2026-09-25,greninja_zoroark_gx_201,4,5,,5,31.0
2026-09-25,greninja_zoroark_gx_201,5,28,2.0,30,36.0
2026-09-25,greninja_zoroark_gx_201,6,51,7.0,58,44.66
2026-09-25,greninja_zoroark_gx_201,7,97,8.0,105,194.5
2026-09-25,greninja_zoroark_gx_201,8,355,55.0,410,278.82
2026-09-25,greninja_zoroark_gx_201,9,1100,92.0,1192,397.0
2026-09-25,greninja_zoroark_gx_201,10,1378,105.0,1483,1705.17
2026-09-25,greninja_zoroark_gx_222,2,1.0,,1.0,14.0
2026-09-25,greninja_zoroark_gx_222,3,,,,16.0
2026-09-25,greninja_zoroark_gx_222,4,3.0,1.0,4.0,19.0
2026-09-25,greninja_zoroark_gx_222,5,8.0,,8.0,22.0
2026-09-25,greninja_zoroark_gx_222,6,14.0,1.0,15.0,27.0
2026-09-25,greninja_zoroark_gx_222,7,24.0,6.0,30.0,33.37
2026-09-25,greninja_zoroark_gx_222,8,165.0,39.0,204.0,62.0
2026-09-25,greninja_zoroark_gx_222,9,379.0,69.0,448.0,104.82
2026-09-25,greninja_zoroark_gx_222,10,500.0,31.0,531.0,427.6
2026-09-25,grimer_79,1,3.0,,3.0,87.87
2026-09-25,grimer_79,2,,,,5.0
2026-09-25,grimer_79,3,,,,6.0
2026-09-25,grimer_79,4,,1.0,1.0,7.0
2026-09-25,grimer_79,5,,1.0,1.0,8.0
2026-09-25,grimer_79,6,2.0,2.0,4.0,10.5
2026-09-25,grimer_79,7,3.0,9.0,12.0,15.0
2026-09-25,grimer_79,8,11.0,25.0,36.0,18.47
2026-09-25,grimer_79,9,48.0,40.0,88.0,68.0
2026-09-25,grimer_79,10,42.0,47.0,89.0,295.0
2026-09-25,groudon_17,2,,,,4.0
2026-09-25,groudon_17,3,,,,4.0
2026-09-25,groudon_17,4,,,,5.0
2026-09-25,groudon_17,5,,,,6.0
2026-09-25,groudon_17,6,,,,7.0
2026-09-25,groudon_17,7,,,,9.0
2026-09-25,groudon_17,8,,4.0,4.0,11.5
2026-09-25,groudon_17,9,,,,15.66
2026-09-25,groudon_17,10,,,,151.54
2026-09-25,groudon_199,2,3,,3,28.0
2026-09-25,groudon_199,3,6,1.0,7,31.0
2026-09-25,groudon_199,4,14,1.0,15,37.0
2026-09-25,groudon_199,5,47,5.0,52,44.0
2026-09-25,groudon_199,6,120,3.0,123,55.0
2026-09-25,groudon_199,7,270,24.0,294,91.0
2026-09-25,groudon_199,8,1738,104.0,1842,99.98
2026-09-25,groudon_199,9,8824,274.0,9098,113.79
2026-09-25,groudon_199,10,5731,462.0,6193,632.48
2026-09-25,groudon_ex_150,1,14,,14,220.0
2026-09-25,groudon_ex_150,2,7,1.0,8,41.0
2026-09-25,groudon_ex_150,3,13,2.0,15,45.36
2026-09-25,groudon_ex_150,4,26,6.0,32,57.21
2026-09-25,groudon_ex_150,5,66,6.0,72,80.0
2026-09-25,groudon_ex_150,6,178,15.0,193,100.0
2026-09-25,groudon_ex_150,7,316,39.0,355,175.0
2026-09-25,groudon_ex_150,8,279,101.0,380,214.49
2026-09-25,groudon_ex_150,9,174,13.0,187,621.79
2026-09-25,groudon_ex_150,10,18,,18,3552.59
2026-09-25,groudon_ex_2_promo,1,108,,108,128.97
2026-09-25,groudon_ex_2_promo,2,28,,28,73.0
2026-09-25,groudon_ex_2_promo,3,51,,51,81.0
2026-09-25,groudon_ex_2_promo,4,67,,67,107.23
2026-09-25,groudon_ex_2_promo,5,179,,179,136.2
2026-09-25,groudon_ex_2_promo,6,239,,239,318.3
2026-09-25,groudon_ex_2_promo,7,239,,239,325.0
2026-09-25,groudon_ex_2_promo,8,277,,277,988.71
2026-09-25,groudon_ex_2_promo,9,195,,195,1262.5
2026-09-25,groudon_ex_2_promo,10,36,,36,4000.0
2026-09-25,groudon_ex_93,1,62,,62,150.0
2026-09-25,groudon_ex_93,2,14,2.0,16,49.0
2026-09-25,groudon_ex_93,3,15,5.0,20,54.0
2026-09-25,groudon_ex_93,4,38,13.0,51,63.99
2026-09-25,groudon_ex_93,5,99,14.0,113,144.49
2026-09-25,groudon_ex_93,6,122,25.0,147,176.5
2026-09-25,groudon_ex_93,7,181,22.0,203,330.18
2026-09-25,groudon_ex_93,8,238,67.0,305,558.75
2026-09-25,groudon_ex_93,9,220,29.0,249,850.0
2026-09-25,groudon_ex_93,10,50,14.0,64,6340.0
2026-09-25,grumpig_31,9,1.0,,1.0,11.49
2026-09-25,grumpig_31,10,,,,32.75
2026-09-25,gyarados_11,2,,,,17.0
2026-09-25,gyarados_11,3,3.0,,3.0,19.0
2026-09-25,gyarados_11,4,7.0,,7.0,22.0
2026-09-25,gyarados_11,5,14.0,3.0,17.0,25.99
2026-09-25,gyarados_11,6,15.0,10.0,25.0,100.0
2026-09-25,gyarados_11,7,25.0,8.0,33.0,124.76
2026-09-25,gyarados_11,8,66.0,28.0,94.0,205.5
2026-09-25,gyarados_11,9,159.0,30.0,189.0,322.5
2026-09-25,gyarados_11,10,129.0,34.0,163.0,900.0
2026-09-25,gyarados_19,1,3,,3,22.5
2026-09-25,gyarados_19,2,5,,5,7.0
2026-09-25,gyarados_19,3,2,,2,8.0
2026-09-25,gyarados_19,4,3,,3,9.0
2026-09-25,gyarados_19,5,13,6.0,19,10.5
2026-09-25,gyarados_19,6,16,4.0,20,13.0
2026-09-25,gyarados_19,7,36,5.0,41,16.0
2026-09-25,gyarados_19,8,49,17.0,66,20.5
2026-09-25,gyarados_19,9,23,10.0,33,58.91
2026-09-25,gyarados_19,10,3,2.0,5,197.42
2026-09-25,gyarados_21,1,4,,4,89.99
2026-09-25,gyarados_21,2,2,1.0,3,12.0
2026-09-25,gyarados_21,3,3,2.0,5,13.0
2026-09-25,gyarados_21,4,14,3.0,17,26.0
2026-09-25,gyarados_21,5,47,15.0,62,30.1
2026-09-25,gyarados_21,6,70,40.0,110,56.0
2026-09-25,gyarados_21,7,70,86.0,156,92.7
2026-09-25,gyarados_21,8,97,285.0,382,113.4
2026-09-25,gyarados_21,9,75,136.0,211,275.0
2026-09-25,gyarados_21,10,13,41.0,54,2900.0
2026-09-25,gyarados_34,1,2,1.0,3,75.0
2026-09-25,gyarados_34,2,1,,1,7.0
2026-09-25,gyarados_34,3,5,2.0,7,8.0
2026-09-25,gyarados_34,4,14,3.0,17,9.0
2026-09-25,gyarados_34,5,20,11.0,31,10.0
2026-09-25,gyarados_34,6,77,28.0,105,12.51
2026-09-25,gyarados_34,7,230,68.0,298,16.06
2026-09-25,gyarados_34,8,1348,696.0,2044,22.36
2026-09-25,gyarados_34,9,3892,528.0,4420,41.33
2026-09-25,gyarados_34,10,318,83.0,401,461.5
2026-09-25,gyarados_8,1,5,,5,111.14
2026-09-25,gyarados_8,2,1,,1,21.01
2026-09-25,gyarados_8,3,1,1.0,2,46.0
2026-09-25,gyarados_8,4,6,1.0,7,54.02
2026-09-25,gyarados_8,5,20,4.0,24,100.0
2026-09-25,gyarados_8,6,56,14.0,70,136.95
2026-09-25,gyarados_8,7,93,24.0,117,205.0
2026-09-25,gyarados_8,8,157,72.0,229,269.99
2026-09-25,gyarados_8,9,131,31.0,162,462.96
2026-09-25,gyarados_8,10,20,10.0,30,5450.0
2026-09-25,gyarados_8_holon_phantoms,1,52,1.0,53,143.0
2026-09-25,gyarados_8_holon_phantoms,2,16,,16,81.5
2026-09-25,gyarados_8_holon_phantoms,3,24,3.0,27,83.0
2026-09-25,gyarados_8_holon_phantoms,4,53,7.0,60,98.0
2026-09-25,gyarados_8_holon_phantoms,5,109,27.0,136,190.5
2026-09-25,gyarados_8_holon_phantoms,6,186,36.0,222,230.0
2026-09-25,gyarados_8_holon_phantoms,7,285,65.0,350,332.45
2026-09-25,gyarados_8_holon_phantoms,8,439,119.0,558,492.5
2026-09-25,gyarados_8_holon_phantoms,9,431,81.0,512,850.0
2026-09-25,gyarados_8_holon_phantoms,10,83,28.0,111,5874.93
2026-09-25,gyarados_H10,1,32,2.0,34,888.44
2026-09-25,gyarados_H10,2,12,1.0,13,874.0
2026-09-25,gyarados_H10,3,22,,22,971.31
2026-09-25,gyarados_H10,4,35,8.0,43,1163.19
2026-09-25,gyarados_H10,5,77,12.0,89,1586.99
2026-09-25,gyarados_H10,6,127,12.0,139,1717.84
2026-09-25,gyarados_H10,7,136,19.0,155,2102.13
2026-09-25,gyarados_H10,8,233,31.0,264,2999.99
2026-09-25,gyarados_H10,9,349,39.0,388,4500.0
2026-09-25,gyarados_H10,10,135,44.0,179,17650.0
2026-09-25,gyarados_XY60_promo,2,1,,1,6.0
2026-09-25,gyarados_XY60_promo,3,7,,7,7.0
2026-09-25,gyarados_XY60_promo,4,22,,22,8.0
2026-09-25,gyarados_XY60_promo,5,50,,50,9.54
2026-09-25,gyarados_XY60_promo,6,85,,85,12.5
2026-09-25,gyarados_XY60_promo,7,140,,140,15.89
2026-09-25,gyarados_XY60_promo,8,748,,748,17.74
2026-09-25,gyarados_XY60_promo,9,2669,,2669,24.73
2026-09-25,gyarados_XY60_promo,10,3023,,3023,116.25
2026-09-25,gyarados_ex_123,1,122,1,123,157.0
2026-09-25,gyarados_ex_123,2,29,1,30,82.0
2026-09-25,gyarados_ex_123,3,50,2,52,91.0
2026-09-25,gyarados_ex_123,4,91,16,107,106.5
2026-09-25,gyarados_ex_123,5,287,30,317,116.53
2026-09-25,gyarados_ex_123,6,852,53,905,140.07
2026-09-25,gyarados_ex_123,7,1254,171,1425,189.0
2026-09-25,gyarados_ex_123,8,1909,585,2494,247.25
2026-09-25,gyarados_ex_123,9,2685,304,2989,432.5
2026-09-25,gyarados_ex_123,10,1447,121,1568,4050.0
2026-09-25,gyarados_gx_112,1,1,,1,55.5
2026-09-25,gyarados_gx_112,2,2,,2,23.0
2026-09-25,gyarados_gx_112,3,6,1.0,7,25.0
2026-09-25,gyarados_gx_112,4,7,,7,29.0
2026-09-25,gyarados_gx_112,5,18,3.0,21,34.0
2026-09-25,gyarados_gx_112,6,31,7.0,38,45.0
2026-09-25,gyarados_gx_112,7,79,22.0,101,56.0
2026-09-25,gyarados_gx_112,8,320,157.0,477,67.0
2026-09-25,gyarados_gx_112,9,765,157.0,922,114.61
2026-09-25,gyarados_gx_112,10,628,31.0,659,700.0
2026-09-25,gyarados_gx_18,2,1,,1,6.0
2026-09-25,gyarados_gx_18,3,1,,1,7.0
2026-09-25,gyarados_gx_18,4,2,2.0,4,8.0
2026-09-25,gyarados_gx_18,5,8,5.0,13,9.0
2026-09-25,gyarados_gx_18,6,12,9.0,21,11.0
2026-09-25,gyarados_gx_18,7,33,18.0,51,14.17
2026-09-25,gyarados_gx_18,8,146,158.0,304,25.96
2026-09-25,gyarados_gx_18,9,401,148.0,549,61.0
2026-09-25,gyarados_gx_18,10,378,43.0,421,693.0
2026-09-25,hand_trimmer_150,9,1,,1,10.42
2026-09-25,hand_trimmer_150,10,1,,1,27.99
2026-09-25,haunter_59,8,3.0,5.0,8,11.5
2026-09-25,haunter_59,9,,2.0,2,26.63
2026-09-25,haunter_59,10,1.0,,1,42.81
2026-09-25,hawlucha_87,9,,,,11.94
2026-09-25,hawlucha_87,10,,,,33.68
2026-09-25,hawlucha_97,9,,1,1,13.27
2026-09-25,hawlucha_97,10,,1,1,35.96
2026-09-25,haxorus_112,9,,4.0,4,10.76
2026-09-25,haxorus_112,10,1.0,,1,31.38
2026-09-25,heatran_88,8,1,1,2,10.52
2026-09-25,heatran_88,9,6,4,10,32.5
2026-09-25,heatran_88,10,10,1,11,110.5
2026-09-25,heatran_lvx_DP31_promo,1,,,,99.99
2026-09-25,heatran_lvx_DP31_promo,2,,,,13.0
2026-09-25,heatran_lvx_DP31_promo,3,,,,14.64
2026-09-25,heatran_lvx_DP31_promo,4,,,,22.0
2026-09-25,heatran_lvx_DP31_promo,5,,,,41.0
2026-09-25,heatran_lvx_DP31_promo,6,,,,50.78
2026-09-25,heatran_lvx_DP31_promo,7,,,,99.2
2026-09-25,heatran_lvx_DP31_promo,8,,,,102.69
2026-09-25,heatran_lvx_DP31_promo,9,,,,302.5
2026-09-25,heatran_lvx_DP31_promo,10,,,,462.28
2026-09-25,heliolisk_44,9,1,,1,11.29
2026-09-25,heliolisk_44,10,2,,2,32.27
2026-09-25,here_comes_team_rocket_15,2,7,,7,9.0
2026-09-25,here_comes_team_rocket_15,3,10,3.0,13,10.09
2026-09-25,here_comes_team_rocket_15,4,33,14.0,47,16.0
2026-09-25,here_comes_team_rocket_15,5,99,40.0,139,18.52
2026-09-25,here_comes_team_rocket_15,6,145,85.0,230,26.19
2026-09-25,here_comes_team_rocket_15,7,211,120.0,331,40.0
2026-09-25,here_comes_team_rocket_15,8,541,301.0,842,40.0
2026-09-25,here_comes_team_rocket_15,9,719,134.0,853,55.0
2026-09-25,here_comes_team_rocket_15,10,224,33.0,257,305.28
2026-09-25,hex_maniac_75,2,,,,1.0
2026-09-25,hex_maniac_75,3,,,,1.0
2026-09-25,hex_maniac_75,4,,,,1.0
2026-09-25,hex_maniac_75,5,,,,1.0
2026-09-25,hex_maniac_75,6,,,,1.0
2026-09-25,hex_maniac_75,7,,,,0.82
2026-09-25,hex_maniac_75,9,,2.0,2.0,20.5
2026-09-25,hex_maniac_75,10,,,,51.52
2026-09-25,hex_maniac_75a,2,,,,60.0
2026-09-25,hex_maniac_75a,3,,,,67.0
2026-09-25,hex_maniac_75a,4,,1.0,1.0,79.0
2026-09-25,hex_maniac_75a,5,,,,93.0
2026-09-25,hex_maniac_75a,6,,18.0,18.0,116.79
2026-09-25,hex_maniac_75a,7,,17.0,17.0,119.98
2026-09-25,hex_maniac_75a,8,,113.0,113.0,137.5
2026-09-25,hex_maniac_75a,9,,40.0,40.0,263.52
2026-09-25,hex_maniac_75a,10,,6.0,6.0,2461.73
2026-09-25,hisuian_lilligant_16,8,3,4.0,7,3.25
2026-09-25,hisuian_lilligant_16,9,5,6.0,11,5.51
2026-09-25,hisuian_lilligant_16,10,1,,1,31.68
2026-09-25,ho_oh_149,1,70,1,71,1280.06
2026-09-25,ho_oh_149,2,40,2,42,1665.63
2026-09-25,ho_oh_149,3,54,7,61,1808.0
2026-09-25,ho_oh_149,4,60,10,70,2078.97
2026-09-25,ho_oh_149,5,130,15,145,2162.0
2026-09-25,ho_oh_149,6,124,13,137,2701.98
2026-09-25,ho_oh_149,7,141,11,152,4520.71
2026-09-25,ho_oh_149,8,212,34,246,4801.51
2026-09-25,ho_oh_149,9,317,21,338,7950.0
2026-09-25,ho_oh_149,10,106,21,127,31733.42
2026-09-25,ho_oh_52_promo,1,3,,3,38.84
2026-09-25,ho_oh_52_promo,2,1,,1,9.0
2026-09-25,ho_oh_52_promo,3,1,,1,10.0
2026-09-25,ho_oh_52_promo,4,6,,6,12.0
2026-09-25,ho_oh_52_promo,5,18,,18,14.0
2026-09-25,ho_oh_52_promo,6,59,,59,17.0
2026-09-25,ho_oh_52_promo,7,155,,155,20.68
2026-09-25,ho_oh_52_promo,8,527,,527,23.71
2026-09-25,ho_oh_52_promo,9,1179,,1179,49.99
2026-09-25,ho_oh_52_promo,10,366,,366,452.08
2026-09-25,ho_oh_ex_104,1,29,1,30,112.5
2026-09-25,ho_oh_ex_104,2,10,3,13,38.0
2026-09-25,ho_oh_ex_104,3,13,3,16,42.39
2026-09-25,ho_oh_ex_104,4,27,8,35,110.0
2026-09-25,ho_oh_ex_104,5,64,13,77,160.0
2026-09-25,ho_oh_ex_104,6,102,14,116,200.0
2026-09-25,ho_oh_ex_104,7,154,39,193,350.0
2026-09-25,ho_oh_ex_104,8,241,63,304,625.0
2026-09-25,ho_oh_ex_104,9,263,30,293,1230.72
2026-09-25,ho_oh_ex_104,10,47,23,70,6357.28
2026-09-25,ho_oh_ex_121,1,21,,21,58.01
2026-09-25,ho_oh_ex_121,2,3,2.0,5,13.0
2026-09-25,ho_oh_ex_121,3,10,,10,14.0
2026-09-25,ho_oh_ex_121,4,15,1.0,16,22.0
2026-09-25,ho_oh_ex_121,5,49,5.0,54,25.74
2026-09-25,ho_oh_ex_121,6,145,22.0,167,35.75
2026-09-25,ho_oh_ex_121,7,233,41.0,274,69.0
2026-09-25,ho_oh_ex_121,8,508,151.0,659,77.36
2026-09-25,ho_oh_ex_121,9,988,142.0,1130,134.99
2026-09-25,ho_oh_ex_121,10,703,48.0,751,1063.12
2026-09-25,horsea_137_promo,8,,,,19.69
2026-09-25,horsea_137_promo,9,,,,22.0
2026-09-25,horsea_137_promo,10,,,,230.0
2026-09-25,horsea_20,9,1,2,3,10.19
2026-09-25,horsea_20,10,4,3,7,59.79
2026-09-25,houndoom_7,1,2,,2,43.75
2026-09-25,houndoom_7,2,2,,2,11.0
2026-09-25,houndoom_7,3,1,,1,12.0
2026-09-25,houndoom_7,4,1,2.0,3,14.0
2026-09-25,houndoom_7,5,12,7.0,19,16.42
2026-09-25,houndoom_7,6,10,8.0,18,26.95
2026-09-25,houndoom_7,7,33,18.0,51,64.3
2026-09-25,houndoom_7,8,89,29.0,118,70.67
2026-09-25,houndoom_7,9,111,30.0,141,192.07
2026-09-25,houndoom_7,10,27,17.0,44,1500.0
2026-09-25,houndoom_8,1,16,,16,207.5
2026-09-25,houndoom_8,2,17,2.0,19,125.0
2026-09-25,houndoom_8,3,25,4.0,29,139.0
2026-09-25,houndoom_8,4,71,15.0,86,163.5
2026-09-25,houndoom_8,5,185,44.0,229,238.0
2026-09-25,houndoom_8,6,293,59.0,352,297.15
2026-09-25,houndoom_8,7,438,95.0,533,359.06
2026-09-25,houndoom_8,8,595,220.0,815,526.19
2026-09-25,houndoom_8,9,260,61.0,321,1504.18
2026-09-25,houndoom_8,10,11,14.0,25,14688.0
2026-09-25,houndoom_H11,1,35,2,37,377.75
2026-09-25,houndoom_H11,2,14,1,15,337.0
2026-09-25,houndoom_H11,3,33,1,34,374.0
2026-09-25,houndoom_H11,4,45,13,58,525.0
2026-09-25,houndoom_H11,5,110,5,115,615.0
2026-09-25,houndoom_H11,6,181,16,197,900.0
2026-09-25,houndoom_H11,7,224,40,264,1032.05
2026-09-25,houndoom_H11,8,263,68,331,1975.47
2026-09-25,houndoom_H11,9,274,26,300,3204.25
2026-09-25,houndoom_H11,10,59,20,79,15992.37
2026-09-25,houndoom_H11_skyridge,1,18,,18,344.25
2026-09-25,houndoom_H11_skyridge,2,3,1.0,4,214.0
2026-09-25,houndoom_H11_skyridge,3,12,3.0,15,237.3
2026-09-25,houndoom_H11_skyridge,4,28,3.0,31,298.0
2026-09-25,houndoom_H11_skyridge,5,68,6.0,74,351.0
2026-09-25,houndoom_H11_skyridge,6,95,10.0,105,438.43
2026-09-25,houndoom_H11_skyridge,7,157,19.0,176,1334.84
2026-09-25,houndoom_H11_skyridge,8,235,27.0,262,1591.3
2026-09-25,houndoom_H11_skyridge,9,308,43.0,351,2686.75
2026-09-25,houndoom_H11_skyridge,10,75,53.0,128,7196.12
2026-09-25,houndour_66,1,1.0,,1.0,35.0
2026-09-25,houndour_66,2,,1.0,1.0,7.0
2026-09-25,houndour_66,3,,,,8.0
2026-09-25,houndour_66,4,,,,9.0
2026-09-25,houndour_66,5,3.0,2.0,5.0,10.0
2026-09-25,houndour_66,6,2.0,2.0,4.0,12.0
2026-09-25,houndour_66,7,5.0,2.0,7.0,14.5
2026-09-25,houndour_66,8,20.0,25.0,45.0,27.05
2026-09-25,houndour_66,9,58.0,32.0,90.0,43.57
2026-09-25,houndour_66,10,64.0,41.0,105.0,348.08
2026-09-25,hydreigon_103,1,1,,1,80.0
2026-09-25,hydreigon_103,2,1,,1,39.0
2026-09-25,hydreigon_103,3,2,3.0,5,43.0
2026-09-25,hydreigon_103,4,7,1.0,8,50.0
2026-09-25,hydreigon_103,5,10,3.0,13,63.31
2026-09-25,hydreigon_103,6,22,10.0,32,128.32
2026-09-25,hydreigon_103,7,59,15.0,74,147.23
2026-09-25,hydreigon_103,8,100,28.0,128,329.54
2026-09-25,hydreigon_103,9,158,7.0,165,550.0
2026-09-25,hydreigon_103,10,14,,14,1355.3
2026-09-25,hydreigon_ex_240,2,,,,12.0
2026-09-25,hydreigon_ex_240,3,1.0,,1.0,13.0
2026-09-25,hydreigon_ex_240,4,6.0,,6.0,15.0
2026-09-25,hydreigon_ex_240,5,25.0,1.0,26.0,18.0
2026-09-25,hydreigon_ex_240,6,33.0,1.0,34.0,22.5
2026-09-25,hydreigon_ex_240,7,66.0,2.0,68.0,26.0
2026-09-25,hydreigon_ex_240,8,844.0,30.0,874.0,33.11
2026-09-25,hydreigon_ex_240,9,4848.0,129.0,4977.0,36.46
2026-09-25,hydreigon_ex_240,10,3593.0,317.0,3910.0,115.0
2026-09-25,hypno_23,2,,,,7.0
2026-09-25,hypno_23,3,,3.0,3.0,8.0
2026-09-25,hypno_23,4,1.0,8.0,9.0,9.99
2026-09-25,hypno_23,5,1.0,32.0,33.0,19.99
2026-09-25,hypno_23,6,1.0,43.0,44.0,22.5
2026-09-25,hypno_23,7,3.0,54.0,57.0,24.28
2026-09-25,hypno_23,8,2.0,101.0,103.0,33.7
2026-09-25,hypno_23,9,9.0,58.0,67.0,38.02
2026-09-25,hypno_23,10,4.0,33.0,37.0,194.0
2026-09-25,hypno_H12,1,9,,9,174.99
2026-09-25,hypno_H12,2,1,,1,68.0
2026-09-25,hypno_H12,3,4,3.0,7,76.0
2026-09-25,hypno_H12,4,8,8.0,16,89.99
2026-09-25,hypno_H12,5,41,6.0,47,111.45
2026-09-25,hypno_H12,6,75,19.0,94,125.0
2026-09-25,hypno_H12,7,111,37.0,148,231.31
2026-09-25,hypno_H12,8,223,72.0,295,296.41
2026-09-25,hypno_H12,9,244,36.0,280,453.66
2026-09-25,hypno_H12,10,106,17.0,123,3200.0
2026-09-25,ice_rider_calyrex_vmax_203,2,1,,1,14.0
2026-09-25,ice_rider_calyrex_vmax_203,3,2,,2,15.0
2026-09-25,ice_rider_calyrex_vmax_203,4,8,2.0,10,18.0
2026-09-25,ice_rider_calyrex_vmax_203,5,9,,9,22.0
2026-09-25,ice_rider_calyrex_vmax_203,6,22,2.0,24,28.0
2026-09-25,ice_rider_calyrex_vmax_203,7,41,3.0,44,35.0
2026-09-25,ice_rider_calyrex_vmax_203,8,105,64.0,169,44.77
2026-09-25,ice_rider_calyrex_vmax_203,9,594,130.0,724,49.0
2026-09-25,ice_rider_calyrex_vmax_203,10,2499,276.0,2775,99.99
2026-09-25,igglybuff_21,2,,,,7.0
2026-09-25,igglybuff_21,3,,,,8.0
2026-09-25,igglybuff_21,4,,1.0,1.0,9.0
2026-09-25,igglybuff_21,5,,1.0,1.0,10.0
2026-09-25,igglybuff_21,6,,3.0,3.0,13.0
2026-09-25,igglybuff_21,7,3.0,2.0,5.0,14.0
2026-09-25,igglybuff_21,8,3.0,10.0,13.0,22.5
2026-09-25,igglybuff_21,9,10.0,47.0,57.0,25.39
2026-09-25,igglybuff_21,10,9.0,64.0,73.0,58.5
2026-09-25,ingo_emmet_176,2,,,,8.0
2026-09-25,ingo_emmet_176,3,,,,9.0
2026-09-25,ingo_emmet_176,4,1.0,,1.0,11.0
2026-09-25,ingo_emmet_176,5,,,,13.0
2026-09-25,ingo_emmet_176,6,1.0,,1.0,16.0
2026-09-25,ingo_emmet_176,7,8.0,4.0,12.0,20.0
2026-09-25,ingo_emmet_176,8,48.0,11.0,59.0,24.98
2026-09-25,ingo_emmet_176,9,96.0,19.0,115.0,52.6
2026-09-25,ingo_emmet_176,10,143.0,14.0,157.0,136.29
2026-09-25,iris_101,1,7,,7,80.0
2026-09-25,iris_101,2,4,,4,25.0
2026-09-25,iris_101,3,5,,5,28.0
2026-09-25,iris_101,4,6,4.0,10,33.5
2026-09-25,iris_101,5,42,6.0,48,81.16
2026-09-25,iris_101,6,109,22.0,131,89.0
2026-09-25,iris_101,7,160,26.0,186,111.25
2026-09-25,iris_101,8,209,54.0,263,174.81
2026-09-25,iris_101,9,210,12.0,222,308.77
2026-09-25,iris_101,10,45,1.0,46,3550.0
2026-09-25,iron_crown_ex_206,2,,,,15.0
2026-09-25,iron_crown_ex_206,3,1.0,,1.0,17.0
2026-09-25,iron_crown_ex_206,4,4.0,,4.0,20.0
2026-09-25,iron_crown_ex_206,5,12.0,,12.0,23.0
2026-09-25,iron_crown_ex_206,6,31.0,1.0,32.0,29.0
2026-09-25,iron_crown_ex_206,7,60.0,7.0,67.0,36.5
2026-09-25,iron_crown_ex_206,8,395.0,16.0,411.0,40.0
2026-09-25,iron_crown_ex_206,9,3457.0,102.0,3559.0,51.31
2026-09-25,iron_crown_ex_206,10,3635.0,284.0,3919.0,162.37
2026-09-25,iron_thorns_98_promo,2,,,,3.0
2026-09-25,iron_thorns_98_promo,3,,,,3.0
2026-09-25,iron_thorns_98_promo,4,,,,4.0
2026-09-25,iron_thorns_98_promo,5,,,,5.0
2026-09-25,iron_thorns_98_promo,6,,,,6.5
2026-09-25,iron_thorns_98_promo,7,,,,11.5
2026-09-25,iron_thorns_98_promo,8,,,,15.07
2026-09-25,iron_thorns_98_promo,9,,,,16.72
2026-09-25,iron_thorns_98_promo,10,,,,110.0
2026-09-25,jasmine_177,2,,,,19.0
2026-09-25,jasmine_177,3,3.0,1.0,4.0,21.0
2026-09-25,jasmine_177,4,4.0,,4.0,25.0
2026-09-25,jasmine_177,5,2.0,,2.0,29.0
2026-09-25,jasmine_177,6,11.0,,11.0,36.0
2026-09-25,jasmine_177,7,18.0,7.0,25.0,44.56
2026-09-25,jasmine_177,8,119.0,32.0,151.0,62.95
2026-09-25,jasmine_177,9,303.0,55.0,358.0,72.15
2026-09-25,jasmine_177,10,424.0,46.0,470.0,191.38
2026-09-25,jessie_james_68,1,1,,1,154.66
2026-09-25,jessie_james_68,2,3,,3,5.0
2026-09-25,jessie_james_68,3,5,2.0,7,6.0
2026-09-25,jessie_james_68,4,13,2.0,15,7.0
2026-09-25,jessie_james_68,5,39,4.0,43,8.0
2026-09-25,jessie_james_68,6,77,14.0,91,40.0
2026-09-25,jessie_james_68,7,151,25.0,176,50.0
2026-09-25,jessie_james_68,8,1402,279.0,1681,62.0
2026-09-25,jessie_james_68,9,7544,1458.0,9002,74.35
2026-09-25,jessie_james_68,10,15094,1682.0,16776,195.57
2026-09-25,jirachi_9,1,3.0,,3,74.62
2026-09-25,jirachi_9,2,,1.0,1,18.0
2026-09-25,jirachi_9,3,2.0,3.0,5,20.5
2026-09-25,jirachi_9,4,6.0,6.0,12,37.0
2026-09-25,jirachi_9,5,21.0,6.0,27,56.0
2026-09-25,jirachi_9,6,41.0,12.0,53,69.99
2026-09-25,jirachi_9,7,61.0,15.0,76,75.0
2026-09-25,jirachi_9,8,105.0,41.0,146,205.0
2026-09-25,jirachi_9,9,101.0,20.0,121,345.7
2026-09-25,jirachi_9,10,23.0,5.0,28,3061.62
2026-09-25,jirachi_XY67a_promo,2,1,,1,99.5
2026-09-25,jirachi_XY67a_promo,3,1,,1,116.0
2026-09-25,jirachi_XY67a_promo,4,6,,6,137.0
2026-09-25,jirachi_XY67a_promo,5,17,,17,161.0
2026-09-25,jirachi_XY67a_promo,6,100,,100,201.58
2026-09-25,jirachi_XY67a_promo,7,256,,256,287.0
2026-09-25,jirachi_XY67a_promo,8,475,,475,377.5
2026-09-25,jirachi_XY67a_promo,9,326,,326,720.0
2026-09-25,jirachi_XY67a_promo,10,72,,72,2481.73
2026-09-25,jirachi_ex_98,1,13,,13,183.32
2026-09-25,jirachi_ex_98,2,3,,3,42.0
2026-09-25,jirachi_ex_98,3,3,,3,47.0
2026-09-25,jirachi_ex_98,4,13,2.0,15,55.0
2026-09-25,jirachi_ex_98,5,21,3.0,24,65.0
2026-09-25,jirachi_ex_98,6,52,6.0,58,131.58
2026-09-25,jirachi_ex_98,7,68,20.0,88,147.6
2026-09-25,jirachi_ex_98,8,145,42.0,187,255.0
2026-09-25,jirachi_ex_98,9,119,6.0,125,760.0
2026-09-25,jirachi_ex_98,10,37,,37,912.0
2026-09-25,jolteon_4,1,77,1,78,70.0
2026-09-25,jolteon_4,2,53,7,60,27.99
2026-09-25,jolteon_4,3,129,24,153,31.64
2026-09-25,jolteon_4,4,384,92,476,37.0
2026-09-25,jolteon_4,5,1029,221,1250,42.94
2026-09-25,jolteon_4,6,1488,348,1836,50.52
2026-09-25,jolteon_4,7,1753,511,2264,78.41
2026-09-25,jolteon_4,8,2151,839,2990,128.54
2026-09-25,jolteon_4,9,1159,302,1461,215.34
2026-09-25,jolteon_4,10,81,59,140,2218.64
2026-09-25,jolteon_7,1,16,,16,64.54
2026-09-25,jolteon_7,2,5,3.0,8,28.0
2026-09-25,jolteon_7,3,3,2.0,5,31.0
2026-09-25,jolteon_7,4,19,8.0,27,36.96
2026-09-25,jolteon_7,5,44,16.0,60,93.0
2026-09-25,jolteon_7,6,56,11.0,67,116.06
2026-09-25,jolteon_7,7,122,43.0,165,149.37
2026-09-25,jolteon_7,8,196,63.0,259,189.99
2026-09-25,jolteon_7,9,245,51.0,296,373.0
2026-09-25,jolteon_7,10,103,18.0,121,1622.14
2026-09-25,jolteon_H12,1,4,,4,222.5
2026-09-25,jolteon_H12,2,2,1.0,3,122.0
2026-09-25,jolteon_H12,3,6,1.0,7,135.75
2026-09-25,jolteon_H12,4,15,2.0,17,205.0
2026-09-25,jolteon_H12,5,29,4.0,33,241.0
2026-09-25,jolteon_H12,6,47,3.0,50,276.34
2026-09-25,jolteon_H12,7,74,10.0,84,500.0
2026-09-25,jolteon_H12,8,129,24.0,153,777.45
2026-09-25,jolteon_H12,9,297,28.0,325,941.0
2026-09-25,jolteon_H12,10,170,42.0,212,5271.98
2026-09-25,jolteon_ex_109,1,29,,29,374.64
2026-09-25,jolteon_ex_109,2,11,2.0,13,76.0
2026-09-25,jolteon_ex_109,3,9,6.0,15,84.99
2026-09-25,jolteon_ex_109,4,26,5.0,31,131.97
2026-09-25,jolteon_ex_109,5,90,16.0,106,132.5
2026-09-25,jolteon_ex_109,6,117,23.0,140,178.49
2026-09-25,jolteon_ex_109,7,142,31.0,173,196.25
2026-09-25,jolteon_ex_109,8,244,68.0,312,352.5
2026-09-25,jolteon_ex_109,9,227,40.0,267,517.0
2026-09-25,jolteon_ex_109,10,47,17.0,64,3660.81
2026-09-25,judge_whistle_194,8,13,5,18,22.5
2026-09-25,judge_whistle_194,9,51,12,63,25.0
2026-09-25,judge_whistle_194,10,48,11,59,75.75
2026-09-25,jumpluff_H13,1,2.0,,2.0,36.62
2026-09-25,jumpluff_H13,2,,,,19.81
2026-09-25,jumpluff_H13,3,3.0,1.0,4.0,41.0
2026-09-25,jumpluff_H13,4,9.0,2.0,11.0,48.0
2026-09-25,jumpluff_H13,5,11.0,2.0,13.0,50.0
2026-09-25,jumpluff_H13,6,25.0,2.0,27.0,62.0
2026-09-25,jumpluff_H13,7,47.0,17.0,64.0,76.93
2026-09-25,jumpluff_H13,8,97.0,41.0,138.0,220.82
2026-09-25,jumpluff_H13,9,173.0,28.0,201.0,247.33
2026-09-25,jumpluff_H13,10,51.0,9.0,60.0,1591.73
2026-09-25,kabutops_150,1,46,1,47,742.98
2026-09-25,kabutops_150,2,32,1,33,503.0
2026-09-25,kabutops_150,3,24,3,27,558.87
2026-09-25,kabutops_150,4,55,9,64,635.0
2026-09-25,kabutops_150,5,105,9,114,1000.0
2026-09-25,kabutops_150,6,130,20,150,1175.0
2026-09-25,kabutops_150,7,130,20,150,1450.0
2026-09-25,kabutops_150,8,199,49,248,1963.0
2026-09-25,kabutops_150,9,411,32,443,2424.22
2026-09-25,kabutops_150,10,223,37,260,8075.1
2026-09-25,kabutops_9,1,,1,1,44.61
2026-09-25,kabutops_9,2,,3,3,17.28
2026-09-25,kabutops_9,3,,30,30,20.0
2026-09-25,kabutops_9,4,,83,83,23.0
2026-09-25,kabutops_9,5,,183,183,24.0
2026-09-25,kabutops_9,6,,308,308,29.99
2026-09-25,kabutops_9,7,1.0,520,521,37.0
2026-09-25,kabutops_9,8,,839,839,74.0
2026-09-25,kabutops_9,9,,275,275,119.5
2026-09-25,kabutops_9,10,,51,51,2013.21
2026-09-25,kabutops_9_holon_phantoms_ctrl,1,10,,10,100.0
2026-09-25,kabutops_9_holon_phantoms_ctrl,2,2,1.0,3,23.0
2026-09-25,kabutops_9_holon_phantoms_ctrl,3,5,3.0,8,25.0
2026-09-25,kabutops_9_holon_phantoms_ctrl,4,7,5.0,12,29.0
2026-09-25,kabutops_9_holon_phantoms_ctrl,5,20,10.0,30,34.0
2026-09-25,kabutops_9_holon_phantoms_ctrl,6,41,14.0,55,42.15
2026-09-25,kabutops_9_holon_phantoms_ctrl,7,55,28.0,83,43.0
2026-09-25,kabutops_9_holon_phantoms_ctrl,8,163,77.0,240,109.12
2026-09-25,kabutops_9_holon_phantoms_ctrl,9,207,53.0,260,229.75
2026-09-25,kabutops_9_holon_phantoms_ctrl,10,58,24.0,82,2125.0
2026-09-25,karen_XY177a_promo,2,,,,13.0
2026-09-25,karen_XY177a_promo,3,1.0,,1.0,14.0
2026-09-25,karen_XY177a_promo,4,1.0,,1.0,17.0
2026-09-25,karen_XY177a_promo,5,13.0,,13.0,19.99
2026-09-25,karen_XY177a_promo,6,77.0,,77.0,48.0
2026-09-25,karen_XY177a_promo,7,226.0,,226.0,60.0
2026-09-25,karen_XY177a_promo,8,488.0,,488.0,85.0
2026-09-25,karen_XY177a_promo,9,364.0,,364.0,197.94
2026-09-25,karen_XY177a_promo,10,87.0,,87.0,1797.09
2026-09-25,keldeo_gx_240,2,,,,5.0
2026-09-25,keldeo_gx_240,3,,,,6.0
2026-09-25,keldeo_gx_240,4,,,,7.0
2026-09-25,keldeo_gx_240,5,,,,8.0
2026-09-25,keldeo_gx_240,6,2.0,,2.0,10.0
2026-09-25,keldeo_gx_240,7,7.0,3.0,10.0,12.96
2026-09-25,keldeo_gx_240,8,45.0,26.0,71.0,30.0
2026-09-25,keldeo_gx_240,9,86.0,25.0,111.0,35.89
2026-09-25,keldeo_gx_240,10,112.0,10.0,122.0,252.28
2026-09-25,kingdra_148,1,83,2,85,265.18
2026-09-25,kingdra_148,2,40,4,44,315.0
2026-09-25,kingdra_148,3,60,9,69,350.0
2026-09-25,kingdra_148,4,121,18,139,350.0
2026-09-25,kingdra_148,5,206,22,228,558.14
2026-09-25,kingdra_148,6,231,31,262,699.5
2026-09-25,kingdra_148,7,261,34,295,780.0
2026-09-25,kingdra_148,8,340,83,423,1040.0
2026-09-25,kingdra_148,9,346,33,379,2026.01
2026-09-25,kingdra_148,10,95,12,107,10600.0
2026-09-25,kingdra_H14,1,13,,13,127.5
2026-09-25,kingdra_H14,2,6,,6,51.0
2026-09-25,kingdra_H14,3,7,1.0,8,57.0
2026-09-25,kingdra_H14,4,12,3.0,15,67.0
2026-09-25,kingdra_H14,5,35,4.0,39,79.0
2026-09-25,kingdra_H14,6,46,14.0,60,98.58
2026-09-25,kingdra_H14,7,89,21.0,110,135.47
2026-09-25,kingdra_H14,8,161,39.0,200,376.29
2026-09-25,kingdra_H14,9,198,26.0,224,806.16
2026-09-25,kingdra_H14,10,55,11.0,66,6100.0
2026-09-25,kingdra_ex_131_promo,2,,,,10.0
2026-09-25,kingdra_ex_131_promo,3,,,,11.0
2026-09-25,kingdra_ex_131_promo,4,,,,13.0
2026-09-25,kingdra_ex_131_promo,5,,,,14.98
2026-09-25,kingdra_ex_131_promo,6,,,,62.5
2026-09-25,kingdra_ex_131_promo,7,,,,79.99
2026-09-25,kingdra_ex_131_promo,8,,,,88.85
2026-09-25,kingdra_ex_131_promo,9,,,,90.5
2026-09-25,kingdra_ex_131_promo,10,,,,342.88
2026-09-25,koffing_72,2,,,,5.0
2026-09-25,koffing_72,3,1.0,,1.0,5.0
2026-09-25,koffing_72,4,,,,6.0
2026-09-25,koffing_72,5,2.0,1.0,3.0,7.0
2026-09-25,koffing_72,8,3.0,14.0,17.0,6.87
2026-09-25,koffing_72,9,9.0,22.0,31.0,15.3
2026-09-25,koffing_72,10,25.0,97.0,122.0,176.02
2026-09-25,koga_19,2,2,,2,9.16
2026-09-25,koga_19,3,11,1.0,12,9.26
2026-09-25,koga_19,4,16,9.0,25,13.41
2026-09-25,koga_19,5,48,22.0,70,26.15
2026-09-25,koga_19,6,96,34.0,130,28.97
2026-09-25,koga_19,7,183,55.0,238,56.6
2026-09-25,koga_19,8,369,130.0,499,82.0
2026-09-25,koga_19,9,307,82.0,389,90.0
2026-09-25,koga_19,10,50,41.0,91,325.0
2026-09-25,krookodile_ex_XY25_promo,2,,,,4.0
2026-09-25,krookodile_ex_XY25_promo,3,,,,4.0
2026-09-25,krookodile_ex_XY25_promo,4,,,,5.0
2026-09-25,krookodile_ex_XY25_promo,5,,,,6.0
2026-09-25,krookodile_ex_XY25_promo,6,,,,7.5
2026-09-25,krookodile_ex_XY25_promo,7,,,,22.75
2026-09-25,krookodile_ex_XY25_promo,9,,,,31.3
2026-09-25,krookodile_ex_XY25_promo,10,,,,225.0
2026-09-25,kyogre_ex_148,1,15,,15,120.03
2026-09-25,kyogre_ex_148,2,3,,3,18.0
2026-09-25,kyogre_ex_148,3,10,,10,20.0
2026-09-25,kyogre_ex_148,4,12,2.0,14,23.68
2026-09-25,kyogre_ex_148,5,56,6.0,62,86.51
2026-09-25,kyogre_ex_148,6,159,17.0,176,97.64
2026-09-25,kyogre_ex_148,7,298,45.0,343,162.9
2026-09-25,kyogre_ex_148,8,236,84.0,320,316.66
2026-09-25,kyogre_ex_148,9,115,7.0,122,649.95
2026-09-25,kyogre_ex_148,10,14,,14,3021.58
2026-09-25,kyogre_ex_1_promo,1,47,,47,150.0
2026-09-25,kyogre_ex_1_promo,2,15,,15,59.0
2026-09-25,kyogre_ex_1_promo,3,36,,36,66.0
2026-09-25,kyogre_ex_1_promo,4,70,,70,77.94
2026-09-25,kyogre_ex_1_promo,5,158,,158,162.5
2026-09-25,kyogre_ex_1_promo,6,218,,218,209.0
2026-09-25,kyogre_ex_1_promo,7,187,,187,300.93
2026-09-25,kyogre_ex_1_promo,8,292,,292,400.0
2026-09-25,kyogre_ex_1_promo,9,165,,165,1726.97
2026-09-25,kyogre_ex_1_promo,10,19,,19,160369.21
2026-09-25,kyogre_ex_95,1,23,,23,116.25
2026-09-25,kyogre_ex_95,2,10,1.0,11,59.0
2026-09-25,kyogre_ex_95,3,17,5.0,22,66.0
2026-09-25,kyogre_ex_95,4,29,11.0,40,78.0
2026-09-25,kyogre_ex_95,5,66,5.0,71,91.92
2026-09-25,kyogre_ex_95,6,110,18.0,128,152.5
2026-09-25,kyogre_ex_95,7,136,30.0,166,241.19
2026-09-25,kyogre_ex_95,8,243,69.0,312,438.0
2026-09-25,kyogre_ex_95,9,220,31.0,251,899.97
2026-09-25,kyogre_ex_95,10,71,21.0,92,5866.0
2026-09-25,lanturn_H15,1,4,,4,70.0
2026-09-25,lanturn_H15,2,3,,3,15.0
2026-09-25,lanturn_H15,3,3,,3,16.5
2026-09-25,lanturn_H15,4,10,6.0,16,35.25
2026-09-25,lanturn_H15,5,21,5.0,26,68.0
2026-09-25,lanturn_H15,6,41,12.0,53,90.0
2026-09-25,lanturn_H15,7,77,22.0,99,102.5
2026-09-25,lanturn_H15,8,156,48.0,204,206.5
2026-09-25,lanturn_H15,9,204,34.0,238,341.0
2026-09-25,lanturn_H15,10,101,17.0,118,2460.77
2026-09-25,larvitar_115,2,,,,7.0
2026-09-25,larvitar_115,3,,,,8.0
2026-09-25,larvitar_115,4,,,,9.0
2026-09-25,larvitar_115,5,,,,11.0
2026-09-25,larvitar_115,6,,,,13.21
2026-09-25,larvitar_115,9,,,,11.18
2026-09-25,larvitar_115,10,,,,31.98
2026-09-25,larvitar_63,2,,,,18.0
2026-09-25,larvitar_63,3,,,,20.0
2026-09-25,larvitar_63,4,,,,24.0
2026-09-25,larvitar_63,5,1.0,,1.0,28.0
2026-09-25,larvitar_63,6,,,,34.99
2026-09-25,larvitar_63,8,3.0,15.0,18.0,8.0
2026-09-25,larvitar_63,9,18.0,31.0,49.0,15.97
2026-09-25,larvitar_63,10,32.0,36.0,68.0,150.5
2026-09-25,latias_XY78_promo,1,18,,18,115.36
2026-09-25,latias_XY78_promo,2,2,,2,33.0
2026-09-25,latias_XY78_promo,3,6,,6,37.0
2026-09-25,latias_XY78_promo,4,18,,18,43.0
2026-09-25,latias_XY78_promo,5,67,,67,50.02
2026-09-25,latias_XY78_promo,6,153,,153,73.0
2026-09-25,latias_XY78_promo,7,373,,373,87.5
2026-09-25,latias_XY78_promo,8,502,,502,128.25
2026-09-25,latias_XY78_promo,9,142,,142,613.28
2026-09-25,latias_XY78_promo,10,3,,3,1248.3
2026-09-25,latias_ex_239,2,,,,70.0
2026-09-25,latias_ex_239,3,7.0,,7.0,78.0
2026-09-25,latias_ex_239,4,18.0,1.0,19.0,92.0
2026-09-25,latias_ex_239,5,36.0,2.0,38.0,108.0
2026-09-25,latias_ex_239,6,78.0,5.0,83.0,135.0
2026-09-25,latias_ex_239,7,193.0,13.0,206.0,145.0
2026-09-25,latias_ex_239,8,2012.0,67.0,2079.0,152.25
2026-09-25,latias_ex_239,9,9760.0,204.0,9964.0,168.5
2026-09-25,latias_ex_239,10,6334.0,437.0,6771.0,469.12
2026-09-25,latias_ex_95,1,32,,32,212.5
2026-09-25,latias_ex_95,2,21,1.0,22,66.0
2026-09-25,latias_ex_95,3,14,,14,73.56
2026-09-25,latias_ex_95,4,31,6.0,37,133.0
2026-09-25,latias_ex_95,5,66,6.0,72,156.4
2026-09-25,latias_ex_95,6,98,17.0,115,172.5
2026-09-25,latias_ex_95,7,140,24.0,164,220.0
2026-09-25,latias_ex_95,8,224,68.0,292,406.0
2026-09-25,latias_ex_95,9,250,35.0,285,895.95
2026-09-25,latias_ex_95,10,32,12.0,44,1505.69
2026-09-25,latias_latios_170,1,88,1,89,1943.75
2026-09-25,latias_latios_170,2,43,3,46,1129.0
2026-09-25,latias_latios_170,3,55,7,62,1254.0
2026-09-25,latias_latios_170,4,80,5,85,1475.0
2026-09-25,latias_latios_170,5,102,18,120,1952.67
2026-09-25,latias_latios_170,6,163,22,185,2399.5
2026-09-25,latias_latios_170,7,292,35,327,3125.0
2026-09-25,latias_latios_170,8,947,183,1130,3746.48
2026-09-25,latias_latios_170,9,1775,188,1963,5175.0
2026-09-25,latias_latios_170,10,2421,177,2598,15550.0
2026-09-25,latias_latios_gx_113,1,4,,4,100.0
2026-09-25,latias_latios_gx_113,2,1,,1,20.0
2026-09-25,latias_latios_gx_113,3,9,,9,22.0
2026-09-25,latias_latios_gx_113,4,17,1.0,18,26.0
2026-09-25,latias_latios_gx_113,5,31,1.0,32,31.0
2026-09-25,latias_latios_gx_113,6,68,8.0,76,46.0
2026-09-25,latias_latios_gx_113,7,120,25.0,145,57.37
2026-09-25,latias_latios_gx_113,8,462,120.0,582,79.99
2026-09-25,latias_latios_gx_113,9,1394,116.0,1510,126.76
2026-09-25,latias_latios_gx_113,10,1375,99.0,1474,779.92
2026-09-25,latias_latios_gx_169,1,6.0,,6.0,110.0
2026-09-25,latias_latios_gx_169,2,,,,19.0
2026-09-25,latias_latios_gx_169,3,1.0,,1.0,21.0
2026-09-25,latias_latios_gx_169,4,7.0,,7.0,25.0
2026-09-25,latias_latios_gx_169,5,9.0,2.0,11.0,29.0
2026-09-25,latias_latios_gx_169,6,20.0,3.0,23.0,36.0
2026-09-25,latias_latios_gx_169,7,50.0,6.0,56.0,44.75
2026-09-25,latias_latios_gx_169,8,145.0,38.0,183.0,126.4
2026-09-25,latias_latios_gx_169,9,475.0,58.0,533.0,143.17
2026-09-25,latias_latios_gx_169,10,948.0,60.0,1008.0,685.1
2026-09-25,latias_latios_gx_190,1,3,,3,190.56
2026-09-25,latias_latios_gx_190,2,2,,2,28.0
2026-09-25,latias_latios_gx_190,3,3,1.0,4,31.0
2026-09-25,latias_latios_gx_190,4,7,1.0,8,37.0
2026-09-25,latias_latios_gx_190,5,19,1.0,20,55.97
2026-09-25,latias_latios_gx_190,6,19,5.0,24,72.5
2026-09-25,latias_latios_gx_190,7,50,6.0,56,136.82
2026-09-25,latias_latios_gx_190,8,234,72.0,306,146.39
2026-09-25,latias_latios_gx_190,9,681,97.0,778,250.0
2026-09-25,latias_latios_gx_190,10,712,57.0,769,1029.5
2026-09-25,latios_XY79_promo,1,14,,14,86.15
2026-09-25,latios_XY79_promo,2,3,,3,42.0
2026-09-25,latios_XY79_promo,3,4,,4,47.0
2026-09-25,latios_XY79_promo,4,10,,10,55.0
2026-09-25,latios_XY79_promo,5,53,,53,65.17
2026-09-25,latios_XY79_promo,6,147,,147,80.0
2026-09-25,latios_XY79_promo,7,393,,393,106.84
2026-09-25,latios_XY79_promo,8,543,,543,165.53
2026-09-25,latios_XY79_promo,9,102,,102,557.5
2026-09-25,latios_XY79_promo,10,2,,2,9000.0
2026-09-25,latios_ex_96,1,28,1,29,192.24
2026-09-25,latios_ex_96,2,16,1,17,18.0
2026-09-25,latios_ex_96,3,13,1,14,20.51
2026-09-25,latios_ex_96,4,42,6,48,169.74
2026-09-25,latios_ex_96,5,55,14,69,175.0
2026-09-25,latios_ex_96,6,117,18,135,200.0
2026-09-25,latios_ex_96,7,129,25,154,301.79
2026-09-25,latios_ex_96,8,223,71,294,441.65
2026-09-25,latios_ex_96,9,225,31,256,1318.48
2026-09-25,latios_ex_96,10,46,15,61,5700.19
2026-09-25,leafeon_gx_139,1,1.0,2.0,3.0,29.79
2026-09-25,leafeon_gx_139,2,,,,11.0
2026-09-25,leafeon_gx_139,3,,,,12.0
2026-09-25,leafeon_gx_139,4,,,,14.0
2026-09-25,leafeon_gx_139,5,1.0,4.0,5.0,17.0
2026-09-25,leafeon_gx_139,6,3.0,1.0,4.0,21.0
2026-09-25,leafeon_gx_139,7,21.0,6.0,27.0,26.0
2026-09-25,leafeon_gx_139,8,90.0,45.0,135.0,44.58
2026-09-25,leafeon_gx_139,9,261.0,48.0,309.0,47.5
2026-09-25,leafeon_gx_139,10,299.0,19.0,318.0,313.28
2026-09-25,leafeon_gx_157,2,,,,11.0
2026-09-25,leafeon_gx_157,3,1.0,,1.0,12.0
2026-09-25,leafeon_gx_157,4,7.0,,7.0,14.0
2026-09-25,leafeon_gx_157,5,9.0,1.0,10.0,16.84
2026-09-25,leafeon_gx_157,6,9.0,3.0,12.0,19.5
2026-09-25,leafeon_gx_157,7,26.0,3.0,29.0,38.1
2026-09-25,leafeon_gx_157,8,199.0,62.0,261.0,58.4
2026-09-25,leafeon_gx_157,9,385.0,71.0,456.0,110.75
2026-09-25,leafeon_gx_157,10,549.0,37.0,586.0,453.0
2026-09-25,leafeon_v_167,2,,,,46.0
2026-09-25,leafeon_v_167,3,6.0,,6.0,51.0
2026-09-25,leafeon_v_167,4,14.0,2.0,16.0,60.0
2026-09-25,leafeon_v_167,5,35.0,5.0,40.0,70.0
2026-09-25,leafeon_v_167,6,109.0,4.0,113.0,75.0
2026-09-25,leafeon_v_167,7,197.0,21.0,218.0,91.0
2026-09-25,leafeon_v_167,8,1004.0,190.0,1194.0,120.0
2026-09-25,leafeon_v_167,9,3866.0,557.0,4423.0,134.97
2026-09-25,leafeon_v_167,10,6365.0,655.0,7020.0,285.0
2026-09-25,leafeon_vmax_205,1,14,,14,216.5
2026-09-25,leafeon_vmax_205,2,7,,7,110.0
2026-09-25,leafeon_vmax_205,3,13,,13,122.56
2026-09-25,leafeon_vmax_205,4,26,1.0,27,139.0
2026-09-25,leafeon_vmax_205,5,73,8.0,81,163.0
2026-09-25,leafeon_vmax_205,6,141,10.0,151,204.0
2026-09-25,leafeon_vmax_205,7,195,33.0,228,254.99
2026-09-25,leafeon_vmax_205,8,683,155.0,838,332.06
2026-09-25,leafeon_vmax_205,9,3125,426.0,3551,377.5
2026-09-25,leafeon_vmax_205,10,10938,877.0,11815,555.25
2026-09-25,ledian_H14,1,4,,4,78.94
2026-09-25,ledian_H14,2,3,,3,27.0
2026-09-25,ledian_H14,3,1,,1,30.0
2026-09-25,ledian_H14,4,8,,8,35.0
2026-09-25,ledian_H14,5,18,,18,72.19
2026-09-25,ledian_H14,6,37,4.0,41,89.6
2026-09-25,ledian_H14,7,49,4.0,53,99.47
2026-09-25,ledian_H14,8,108,21.0,129,346.77
2026-09-25,ledian_H14,9,241,24.0,265,428.0
2026-09-25,ledian_H14,10,137,45.0,182,3000.0
2026-09-25,ledyba_71,2,,,,2.0
2026-09-25,ledyba_71,3,,1.0,1.0,2.0
2026-09-25,ledyba_71,4,,1.0,1.0,2.0
2026-09-25,ledyba_71,5,,2.0,2.0,2.0
2026-09-25,ledyba_71,6,,13.0,13.0,2.25
2026-09-25,ledyba_71,7,,20.0,20.0,4.25
2026-09-25,ledyba_71,8,5.0,87.0,92.0,21.5
2026-09-25,ledyba_71,9,10.0,63.0,73.0,24.0
2026-09-25,ledyba_71,10,11.0,33.0,44.0,26.6
2026-09-25,lickilicky_153,2,,,,7.0
2026-09-25,lickilicky_153,3,,,,8.0
2026-09-25,lickilicky_153,4,,,,9.0
2026-09-25,lickilicky_153,5,,,,11.0
2026-09-25,lickilicky_153,6,,,,14.0
2026-09-25,lickilicky_153,7,,,,17.07
2026-09-25,lickilicky_153,9,,1.0,1.0,11.25
2026-09-25,lickilicky_153,10,,1.0,1.0,32.07
2026-09-25,light_arcanine_12,1,27,,27,250.0
2026-09-25,light_arcanine_12,2,9,1.0,10,104.0
2026-09-25,light_arcanine_12,3,40,5.0,45,115.25
2026-09-25,light_arcanine_12,4,78,10.0,88,218.05
2026-09-25,light_arcanine_12,5,185,43.0,228,225.62
2026-09-25,light_arcanine_12,6,308,66.0,374,303.11
2026-09-25,light_arcanine_12,7,363,80.0,443,356.0
2026-09-25,light_arcanine_12,8,518,154.0,672,464.99
2026-09-25,light_arcanine_12,9,368,48.0,416,599.0
2026-09-25,light_arcanine_12,10,37,13.0,50,2599.59
2026-09-25,light_dragonair_22,1,3,,3,64.17
2026-09-25,light_dragonair_22,2,2,,2,14.0
2026-09-25,light_dragonair_22,3,2,1.0,3,16.0
2026-09-25,light_dragonair_22,4,3,1.0,4,19.0
2026-09-25,light_dragonair_22,5,6,4.0,10,21.99
2026-09-25,light_dragonair_22,6,12,7.0,19,23.31
2026-09-25,light_dragonair_22,7,28,14.0,42,44.6
2026-09-25,light_dragonair_22,8,52,47.0,99,70.88
2026-09-25,light_dragonair_22,9,113,37.0,150,78.0
2026-09-25,light_dragonair_22,10,67,18.0,85,385.0
2026-09-25,light_dragonite_14,1,32,,32,195.58
2026-09-25,light_dragonite_14,2,17,2.0,19,77.78
2026-09-25,light_dragonite_14,3,28,6.0,34,163.0
2026-09-25,light_dragonite_14,4,82,12.0,94,191.83
2026-09-25,light_dragonite_14,5,145,22.0,167,228.5
2026-09-25,light_dragonite_14,6,281,55.0,336,300.5
2026-09-25,light_dragonite_14,7,365,76.0,441,360.0
2026-09-25,light_dragonite_14,8,565,170.0,735,415.0
2026-09-25,light_dragonite_14,9,481,55.0,536,719.38
2026-09-25,light_dragonite_14,10,91,19.0,110,2634.68
2026-09-25,light_togetic_15,1,4,,4,63.88
2026-09-25,light_togetic_15,2,7,1.0,8,49.0
2026-09-25,light_togetic_15,3,9,4.0,13,54.0
2026-09-25,light_togetic_15,4,28,5.0,33,63.49
2026-09-25,light_togetic_15,5,79,14.0,93,64.47
2026-09-25,light_togetic_15,6,136,25.0,161,86.03
2026-09-25,light_togetic_15,7,193,41.0,234,120.96
2026-09-25,light_togetic_15,8,255,106.0,361,192.5
2026-09-25,light_togetic_15,9,225,38.0,263,258.72
2026-09-25,light_togetic_15,10,11,5.0,16,1620.18
2026-09-25,light_vaporeon_52,1,5.0,,5.0,79.99
2026-09-25,light_vaporeon_52,2,,,,8.0
2026-09-25,light_vaporeon_52,3,3.0,3.0,6.0,9.0
2026-09-25,light_vaporeon_52,4,8.0,4.0,12.0,11.0
2026-09-25,light_vaporeon_52,5,17.0,3.0,20.0,13.25
2026-09-25,light_vaporeon_52,6,19.0,19.0,38.0,20.0
2026-09-25,light_vaporeon_52,7,64.0,28.0,92.0,24.99
2026-09-25,light_vaporeon_52,8,126.0,110.0,236.0,61.75
2026-09-25,light_vaporeon_52,9,195.0,48.0,243.0,76.29
2026-09-25,light_vaporeon_52,10,69.0,25.0,94.0,295.24
2026-09-25,lillie_151,1,13,,13,305.0
2026-09-25,lillie_151,2,5,1.0,6,153.0
2026-09-25,lillie_151,3,16,,16,170.0
2026-09-25,lillie_151,4,25,4.0,29,200.0
2026-09-25,lillie_151,5,26,7.0,33,235.0
2026-09-25,lillie_151,6,96,9.0,105,294.01
2026-09-25,lillie_151,7,184,32.0,216,327.5
2026-09-25,lillie_151,8,702,132.0,834,352.71
2026-09-25,lillie_151,9,1614,152.0,1766,470.0
2026-09-25,lillie_151,10,1363,99.0,1462,1425.0
2026-09-25,lisia_164,1,,,,69.55
2026-09-25,lisia_164,2,,,,51.0
2026-09-25,lisia_164,3,,1.0,1.0,57.0
2026-09-25,lisia_164,4,,2.0,2.0,67.0
2026-09-25,lisia_164,5,,6.0,6.0,79.0
2026-09-25,lisia_164,6,,7.0,7.0,99.25
2026-09-25,lisia_164,7,,17.0,17.0,173.78
2026-09-25,lisia_164,8,,102.0,102.0,201.25
2026-09-25,lisia_164,9,1.0,100.0,101.0,208.62
2026-09-25,lisia_164,10,,48.0,48.0,536.5
2026-09-25,litten_20,9,2,,2,20.84
2026-09-25,litten_20,10,4,,4,68.0
2026-09-25,litwick_31,9,3,4.0,7,10.84
2026-09-25,litwick_31,10,2,,2,31.4
2026-09-25,lombre_34,8,1,8,9,31.75
2026-09-25,lombre_34,9,4,14,18,35.0
2026-09-25,lombre_34,10,4,26,30,85.3
2026-09-25,lombre_54,9,,13,13,27.99
2026-09-25,lombre_54,10,,12,12,40.42
2026-09-25,lucario_117,9,4,4,8,13.65
2026-09-25,lucario_117,10,4,1,5,42.25
2026-09-25,lucario_BW85_promo,2,7,,7,12.0
2026-09-25,lucario_BW85_promo,3,15,,15,13.0
2026-09-25,lucario_BW85_promo,4,99,,99,15.0
2026-09-25,lucario_BW85_promo,5,186,,186,15.0
2026-09-25,lucario_BW85_promo,6,382,,382,15.0
2026-09-25,lucario_BW85_promo,7,472,,472,22.13
2026-09-25,lucario_BW85_promo,8,2311,,2311,22.5
2026-09-25,lucario_BW85_promo,9,13190,,13190,26.98
2026-09-25,lucario_BW85_promo,10,22981,,22981,120.64
2026-09-25,lucario_gx_135,1,3,,3,66.0
2026-09-25,lucario_gx_135,2,1,,1,13.0
2026-09-25,lucario_gx_135,3,2,,2,14.0
2026-09-25,lucario_gx_135,4,2,,2,17.0
2026-09-25,lucario_gx_135,5,7,1.0,8,20.5
2026-09-25,lucario_gx_135,6,10,3.0,13,30.0
2026-09-25,lucario_gx_135,7,26,10.0,36,38.0
2026-09-25,lucario_gx_135,8,99,49.0,148,58.51
2026-09-25,lucario_gx_135,9,269,39.0,308,136.25
2026-09-25,lucario_gx_135,10,275,24.0,299,605.0
2026-09-25,lucario_lvx_DP12_promo,1,24.0,,24.0,92.23
2026-09-25,lucario_lvx_DP12_promo,2,12.0,,12.0,55.0
2026-09-25,lucario_lvx_DP12_promo,3,17.0,,17.0,61.0
2026-09-25,lucario_lvx_DP12_promo,4,57.0,,57.0,96.52
2026-09-25,lucario_lvx_DP12_promo,5,118.0,,118.0,125.0
2026-09-25,lucario_lvx_DP12_promo,6,144.0,,144.0,162.5
2026-09-25,lucario_lvx_DP12_promo,7,141.0,,141.0,330.0
2026-09-25,lucario_lvx_DP12_promo,8,108.0,,108.0,798.74
2026-09-25,lucario_lvx_DP12_promo,9,27.0,,27.0,4548.47
2026-09-25,lucario_lvx_DP12_promo,10,,,,5458.0
2026-09-25,lucky_stadium_41_promo,2,9,,9,670.0
2026-09-25,lucky_stadium_41_promo,3,12,,12,744.0
2026-09-25,lucky_stadium_41_promo,4,27,,27,875.0
2026-09-25,lucky_stadium_41_promo,5,59,,59,1251.0
2026-09-25,lucky_stadium_41_promo,6,93,,93,1511.0
2026-09-25,lucky_stadium_41_promo,7,128,,128,1800.0
2026-09-25,lucky_stadium_41_promo,8,313,,313,2142.5
2026-09-25,lucky_stadium_41_promo,9,417,,417,2455.86
2026-09-25,lucky_stadium_41_promo,10,209,,209,6927.0
2026-09-25,ludicolo_19,2,,,,14.0
2026-09-25,ludicolo_19,3,,,,16.0
2026-09-25,ludicolo_19,4,,1.0,1.0,19.0
2026-09-25,ludicolo_19,5,,2.0,2.0,22.0
2026-09-25,ludicolo_19,6,3.0,2.0,5.0,27.27
2026-09-25,ludicolo_19,8,7.0,21.0,28.0,33.84
2026-09-25,ludicolo_19,9,14.0,23.0,37.0,54.0
2026-09-25,ludicolo_19,10,13.0,33.0,46.0,80.25
2026-09-25,lugia_149,1,281,8,289,2838.99
2026-09-25,lugia_149,2,155,15,170,2620.71
2026-09-25,lugia_149,3,213,26,239,3370.25
2026-09-25,lugia_149,4,242,36,278,4135.17
2026-09-25,lugia_149,5,338,60,398,5349.0
2026-09-25,lugia_149,6,405,64,469,6763.86
2026-09-25,lugia_149,7,356,59,415,9500.0
2026-09-25,lugia_149,8,422,64,486,13251.36
2026-09-25,lugia_149,9,528,34,562,18249.12
2026-09-25,lugia_149,10,138,29,167,99792.13
2026-09-25,lugia_XY156_promo,2,,,,3.0
2026-09-25,lugia_XY156_promo,3,,,,3.0
2026-09-25,lugia_XY156_promo,4,,,,4.0
2026-09-25,lugia_XY156_promo,5,,,,5.0
2026-09-25,lugia_XY156_promo,6,,,,6.0
2026-09-25,lugia_XY156_promo,7,,,,7.5
2026-09-25,lugia_XY156_promo,8,,,,29.45
2026-09-25,lugia_XY156_promo,9,,,,147.61
2026-09-25,lugia_XY156_promo,10,,,,163.5
2026-09-25,lugia_ex_105,1,236,1,237,552.6
2026-09-25,lugia_ex_105,2,46,5,51,518.0
2026-09-25,lugia_ex_105,3,63,9,72,575.0
2026-09-25,lugia_ex_105,4,109,15,124,575.0
2026-09-25,lugia_ex_105,5,171,28,199,999.99
2026-09-25,lugia_ex_105,6,205,25,230,1358.38
2026-09-25,lugia_ex_105,7,283,41,324,1975.0
2026-09-25,lugia_ex_105,8,384,73,457,3000.0
2026-09-25,lugia_ex_105,9,343,37,380,8000.0
2026-09-25,lugia_ex_105,10,71,26,97,14900.0
2026-09-25,lugia_ex_134,1,56,,56,302.24
2026-09-25,lugia_ex_134,2,21,1.0,22,254.0
2026-09-25,lugia_ex_134,3,20,1.0,21,282.0
2026-09-25,lugia_ex_134,4,48,7.0,55,331.5
2026-09-25,lugia_ex_134,5,105,11.0,116,499.99
2026-09-25,lugia_ex_134,6,224,14.0,238,601.0
2026-09-25,lugia_ex_134,7,439,43.0,482,833.42
2026-09-25,lugia_ex_134,8,540,114.0,654,1399.5
2026-09-25,lugia_ex_134,9,292,19.0,311,4167.82
2026-09-25,lugia_ex_134,10,21,,21,4284.85
2026-09-25,lugia_ex_94,1,54,,54,130.0
2026-09-25,lugia_ex_94,2,8,,8,72.0
2026-09-25,lugia_ex_94,3,18,2.0,20,80.0
2026-09-25,lugia_ex_94,4,30,3.0,33,94.0
2026-09-25,lugia_ex_94,5,116,14.0,130,110.6
2026-09-25,lugia_ex_94,6,217,24.0,241,125.02
2026-09-25,lugia_ex_94,7,432,72.0,504,200.21
2026-09-25,lugia_ex_94,8,685,191.0,876,318.63
2026-09-25,lugia_ex_94,9,900,89.0,989,681.5
2026-09-25,lugia_ex_94,10,478,33.0,511,4473.86
2026-09-25,lugia_gx_207,1,4,,4,119.99
2026-09-25,lugia_gx_207,2,1,,1,22.0
2026-09-25,lugia_gx_207,3,1,,1,24.0
2026-09-25,lugia_gx_207,4,5,,5,28.0
2026-09-25,lugia_gx_207,5,13,4.0,17,32.43
2026-09-25,lugia_gx_207,6,23,2.0,25,55.0
2026-09-25,lugia_gx_207,7,69,11.0,80,69.03
2026-09-25,lugia_gx_207,8,389,119.0,508,129.48
2026-09-25,lugia_gx_207,9,926,119.0,1045,173.12
2026-09-25,lugia_gx_207,10,522,44.0,566,1600.0
2026-09-25,lugia_gx_227,1,12,1.0,13,175.0
2026-09-25,lugia_gx_227,2,6,2.0,8,43.0
2026-09-25,lugia_gx_227,3,4,,4,48.0
2026-09-25,lugia_gx_227,4,7,3.0,10,56.47
2026-09-25,lugia_gx_227,5,22,1.0,23,91.0
2026-09-25,lugia_gx_227,6,33,3.0,36,113.19
2026-09-25,lugia_gx_227,7,76,13.0,89,162.5
2026-09-25,lugia_gx_227,8,352,115.0,467,228.63
2026-09-25,lugia_gx_227,9,1004,95.0,1099,350.0
2026-09-25,lugia_gx_227,10,746,38.0,784,1937.5
2026-09-25,lugia_v_186,1,29,1.0,30,400.0
2026-09-25,lugia_v_186,2,13,,13,43.0
2026-09-25,lugia_v_186,3,25,2.0,27,48.0
2026-09-25,lugia_v_186,4,83,3.0,86,57.0
2026-09-25,lugia_v_186,5,158,12.0,170,67.51
2026-09-25,lugia_v_186,6,281,28.0,309,297.5
2026-09-25,lugia_v_186,7,464,49.0,513,298.69
2026-09-25,lugia_v_186,8,3034,286.0,3320,454.78
2026-09-25,lugia_v_186,9,15723,1085.0,16808,506.39
2026-09-25,lugia_v_186,10,24553,1560.0,26113,1312.0
2026-09-25,lusamine_153,1,1,,1,80.75
2026-09-25,lusamine_153,2,4,,4,49.0
2026-09-25,lusamine_153,3,1,,1,54.0
2026-09-25,lusamine_153,4,2,1.0,3,64.0
2026-09-25,lusamine_153,5,9,4.0,13,75.0
2026-09-25,lusamine_153,6,26,8.0,34,85.0
2026-09-25,lusamine_153,7,62,6.0,68,125.35
2026-09-25,lusamine_153,8,214,55.0,269,128.61
2026-09-25,lusamine_153,9,556,71.0,627,145.0
2026-09-25,lusamine_153,10,701,56.0,757,345.0
2026-09-25,luxray_gl_lvx_109,2,1,,1,42.0
2026-09-25,luxray_gl_lvx_109,3,2,,2,47.0
2026-09-25,luxray_gl_lvx_109,4,9,6.0,15,55.0
2026-09-25,luxray_gl_lvx_109,5,22,3.0,25,64.3
2026-09-25,luxray_gl_lvx_109,6,41,8.0,49,160.0
2026-09-25,luxray_gl_lvx_109,7,72,14.0,86,250.0
2026-09-25,luxray_gl_lvx_109,8,91,27.0,118,345.0
2026-09-25,luxray_gl_lvx_109,9,99,9.0,108,830.0
2026-09-25,luxray_gl_lvx_109,10,27,18.0,45,2150.0
2026-09-25,m_aggron_ex_154,1,8,,8,34.01
2026-09-25,m_aggron_ex_154,2,3,,3,23.0
2026-09-25,m_aggron_ex_154,3,5,1.0,6,26.0
2026-09-25,m_aggron_ex_154,4,12,4.0,16,30.0
2026-09-25,m_aggron_ex_154,5,25,4.0,29,35.73
2026-09-25,m_aggron_ex_154,6,47,14.0,61,66.69
2026-09-25,m_aggron_ex_154,7,140,21.0,161,69.0
2026-09-25,m_aggron_ex_154,8,170,54.0,224,120.0
2026-09-25,m_aggron_ex_154,9,126,10.0,136,304.47
2026-09-25,m_aggron_ex_154,10,31,1.0,32,3172.0
2026-09-25,m_aggron_ex_94,2,3,,3,8.0
2026-09-25,m_aggron_ex_94,3,1,1.0,2,9.0
2026-09-25,m_aggron_ex_94,4,5,3.0,8,11.0
2026-09-25,m_aggron_ex_94,5,11,3.0,14,13.0
2026-09-25,m_aggron_ex_94,6,36,6.0,42,16.0
2026-09-25,m_aggron_ex_94,7,98,13.0,111,20.5
2026-09-25,m_aggron_ex_94,8,139,55.0,194,28.0
2026-09-25,m_aggron_ex_94,9,111,17.0,128,55.58
2026-09-25,m_aggron_ex_94,10,36,2.0,38,510.0
2026-09-25,m_alakazam_ex_118,1,31,,31,102.5
2026-09-25,m_alakazam_ex_118,2,13,2.0,15,31.0
2026-09-25,m_alakazam_ex_118,3,23,2.0,25,34.55
2026-09-25,m_alakazam_ex_118,4,31,11.0,42,41.0
2026-09-25,m_alakazam_ex_118,5,72,14.0,86,51.0
2026-09-25,m_alakazam_ex_118,6,256,15.0,271,63.6
2026-09-25,m_alakazam_ex_118,7,400,58.0,458,63.73
2026-09-25,m_alakazam_ex_118,8,745,204.0,949,87.25
2026-09-25,m_alakazam_ex_118,9,1037,127.0,1164,148.92
2026-09-25,m_alakazam_ex_118,10,715,49.0,764,987.5
2026-09-25,m_ampharos_ex_88,2,2,1,3,23.0
2026-09-25,m_ampharos_ex_88,3,6,1,7,25.0
2026-09-25,m_ampharos_ex_88,4,10,1,11,31.0
2026-09-25,m_ampharos_ex_88,5,33,4,37,36.0
2026-09-25,m_ampharos_ex_88,6,95,5,100,37.0
2026-09-25,m_ampharos_ex_88,7,158,16,174,46.18
2026-09-25,m_ampharos_ex_88,8,161,43,204,83.93
2026-09-25,m_ampharos_ex_88,9,330,19,349,125.98
2026-09-25,m_ampharos_ex_88,10,227,14,241,875.0
2026-09-25,m_blastoise_ex_102,1,55,1,56,66.43
2026-09-25,m_blastoise_ex_102,2,14,2,16,20.0
2026-09-25,m_blastoise_ex_102,3,43,6,49,22.0
2026-09-25,m_blastoise_ex_102,4,83,11,94,26.0
2026-09-25,m_blastoise_ex_102,5,170,31,201,30.0
2026-09-25,m_blastoise_ex_102,6,601,43,644,38.0
2026-09-25,m_blastoise_ex_102,7,717,148,865,46.28
2026-09-25,m_blastoise_ex_102,8,2192,954,3146,57.3
2026-09-25,m_blastoise_ex_102,9,6780,953,7733,87.02
2026-09-25,m_blastoise_ex_102,10,6176,333,6509,358.56
2026-09-25,m_blaziken_ex_XY86_promo,2,,,,23.0
2026-09-25,m_blaziken_ex_XY86_promo,3,,,,26.0
2026-09-25,m_blaziken_ex_XY86_promo,4,,,,31.0
2026-09-25,m_blaziken_ex_XY86_promo,9,,,,909.42
2026-09-25,m_blaziken_ex_XY86_promo,10,,,,1091.0
2026-09-25,m_camerupt_ex_XY198a_promo,2,,,,21.0
2026-09-25,m_camerupt_ex_XY198a_promo,3,,,,23.0
2026-09-25,m_camerupt_ex_XY198a_promo,4,,,,27.0
2026-09-25,m_camerupt_ex_XY198a_promo,5,,,,32.0
2026-09-25,m_camerupt_ex_XY198a_promo,8,,,,25.5
2026-09-25,m_charizard_ex_101,1,143,1,144,124.55
2026-09-25,m_charizard_ex_101,2,68,5,73,50.0
2026-09-25,m_charizard_ex_101,3,106,6,112,61.4
2026-09-25,m_charizard_ex_101,4,172,32,204,68.03
2026-09-25,m_charizard_ex_101,5,383,51,434,86.01
2026-09-25,m_charizard_ex_101,6,1073,88,1161,91.95
2026-09-25,m_charizard_ex_101,7,1233,212,1445,99.15
2026-09-25,m_charizard_ex_101,8,3592,1486,5078,122.0
2026-09-25,m_charizard_ex_101,9,12441,1674,14115,154.25
2026-09-25,m_charizard_ex_101,10,13128,655,13783,647.5
2026-09-25,m_charizard_ex_107,1,44,1.0,45,142.95
2026-09-25,m_charizard_ex_107,2,11,,11,65.0
2026-09-25,m_charizard_ex_107,3,21,2.0,23,68.0
2026-09-25,m_charizard_ex_107,4,28,3.0,31,80.0
2026-09-25,m_charizard_ex_107,5,87,8.0,95,94.53
2026-09-25,m_charizard_ex_107,6,189,19.0,208,108.92
2026-09-25,m_charizard_ex_107,7,308,39.0,347,175.99
2026-09-25,m_charizard_ex_107,8,373,90.0,463,206.25
2026-09-25,m_charizard_ex_107,9,457,9.0,466,649.99
2026-09-25,m_charizard_ex_107,10,79,,79,6601.08
2026-09-25,m_charizard_ex_108,1,150,2,152,221.12
2026-09-25,m_charizard_ex_108,2,53,1,54,264.99
2026-09-25,m_charizard_ex_108,3,66,6,72,275.0
2026-09-25,m_charizard_ex_108,4,114,20,134,310.39
2026-09-25,m_charizard_ex_108,5,223,24,247,314.41
2026-09-25,m_charizard_ex_108,6,411,40,451,459.84
2026-09-25,m_charizard_ex_108,7,494,73,567,567.16
2026-09-25,m_charizard_ex_108,8,542,152,694,687.0
2026-09-25,m_charizard_ex_108,9,711,16,727,1477.44
2026-09-25,m_charizard_ex_108,10,176,2,178,11770.09
2026-09-25,m_charizard_ex_13,1,78,4,82,90.0
2026-09-25,m_charizard_ex_13,2,24,3,27,15.0
2026-09-25,m_charizard_ex_13,3,55,6,61,17.0
2026-09-25,m_charizard_ex_13,4,112,13,125,20.0
2026-09-25,m_charizard_ex_13,5,351,46,397,23.0
2026-09-25,m_charizard_ex_13,6,1077,64,1141,28.69
2026-09-25,m_charizard_ex_13,7,969,222,1191,39.74
2026-09-25,m_charizard_ex_13,8,2769,1419,4188,45.0
2026-09-25,m_charizard_ex_13,9,8681,1479,10160,67.93
2026-09-25,m_charizard_ex_13,10,10063,577,10640,211.44
2026-09-25,m_charizard_ex_13_flashfire,1,2.0,1,3,96.1
2026-09-25,m_charizard_ex_13_flashfire,2,,2,2,31.0
2026-09-25,m_charizard_ex_13_flashfire,3,,1,1,34.0
2026-09-25,m_charizard_ex_13_flashfire,4,4.0,12,16,39.99
2026-09-25,m_charizard_ex_13_flashfire,5,4.0,21,25,40.0
2026-09-25,m_charizard_ex_13_flashfire,6,5.0,26,31,40.0
2026-09-25,m_charizard_ex_13_flashfire,7,8.0,49,57,49.91
2026-09-25,m_charizard_ex_13_flashfire,8,6.0,171,177,74.86
2026-09-25,m_charizard_ex_13_flashfire,9,2.0,52,54,149.75
2026-09-25,m_charizard_ex_13_flashfire,10,1.0,4,5,1218.48
2026-09-25,m_charizard_ex_69,1,1.0,5,6,124.99
2026-09-25,m_charizard_ex_69,2,,5,5,66.0
2026-09-25,m_charizard_ex_69,3,,14,14,73.0
2026-09-25,m_charizard_ex_69,4,2.0,25,27,86.0
2026-09-25,m_charizard_ex_69,5,5.0,38,43,121.13
2026-09-25,m_charizard_ex_69,6,3.0,52,55,168.75
2026-09-25,m_charizard_ex_69,7,3.0,114,117,185.0
2026-09-25,m_charizard_ex_69,8,8.0,261,269,279.07
2026-09-25,m_charizard_ex_69,9,4.0,102,106,401.54
2026-09-25,m_charizard_ex_69,10,,16,16,2190.1
2026-09-25,m_gardevoir_ex_156,1,5,,5,139.99
2026-09-25,m_gardevoir_ex_156,2,2,1.0,3,32.0
2026-09-25,m_gardevoir_ex_156,3,3,1.0,4,36.0
2026-09-25,m_gardevoir_ex_156,4,9,,9,42.0
2026-09-25,m_gardevoir_ex_156,5,39,6.0,45,49.95
2026-09-25,m_gardevoir_ex_156,6,84,11.0,95,55.0
2026-09-25,m_gardevoir_ex_156,7,111,12.0,123,99.99
2026-09-25,m_gardevoir_ex_156,8,120,42.0,162,103.97
2026-09-25,m_gardevoir_ex_156,9,107,5.0,112,250.0
2026-09-25,m_gardevoir_ex_156,10,10,,10,9943.29
2026-09-25,m_gengar_ex_121,1,46,1.0,47,156.0
2026-09-25,m_gengar_ex_121,2,17,,17,88.0
2026-09-25,m_gengar_ex_121,3,34,2.0,36,98.0
2026-09-25,m_gengar_ex_121,4,57,5.0,62,146.23
2026-09-25,m_gengar_ex_121,5,110,10.0,120,229.52
2026-09-25,m_gengar_ex_121,6,272,17.0,289,245.13
2026-09-25,m_gengar_ex_121,7,340,28.0,368,334.99
2026-09-25,m_gengar_ex_121,8,284,70.0,354,550.0
2026-09-25,m_gengar_ex_121,9,216,15.0,231,1353.96
2026-09-25,m_gengar_ex_121,10,64,,64,9201.0
2026-09-25,m_gengar_ex_35,1,80,2,82,135.5
2026-09-25,m_gengar_ex_35,2,22,2,24,68.0
2026-09-25,m_gengar_ex_35,3,33,4,37,76.0
2026-09-25,m_gengar_ex_35,4,67,5,72,89.12
2026-09-25,m_gengar_ex_35,5,157,15,172,107.39
2026-09-25,m_gengar_ex_35,6,361,18,379,109.69
2026-09-25,m_gengar_ex_35,7,499,58,557,140.5
2026-09-25,m_gengar_ex_35,8,539,137,676,198.38
2026-09-25,m_gengar_ex_35,9,359,48,407,353.72
2026-09-25,m_gengar_ex_35,10,119,8,127,3100.0
2026-09-25,m_gyarados_ex_115,1,28,,28,77.5
2026-09-25,m_gyarados_ex_115,2,9,1.0,10,35.0
2026-09-25,m_gyarados_ex_115,3,25,3.0,28,39.0
2026-09-25,m_gyarados_ex_115,4,38,2.0,40,40.0
2026-09-25,m_gyarados_ex_115,5,88,13.0,101,51.0
2026-09-25,m_gyarados_ex_115,6,245,22.0,267,87.75
2026-09-25,m_gyarados_ex_115,7,403,52.0,455,103.9
2026-09-25,m_gyarados_ex_115,8,774,234.0,1008,119.0
2026-09-25,m_gyarados_ex_115,9,1241,149.0,1390,228.96
2026-09-25,m_gyarados_ex_115,10,778,77.0,855,1700.0
2026-09-25,m_houndoom_ex_154,1,37,,37,71.0
2026-09-25,m_houndoom_ex_154,2,5,1.0,6,6.0
2026-09-25,m_houndoom_ex_154,3,10,2.0,12,7.0
2026-09-25,m_houndoom_ex_154,4,28,1.0,29,8.0
2026-09-25,m_houndoom_ex_154,5,65,6.0,71,9.0
2026-09-25,m_houndoom_ex_154,6,162,16.0,178,45.49
2026-09-25,m_houndoom_ex_154,7,293,35.0,328,50.0
2026-09-25,m_houndoom_ex_154,8,372,112.0,484,63.0
2026-09-25,m_houndoom_ex_154,9,552,60.0,612,125.0
2026-09-25,m_houndoom_ex_154,10,330,27.0,357,986.4
2026-09-25,m_kangaskhan_ex_109,1,6.0,,6.0,51.5
2026-09-25,m_kangaskhan_ex_109,2,,,,7.0
2026-09-25,m_kangaskhan_ex_109,3,2.0,,2.0,8.0
2026-09-25,m_kangaskhan_ex_109,4,9.0,2.0,11.0,9.99
2026-09-25,m_kangaskhan_ex_109,5,14.0,3.0,17.0,10.34
2026-09-25,m_kangaskhan_ex_109,6,31.0,4.0,35.0,40.0
2026-09-25,m_kangaskhan_ex_109,7,66.0,11.0,77.0,50.0
2026-09-25,m_kangaskhan_ex_109,8,126.0,29.0,155.0,91.62
2026-09-25,m_kangaskhan_ex_109,9,210.0,7.0,217.0,179.99
2026-09-25,m_kangaskhan_ex_109,10,31.0,,31.0,3200.0
2026-09-25,m_latios_ex_102,2,8,1,9,23.0
2026-09-25,m_latios_ex_102,3,9,2,11,26.0
2026-09-25,m_latios_ex_102,4,29,1,30,39.0
2026-09-25,m_latios_ex_102,5,67,5,72,42.0
2026-09-25,m_latios_ex_102,6,191,8,199,52.0
2026-09-25,m_latios_ex_102,7,306,33,339,73.1
2026-09-25,m_latios_ex_102,8,324,82,406,92.0
2026-09-25,m_latios_ex_102,9,185,19,204,368.0
2026-09-25,m_latios_ex_102,10,32,1,33,5513.93
2026-09-25,m_manectric_ex_24a,2,,,,8.0
2026-09-25,m_manectric_ex_24a,3,,1.0,1.0,9.0
2026-09-25,m_manectric_ex_24a,4,,,,11.0
2026-09-25,m_manectric_ex_24a,5,,3.0,3.0,13.0
2026-09-25,m_manectric_ex_24a,6,,17.0,17.0,16.82
2026-09-25,m_manectric_ex_24a,8,,92.0,92.0,25.0
2026-09-25,m_manectric_ex_24a,9,,71.0,71.0,29.89
2026-09-25,m_manectric_ex_24a,10,,46.0,46.0,239.25
2026-09-25,m_mawile_ex_XY104_promo,2,,,,9.0
2026-09-25,m_mawile_ex_XY104_promo,3,,,,10.0
2026-09-25,m_mawile_ex_XY104_promo,4,,,,12.0
2026-09-25,m_mawile_ex_XY104_promo,5,,1.0,1.0,14.5
2026-09-25,m_mawile_ex_XY104_promo,6,,3.0,3.0,26.75
2026-09-25,m_mawile_ex_XY104_promo,7,,4.0,4.0,40.0
2026-09-25,m_mawile_ex_XY104_promo,9,,,,9.99
2026-09-25,m_mawile_ex_XY104_promo,10,,,,1550.0
2026-09-25,m_mewtwo_ex_159,1,63,1,64,110.42
2026-09-25,m_mewtwo_ex_159,2,22,1,23,43.0
2026-09-25,m_mewtwo_ex_159,3,32,4,36,47.81
2026-09-25,m_mewtwo_ex_159,4,61,7,68,56.0
2026-09-25,m_mewtwo_ex_159,5,144,16,160,66.15
2026-09-25,m_mewtwo_ex_159,6,282,26,308,80.0
2026-09-25,m_mewtwo_ex_159,7,507,64,571,119.28
2026-09-25,m_mewtwo_ex_159,8,722,201,923,152.52
2026-09-25,m_mewtwo_ex_159,9,863,79,942,269.25
2026-09-25,m_mewtwo_ex_159,10,543,35,578,2358.62
2026-09-25,m_mewtwo_ex_160,1,42,,42,157.39
2026-09-25,m_mewtwo_ex_160,2,15,1.0,16,40.0
2026-09-25,m_mewtwo_ex_160,3,28,5.0,33,51.0
2026-09-25,m_mewtwo_ex_160,4,59,9.0,68,70.44
2026-09-25,m_mewtwo_ex_160,5,101,9.0,110,85.0
2026-09-25,m_mewtwo_ex_160,6,295,23.0,318,89.5
2026-09-25,m_mewtwo_ex_160,7,520,56.0,576,118.0
2026-09-25,m_mewtwo_ex_160,8,760,235.0,995,139.43
2026-09-25,m_mewtwo_ex_160,9,885,108.0,993,322.5
2026-09-25,m_mewtwo_ex_160,10,519,17.0,536,3047.5
2026-09-25,m_rayquaza_ex_105,1,118,1,119,299.97
2026-09-25,m_rayquaza_ex_105,2,41,2,43,135.0
2026-09-25,m_rayquaza_ex_105,3,61,6,67,150.0
2026-09-25,m_rayquaza_ex_105,4,131,12,143,222.05
2026-09-25,m_rayquaza_ex_105,5,390,19,409,320.0
2026-09-25,m_rayquaza_ex_105,6,693,31,724,400.0
2026-09-25,m_rayquaza_ex_105,7,970,87,1057,521.51
2026-09-25,m_rayquaza_ex_105,8,960,238,1198,765.0
2026-09-25,m_rayquaza_ex_105,9,625,56,681,2320.0
2026-09-25,m_rayquaza_ex_105,10,116,1,117,24095.0
2026-09-25,m_rayquaza_ex_61,1,59,3.0,62,133.01
2026-09-25,m_rayquaza_ex_61,2,11,1.0,12,45.0
2026-09-25,m_rayquaza_ex_61,3,25,,25,49.99
2026-09-25,m_rayquaza_ex_61,4,51,7.0,58,50.5
2026-09-25,m_rayquaza_ex_61,5,134,10.0,144,67.0
2026-09-25,m_rayquaza_ex_61,6,310,25.0,335,83.73
2026-09-25,m_rayquaza_ex_61,7,583,49.0,632,111.25
2026-09-25,m_rayquaza_ex_61,8,750,244.0,994,156.07
2026-09-25,m_rayquaza_ex_61,9,593,85.0,678,394.37
2026-09-25,m_rayquaza_ex_61,10,139,7.0,146,3738.11
2026-09-25,m_rayquaza_ex_76,1,18,,18,118.31
2026-09-25,m_rayquaza_ex_76,2,6,,6,5.0
2026-09-25,m_rayquaza_ex_76,3,8,,8,6.0
2026-09-25,m_rayquaza_ex_76,4,17,6.0,23,6.96
2026-09-25,m_rayquaza_ex_76,5,80,6.0,86,42.71
2026-09-25,m_rayquaza_ex_76,6,168,15.0,183,47.75
2026-09-25,m_rayquaza_ex_76,7,320,49.0,369,75.61
2026-09-25,m_rayquaza_ex_76,8,466,162.0,628,121.84
2026-09-25,m_rayquaza_ex_76,9,375,67.0,442,243.3
2026-09-25,m_rayquaza_ex_76,10,145,52.0,197,1968.46
2026-09-25,m_sceptile_ex_85,1,21,,21,72.0
2026-09-25,m_sceptile_ex_85,2,6,,6,43.0
2026-09-25,m_sceptile_ex_85,3,6,1.0,7,48.0
2026-09-25,m_sceptile_ex_85,4,22,1.0,23,57.0
2026-09-25,m_sceptile_ex_85,5,43,3.0,46,66.8
2026-09-25,m_sceptile_ex_85,6,121,8.0,129,93.83
2026-09-25,m_sceptile_ex_85,7,179,28.0,207,108.95
2026-09-25,m_sceptile_ex_85,8,224,66.0,290,131.72
2026-09-25,m_sceptile_ex_85,9,438,30.0,468,195.0
2026-09-25,m_sceptile_ex_85,10,314,25.0,339,1412.5
2026-09-25,m_sharpedo_ex_XY200a_promo,2,1,,1,8.0
2026-09-25,m_sharpedo_ex_XY200a_promo,3,6,,6,9.0
2026-09-25,m_sharpedo_ex_XY200a_promo,4,9,,9,11.0
2026-09-25,m_sharpedo_ex_XY200a_promo,5,32,,32,13.0
2026-09-25,m_sharpedo_ex_XY200a_promo,6,48,,48,16.0
2026-09-25,m_sharpedo_ex_XY200a_promo,7,83,,83,20.0
2026-09-25,m_sharpedo_ex_XY200a_promo,8,135,,135,29.88
2026-09-25,m_sharpedo_ex_XY200a_promo,9,287,,287,55.04
2026-09-25,m_sharpedo_ex_XY200a_promo,10,392,,392,242.93
2026-09-25,m_tyranitar_ex_43,1,16,,16,53.75
2026-09-25,m_tyranitar_ex_43,2,8,2.0,10,11.0
2026-09-25,m_tyranitar_ex_43,3,11,1.0,12,12.0
2026-09-25,m_tyranitar_ex_43,4,43,10.0,53,14.0
2026-09-25,m_tyranitar_ex_43,5,85,17.0,102,17.0
2026-09-25,m_tyranitar_ex_43,6,166,25.0,191,21.0
2026-09-25,m_tyranitar_ex_43,7,217,35.0,252,26.0
2026-09-25,m_tyranitar_ex_43,8,245,97.0,342,32.05
2026-09-25,m_tyranitar_ex_43,9,408,55.0,463,55.0
2026-09-25,m_tyranitar_ex_43,10,405,38.0,443,326.65
2026-09-25,m_tyranitar_ex_92,1,16,,16,139.99
2026-09-25,m_tyranitar_ex_92,2,3,,3,23.0
2026-09-25,m_tyranitar_ex_92,3,8,,8,26.0
2026-09-25,m_tyranitar_ex_92,4,19,4.0,23,31.0
2026-09-25,m_tyranitar_ex_92,5,46,5.0,51,36.53
2026-09-25,m_tyranitar_ex_92,6,130,6.0,136,52.0
2026-09-25,m_tyranitar_ex_92,7,210,35.0,245,65.0
2026-09-25,m_tyranitar_ex_92,8,265,83.0,348,123.85
2026-09-25,m_tyranitar_ex_92,9,509,48.0,557,206.58
2026-09-25,m_tyranitar_ex_92,10,451,32.0,483,916.75
2026-09-25,m_venusaur_ex_100,1,16,,16,73.0
2026-09-25,m_venusaur_ex_100,2,9,,9,10.0
2026-09-25,m_venusaur_ex_100,3,21,3.0,24,17.0
2026-09-25,m_venusaur_ex_100,4,42,10.0,52,20.36
2026-09-25,m_venusaur_ex_100,5,119,16.0,135,29.0
2026-09-25,m_venusaur_ex_100,6,442,29.0,471,29.99
2026-09-25,m_venusaur_ex_100,7,482,120.0,602,30.99
2026-09-25,m_venusaur_ex_100,8,1475,732.0,2207,36.74
2026-09-25,m_venusaur_ex_100,9,5488,782.0,6270,51.0
2026-09-25,m_venusaur_ex_100,10,5096,253.0,5349,251.5
2026-09-25,machamp_16,2,,,,9.0
2026-09-25,machamp_16,3,,,,10.0
2026-09-25,machamp_16,4,,,,12.0
2026-09-25,machamp_16,5,4.0,1.0,5.0,14.0
2026-09-25,machamp_16,6,4.0,2.0,6.0,18.0
2026-09-25,machamp_16,7,5.0,4.0,9.0,22.0
2026-09-25,machamp_16,8,20.0,23.0,43.0,27.55
2026-09-25,machamp_16,9,72.0,30.0,102.0,100.0
2026-09-25,machamp_16,10,91.0,52.0,143.0,453.37
2026-09-25,machamp_43_promo,2,,,,13.0
2026-09-25,machamp_43_promo,3,1.0,,1.0,14.0
2026-09-25,machamp_43_promo,4,6.0,,6.0,16.0
2026-09-25,machamp_43_promo,5,8.0,,8.0,19.25
2026-09-25,machamp_43_promo,6,28.0,,28.0,21.5
2026-09-25,machamp_43_promo,7,65.0,,65.0,79.99
2026-09-25,machamp_43_promo,8,256.0,,256.0,81.76
2026-09-25,machamp_43_promo,9,657.0,,657.0,98.8
2026-09-25,machamp_43_promo,10,326.0,,326.0,400.0
2026-09-25,machamp_H15,1,7,,7,166.47
2026-09-25,machamp_H15,2,4,,4,60.0
2026-09-25,machamp_H15,3,3,,3,67.0
2026-09-25,machamp_H15,4,4,2.0,6,79.0
2026-09-25,machamp_H15,5,21,3.0,24,203.0
2026-09-25,machamp_H15,6,47,7.0,54,253.42
2026-09-25,machamp_H15,7,53,12.0,65,353.25
2026-09-25,machamp_H15,8,107,15.0,122,650.0
2026-09-25,machamp_H15,9,247,25.0,272,1118.33
2026-09-25,machamp_H15,10,184,36.0,220,4300.0
2026-09-25,machamp_break_60,2,,,,6.0
2026-09-25,machamp_break_60,3,1.0,1.0,2.0,7.0
2026-09-25,machamp_break_60,4,2.0,1.0,3.0,8.0
2026-09-25,machamp_break_60,5,11.0,3.0,14.0,9.0
2026-09-25,machamp_break_60,6,27.0,11.0,38.0,11.61
2026-09-25,machamp_break_60,7,49.0,21.0,70.0,11.73
2026-09-25,machamp_break_60,8,183.0,183.0,366.0,13.66
2026-09-25,machamp_break_60,9,673.0,194.0,867.0,22.53
2026-09-25,machamp_break_60,10,748.0,140.0,888.0,115.0
2026-09-25,machamp_v_172,1,3,,3,149.99
2026-09-25,machamp_v_172,2,3,,3,68.0
2026-09-25,machamp_v_172,3,6,1.0,7,76.0
2026-09-25,machamp_v_172,4,15,,15,92.0
2026-09-25,machamp_v_172,5,49,4.0,53,108.0
2026-09-25,machamp_v_172,6,80,10.0,90,135.0
2026-09-25,machamp_v_172,7,122,14.0,136,145.24
2026-09-25,machamp_v_172,8,672,112.0,784,173.81
2026-09-25,machamp_v_172,9,3629,326.0,3955,175.72
2026-09-25,machamp_v_172,10,5333,543.0,5876,396.45
2026-09-25,machoke_45,2,,,,13.0
2026-09-25,machoke_45,3,,,,14.0
2026-09-25,machoke_45,4,,,,16.0
2026-09-25,machoke_45,5,,,,19.0
2026-09-25,machoke_45,6,,1.0,1.0,24.0
2026-09-25,machoke_45,7,,,,30.37
2026-09-25,machoke_45,9,,1.0,1.0,16.32
2026-09-25,machoke_45,10,,,,42.78
2026-09-25,magcargo_37,2,,,,1.0
2026-09-25,magcargo_37,3,,,,1.0
2026-09-25,magcargo_37,4,,,,1.0
2026-09-25,magcargo_37,5,1.0,,1.0,1.5
2026-09-25,magcargo_37,6,1.0,1.0,2.0,8.0
2026-09-25,magcargo_37,7,,2.0,2.0,9.7
2026-09-25,magcargo_37,9,3.0,20.0,23.0,14.5
2026-09-25,magcargo_37,10,5.0,27.0,32.0,70.43
2026-09-25,magcargo_45,9,,1,1,17.69
2026-09-25,magcargo_45,10,,3,3,51.41
2026-09-25,magcargo_H16,1,3.0,,3.0,230.0
2026-09-25,magcargo_H16,2,,,,16.0
2026-09-25,magcargo_H16,3,2.0,,2.0,17.5
2026-09-25,magcargo_H16,4,1.0,2.0,3.0,55.0
2026-09-25,magcargo_H16,5,13.0,2.0,15.0,65.0
2026-09-25,magcargo_H16,6,31.0,1.0,32.0,80.99
2026-09-25,magcargo_H16,7,55.0,6.0,61.0,178.27
2026-09-25,magcargo_H16,8,97.0,15.0,112.0,399.74
2026-09-25,magcargo_H16,9,246.0,22.0,268.0,471.49
2026-09-25,magcargo_H16,10,94.0,28.0,122.0,1969.97
2026-09-25,magcargo_H17,1,2,,2,74.99
2026-09-25,magcargo_H17,2,2,,2,38.0
2026-09-25,magcargo_H17,3,3,1.0,4,41.99
2026-09-25,magcargo_H17,4,3,1.0,4,43.99
2026-09-25,magcargo_H17,5,25,7.0,32,79.72
2026-09-25,magcargo_H17,6,46,3.0,49,128.0
2026-09-25,magcargo_H17,7,63,8.0,71,160.49
2026-09-25,magcargo_H17,8,118,14.0,132,355.0
2026-09-25,magcargo_H17,9,232,25.0,257,431.5
2026-09-25,magcargo_H17,10,99,34.0,133,2251.25
2026-09-25,magikarp_203,1,17,,17,299.95
2026-09-25,magikarp_203,2,3,,3,158.0
2026-09-25,magikarp_203,3,14,,14,175.0
2026-09-25,magikarp_203,4,50,2.0,52,206.0
2026-09-25,magikarp_203,5,84,5.0,89,242.0
2026-09-25,magikarp_203,6,284,17.0,301,302.0
2026-09-25,magikarp_203,7,1077,49.0,1126,325.0
2026-09-25,magikarp_203,8,6315,552.0,6867,350.0
2026-09-25,magikarp_203,9,12518,648.0,13166,455.28
2026-09-25,magikarp_203,10,3933,291.0,4224,3999.62
2026-09-25,magikarp_75,2,1.0,,1.0,21.0
2026-09-25,magikarp_75,3,,,,23.0
2026-09-25,magikarp_75,4,,1.0,1.0,27.0
2026-09-25,magikarp_75,5,6.0,3.0,9.0,32.0
2026-09-25,magikarp_75,6,4.0,4.0,8.0,40.0
2026-09-25,magikarp_75,7,12.0,3.0,15.0,49.99
2026-09-25,magikarp_75,8,49.0,22.0,71.0,67.11
2026-09-25,magikarp_75,9,92.0,43.0,135.0,148.66
2026-09-25,magikarp_75,10,84.0,42.0,126.0,408.08
2026-09-25,magikarp_wailord_gx_161,1,16,,16,676.0
2026-09-25,magikarp_wailord_gx_161,2,7,,7,139.5
2026-09-25,magikarp_wailord_gx_161,3,16,3.0,19,340.0
2026-09-25,magikarp_wailord_gx_161,4,21,2.0,23,399.99
2026-09-25,magikarp_wailord_gx_161,5,48,11.0,59,573.74
2026-09-25,magikarp_wailord_gx_161,6,69,9.0,78,750.0
2026-09-25,magikarp_wailord_gx_161,7,162,21.0,183,818.11
2026-09-25,magikarp_wailord_gx_161,8,508,105.0,613,924.95
2026-09-25,magikarp_wailord_gx_161,9,1123,114.0,1237,1400.0
2026-09-25,magikarp_wailord_gx_161,10,2127,139.0,2266,4050.0
2026-09-25,magikarp_wailord_gx_183,1,2.0,,2.0,110.5
2026-09-25,magikarp_wailord_gx_183,2,,,,39.0
2026-09-25,magikarp_wailord_gx_183,3,1.0,,1.0,43.0
2026-09-25,magikarp_wailord_gx_183,4,4.0,1.0,5.0,51.0
2026-09-25,magikarp_wailord_gx_183,5,6.0,,6.0,53.0
2026-09-25,magikarp_wailord_gx_183,6,12.0,3.0,15.0,66.0
2026-09-25,magikarp_wailord_gx_183,7,46.0,7.0,53.0,83.0
2026-09-25,magikarp_wailord_gx_183,8,167.0,66.0,233.0,98.96
2026-09-25,magikarp_wailord_gx_183,9,520.0,60.0,580.0,156.6
2026-09-25,magikarp_wailord_gx_183,10,593.0,27.0,620.0,576.69
2026-09-25,magmortar_6,2,,,,7.0
2026-09-25,magmortar_6,3,,,,8.0
2026-09-25,magmortar_6,4,1.0,1.0,2.0,9.0
2026-09-25,magmortar_6,5,4.0,2.0,6.0,10.0
2026-09-25,magmortar_6,6,2.0,5.0,7.0,12.0
2026-09-25,magmortar_6,7,12.0,15.0,27.0,14.99
2026-09-25,magmortar_6,8,35.0,27.0,62.0,21.95
2026-09-25,magmortar_6,9,41.0,17.0,58.0,90.96
2026-09-25,magmortar_6,10,4.0,5.0,9.0,350.0
2026-09-25,magnemite_51,9,,1.0,1.0,13.07
2026-09-25,magnemite_51,10,,,,35.81
2026-09-25,magnemite_60,2,,,,5.0
2026-09-25,magnemite_60,3,3.0,3.0,6.0,6.0
2026-09-25,magnemite_60,4,4.0,6.0,10.0,7.0
2026-09-25,magnemite_60,5,13.0,17.0,30.0,8.0
2026-09-25,magnemite_60,6,7.0,61.0,68.0,10.0
2026-09-25,magnemite_60,7,16.0,79.0,95.0,11.8
2026-09-25,magnemite_60,8,29.0,130.0,159.0,14.48
2026-09-25,magnemite_60,9,71.0,99.0,170.0,16.0
2026-09-25,magnemite_60,10,26.0,46.0,72.0,36.08
2026-09-25,magneton_159_promo,2,,,,5.0
2026-09-25,magneton_159_promo,3,1.0,,1.0,6.0
2026-09-25,magneton_159_promo,4,23.0,,23.0,7.0
2026-09-25,magneton_159_promo,5,27.0,,27.0,8.0
2026-09-25,magneton_159_promo,6,83.0,,83.0,10.26
2026-09-25,magneton_159_promo,7,232.0,,232.0,14.18
2026-09-25,magneton_159_promo,8,2121.0,,2121.0,18.15
2026-09-25,magneton_159_promo,9,11032.0,,11032.0,26.3
2026-09-25,magneton_159_promo,10,8012.0,,8012.0,144.0
2026-09-25,magneton_53,9,2.0,1.0,3.0,13.42
2026-09-25,magneton_53,10,,,,36.48
2026-09-25,magneton_H16,2,,,,20.0
2026-09-25,magneton_H16,3,3.0,1.0,4.0,22.53
2026-09-25,magneton_H16,4,6.0,3.0,9.0,42.01
2026-09-25,magneton_H16,5,11.0,7.0,18.0,50.5
2026-09-25,magneton_H16,6,30.0,7.0,37.0,65.0
2026-09-25,magneton_H16,7,55.0,16.0,71.0,81.04
2026-09-25,magneton_H16,8,133.0,51.0,184.0,205.25
2026-09-25,magneton_H16,9,196.0,26.0,222.0,460.35
2026-09-25,magneton_H16,10,95.0,15.0,110.0,1038.82
2026-09-25,magneton_H18,1,5,,5,89.0
2026-09-25,magneton_H18,2,3,,3,24.0
2026-09-25,magneton_H18,3,2,,2,27.0
2026-09-25,magneton_H18,4,9,2.0,11,31.32
2026-09-25,magneton_H18,5,33,5.0,38,156.93
2026-09-25,magneton_H18,6,39,5.0,44,240.0
2026-09-25,magneton_H18,7,65,12.0,77,269.0
2026-09-25,magneton_H18,8,153,25.0,178,352.13
2026-09-25,magneton_H18,9,231,37.0,268,554.5
2026-09-25,magneton_H18,10,83,29.0,112,3164.0
2026-09-25,magneton_H19,1,1,,1,149.99
2026-09-25,magneton_H19,2,2,,2,23.0
2026-09-25,magneton_H19,3,4,,4,26.0
2026-09-25,magneton_H19,4,4,2.0,6,31.03
2026-09-25,magneton_H19,5,10,5.0,15,110.87
2026-09-25,magneton_H19,6,43,2.0,45,170.0
2026-09-25,magneton_H19,7,83,18.0,101,189.01
2026-09-25,magneton_H19,8,127,46.0,173,194.77
2026-09-25,magneton_H19,9,209,22.0,231,416.0
2026-09-25,magneton_H19,10,92,21.0,113,2784.4
2026-09-25,magnezone_ex_101,2,,,,3.0
2026-09-25,magnezone_ex_101,3,3.0,1.0,4.0,3.0
2026-09-25,magnezone_ex_101,4,2.0,3.0,5.0,4.0
2026-09-25,magnezone_ex_101,5,11.0,5.0,16.0,5.0
2026-09-25,magnezone_ex_101,6,23.0,8.0,31.0,6.0
2026-09-25,magnezone_ex_101,7,77.0,13.0,90.0,7.73
2026-09-25,magnezone_ex_101,8,99.0,32.0,131.0,32.31
2026-09-25,magnezone_ex_101,9,92.0,7.0,99.0,74.99
2026-09-25,magnezone_ex_101,10,8.0,,8.0,591.57
2026-09-25,makuhita_54,2,,,,15.0
2026-09-25,makuhita_54,3,,,,17.0
2026-09-25,makuhita_54,4,,,,20.0
2026-09-25,makuhita_54,5,,,,24.0
2026-09-25,makuhita_54,6,,4.0,4.0,30.0
2026-09-25,makuhita_54,7,,1.0,1.0,37.8
2026-09-25,makuhita_54,9,5.0,33.0,38.0,149.99
2026-09-25,makuhita_54,10,2.0,95.0,97.0,199.99
2026-09-25,makuhita_78,2,,,,4.0
2026-09-25,makuhita_78,3,,,,4.0
2026-09-25,makuhita_78,4,,,,5.0
2026-09-25,makuhita_78,5,,,,6.0
2026-09-25,makuhita_78,6,,,,8.0
2026-09-25,makuhita_78,7,,4.0,4.0,10.5
2026-09-25,makuhita_78,9,1.0,1.0,2.0,9.99
2026-09-25,makuhita_78,10,,8.0,8.0,36.54
2026-09-25,mallow_lana_231,2,,,,18.0
2026-09-25,mallow_lana_231,3,,,,20.0
2026-09-25,mallow_lana_231,4,6.0,,6.0,23.0
2026-09-25,mallow_lana_231,5,11.0,,11.0,27.0
2026-09-25,mallow_lana_231,6,25.0,1.0,26.0,34.0
2026-09-25,mallow_lana_231,7,41.0,11.0,52.0,42.0
2026-09-25,mallow_lana_231,8,222.0,70.0,292.0,79.99
2026-09-25,mallow_lana_231,9,726.0,140.0,866.0,97.08
2026-09-25,mallow_lana_231,10,1215.0,99.0,1314.0,215.35
2026-09-25,manectric_ex_101,1,5,,5,71.5
2026-09-25,manectric_ex_101,2,1,1.0,2,20.0
2026-09-25,manectric_ex_101,3,5,2.0,7,22.0
2026-09-25,manectric_ex_101,4,9,6.0,15,26.0
2026-09-25,manectric_ex_101,5,21,14.0,35,31.0
2026-09-25,manectric_ex_101,6,38,15.0,53,39.0
2026-09-25,manectric_ex_101,7,73,13.0,86,94.57
2026-09-25,manectric_ex_101,8,153,35.0,188,225.0
2026-09-25,manectric_ex_101,9,137,24.0,161,293.0
2026-09-25,manectric_ex_101,10,42,14.0,56,2817.67
2026-09-25,mantine_20,2,,,,4.0
2026-09-25,mantine_20,3,,,,4.0
2026-09-25,mantine_20,4,1.0,,1.0,5.0
2026-09-25,mantine_20,5,,2.0,2.0,6.0
2026-09-25,mantine_20,6,1.0,4.0,5.0,7.0
2026-09-25,mantine_20,7,3.0,14.0,17.0,8.32
2026-09-25,mantine_20,8,6.0,30.0,36.0,57.75
2026-09-25,mantine_20,9,19.0,43.0,62.0,64.0
2026-09-25,mantine_20,10,9.0,19.0,28.0,227.5
2026-09-25,mantine_32,9,,1.0,1.0,10.28
2026-09-25,mantine_32,10,,,,40.0
2026-09-25,mantine_64,2,1,,1,3.0
2026-09-25,mantine_64,3,3,,3,3.0
2026-09-25,mantine_64,4,4,6.0,10,3.0
2026-09-25,mantine_64,5,2,10.0,12,4.0
2026-09-25,mantine_64,6,15,22.0,37,4.5
2026-09-25,mantine_64,7,9,55.0,64,8.0
2026-09-25,mantine_64,8,71,91.0,162,9.95
2026-09-25,mantine_64,9,211,54.0,265,13.36
2026-09-25,mantine_64,10,109,33.0,142,67.6
2026-09-25,mars_154,2,,,,14.0
2026-09-25,mars_154,3,,,,15.0
2026-09-25,mars_154,4,1.0,,1.0,18.0
2026-09-25,mars_154,5,3.0,1.0,4.0,21.0
2026-09-25,mars_154,6,6.0,5.0,11.0,26.0
2026-09-25,mars_154,7,24.0,4.0,28.0,33.0
2026-09-25,mars_154,8,143.0,54.0,197.0,41.6
2026-09-25,mars_154,9,382.0,56.0,438.0,76.88
2026-09-25,mars_154,10,377.0,37.0,414.0,214.89
2026-09-25,marshadow_machamp_gx_199,2,2,,2,43.0
2026-09-25,marshadow_machamp_gx_199,3,3,,3,48.0
2026-09-25,marshadow_machamp_gx_199,4,8,,8,56.0
2026-09-25,marshadow_machamp_gx_199,5,17,2.0,19,65.44
2026-09-25,marshadow_machamp_gx_199,6,28,4.0,32,158.5
2026-09-25,marshadow_machamp_gx_199,7,71,14.0,85,169.0
2026-09-25,marshadow_machamp_gx_199,8,348,48.0,396,210.75
2026-09-25,marshadow_machamp_gx_199,9,999,91.0,1090,314.25
2026-09-25,marshadow_machamp_gx_199,10,1383,89.0,1472,1100.0
2026-09-25,marshadow_machamp_gx_221,2,,,,16.0
2026-09-25,marshadow_machamp_gx_221,3,2.0,,2.0,18.0
2026-09-25,marshadow_machamp_gx_221,4,3.0,1.0,4.0,21.0
2026-09-25,marshadow_machamp_gx_221,5,5.0,,5.0,25.0
2026-09-25,marshadow_machamp_gx_221,6,11.0,,11.0,26.62
2026-09-25,marshadow_machamp_gx_221,7,17.0,6.0,23.0,46.0
2026-09-25,marshadow_machamp_gx_221,8,114.0,22.0,136.0,66.0
2026-09-25,marshadow_machamp_gx_221,9,331.0,39.0,370.0,82.45
2026-09-25,marshadow_machamp_gx_221,10,291.0,31.0,322.0,494.22
2026-09-25,marshtomp_11_promo,2,,,,27.0
2026-09-25,marshtomp_11_promo,3,,,,30.0
2026-09-25,marshtomp_11_promo,4,,,,35.0
2026-09-25,marshtomp_11_promo,5,,,,41.0
2026-09-25,marshtomp_11_promo,6,,,,51.0
2026-09-25,marshtomp_11_promo,7,,,,84.0
2026-09-25,marshtomp_11_promo,8,,,,105.0
2026-09-25,marshtomp_11_promo,9,,,,211.95
2026-09-25,marshtomp_11_promo,10,,,,625.0
2026-09-25,masquerain_20,2,,,,3.0
2026-09-25,masquerain_20,3,,,,3.0
2026-09-25,masquerain_20,4,,,,3.0
2026-09-25,masquerain_20,5,1.0,2.0,3.0,4.0
2026-09-25,masquerain_20,6,1.0,,1.0,5.0
2026-09-25,masquerain_20,7,,4.0,4.0,6.0
2026-09-25,masquerain_20,8,6.0,7.0,13.0,7.5
2026-09-25,masquerain_20,9,17.0,12.0,29.0,23.59
2026-09-25,masquerain_20,10,8.0,6.0,14.0,69.06
2026-09-25,medicham_ex_95,2,1,,1,14.0
2026-09-25,medicham_ex_95,3,3,2.0,5,15.5
2026-09-25,medicham_ex_95,4,10,1.0,11,39.99
2026-09-25,medicham_ex_95,5,15,3.0,18,49.61
2026-09-25,medicham_ex_95,6,21,4.0,25,89.0
2026-09-25,medicham_ex_95,7,49,6.0,55,94.48
2026-09-25,medicham_ex_95,8,92,26.0,118,147.27
2026-09-25,medicham_ex_95,9,127,19.0,146,370.0
2026-09-25,medicham_ex_95,10,33,19.0,52,2728.26
2026-09-25,mega_chandelure_ex_38,9,,7,7,11.86
2026-09-25,mega_chandelure_ex_38,10,,10,10,36.94
2026-09-25,mega_excadrill_ex_65,9,,1,1,12.56
2026-09-25,mega_excadrill_ex_65,10,,8,8,39.58
2026-09-25,mega_heracross_ex_4,8,34,55,89,6.21
2026-09-25,mega_heracross_ex_4,9,136,125,261,10.25
2026-09-25,mega_heracross_ex_4,10,142,322,464,32.47
2026-09-25,mega_lopunny_jigglypuff_gx_226,2,3,1.0,4,52.0
2026-09-25,mega_lopunny_jigglypuff_gx_226,3,1,,1,58.0
2026-09-25,mega_lopunny_jigglypuff_gx_226,4,7,2.0,9,68.0
2026-09-25,mega_lopunny_jigglypuff_gx_226,5,10,1.0,11,80.0
2026-09-25,mega_lopunny_jigglypuff_gx_226,6,25,2.0,27,100.0
2026-09-25,mega_lopunny_jigglypuff_gx_226,7,68,9.0,77,125.0
2026-09-25,mega_lopunny_jigglypuff_gx_226,8,337,53.0,390,205.12
2026-09-25,mega_lopunny_jigglypuff_gx_226,9,1013,95.0,1108,274.86
2026-09-25,mega_lopunny_jigglypuff_gx_226,10,819,54.0,873,1412.5
2026-09-25,mega_sableye_tyranitar_gx_226,1,13,,13,132.39
2026-09-25,mega_sableye_tyranitar_gx_226,2,3,,3,99.0
2026-09-25,mega_sableye_tyranitar_gx_226,3,13,1.0,14,110.0
2026-09-25,mega_sableye_tyranitar_gx_226,4,11,1.0,12,129.0
2026-09-25,mega_sableye_tyranitar_gx_226,5,19,3.0,22,152.0
2026-09-25,mega_sableye_tyranitar_gx_226,6,43,4.0,47,190.0
2026-09-25,mega_sableye_tyranitar_gx_226,7,74,10.0,84,287.02
2026-09-25,mega_sableye_tyranitar_gx_226,8,431,86.0,517,294.13
2026-09-25,mega_sableye_tyranitar_gx_226,9,1700,148.0,1848,405.0
2026-09-25,mega_sableye_tyranitar_gx_226,10,1462,134.0,1596,2599.99
2026-09-25,mega_sableye_tyranitar_gx_245,1,2.0,,2.0,52.0
2026-09-25,mega_sableye_tyranitar_gx_245,2,,,,7.0
2026-09-25,mega_sableye_tyranitar_gx_245,3,2.0,,2.0,8.0
2026-09-25,mega_sableye_tyranitar_gx_245,4,1.0,,1.0,9.0
2026-09-25,mega_sableye_tyranitar_gx_245,5,6.0,1.0,7.0,10.0
2026-09-25,mega_sableye_tyranitar_gx_245,6,12.0,4.0,16.0,12.5
2026-09-25,mega_sableye_tyranitar_gx_245,7,23.0,8.0,31.0,56.0
2026-09-25,mega_sableye_tyranitar_gx_245,8,120.0,57.0,177.0,70.0
2026-09-25,mega_sableye_tyranitar_gx_245,9,359.0,65.0,424.0,105.0
2026-09-25,mega_sableye_tyranitar_gx_245,10,441.0,41.0,482.0,376.53
2026-09-25,mega_slowbro_ex_31,9,,3,3,12.25
2026-09-25,mega_slowbro_ex_31,10,,8,8,38.4
2026-09-25,mega_zeraora_ex_98,9,,4,4,18.43
2026-09-25,mega_zeraora_ex_98,10,,11,11,61.52
2026-09-25,meganium_11,1,8,,8,58.49
2026-09-25,meganium_11,2,2,1.0,3,14.0
2026-09-25,meganium_11,3,13,1.0,14,15.0
2026-09-25,meganium_11,4,44,12.0,56,18.0
2026-09-25,meganium_11,5,91,39.0,130,31.36
2026-09-25,meganium_11,6,192,57.0,249,66.0
2026-09-25,meganium_11,7,276,77.0,353,87.66
2026-09-25,meganium_11,8,633,206.0,839,122.99
2026-09-25,meganium_11,9,730,91.0,821,142.12
2026-09-25,meganium_11,10,93,19.0,112,1589.96
2026-09-25,meganium_13,2,1,,1,8.0
2026-09-25,meganium_13,3,1,1.0,2,9.0
2026-09-25,meganium_13,4,3,3.0,6,11.0
2026-09-25,meganium_13,5,11,3.0,14,13.48
2026-09-25,meganium_13,6,15,11.0,26,13.5
2026-09-25,meganium_13,7,27,13.0,40,24.39
2026-09-25,meganium_13,8,76,39.0,115,41.25
2026-09-25,meganium_13,9,125,13.0,138,103.76
2026-09-25,meganium_13,10,7,9.0,16,195.05
2026-09-25,meltan_128,9,,,,11.02
2026-09-25,meltan_128,10,,2.0,2.0,31.7
2026-09-25,meowscarada_ex_78_promo,8,10,,10,14.75
2026-09-25,meowscarada_ex_78_promo,9,121,,121,30.18
2026-09-25,meowscarada_ex_78_promo,10,91,,91,73.37
2026-09-25,meowstic_XY48_promo,9,,,,37.81
2026-09-25,meowstic_XY48_promo,10,,,,88.86
2026-09-25,meowth_13_promo,1,62,,62,124.99
2026-09-25,meowth_13_promo,2,61,,61,31.0
2026-09-25,meowth_13_promo,3,226,,226,34.0
2026-09-25,meowth_13_promo,4,634,,634,40.0
2026-09-25,meowth_13_promo,5,927,,927,47.5
2026-09-25,meowth_13_promo,6,663,,663,57.23
2026-09-25,meowth_13_promo,7,763,,763,75.0
2026-09-25,meowth_13_promo,8,1350,,1350,143.35
2026-09-25,meowth_13_promo,9,884,,884,399.99
2026-09-25,meowth_13_promo,10,73,,73,9250.0
2026-09-25,meowth_56,2,1,1,2,4.0
2026-09-25,meowth_56,3,15,7,22,4.0
2026-09-25,meowth_56,4,19,36,55,5.0
2026-09-25,meowth_56,5,47,100,147,6.38
2026-09-25,meowth_56,6,60,221,281,15.89
2026-09-25,meowth_56,7,104,293,397,17.5
2026-09-25,meowth_56,8,191,545,736,25.0
2026-09-25,meowth_56,9,520,356,876,30.31
2026-09-25,meowth_56,10,281,193,474,172.67
2026-09-25,metagross_11,9,,3,3,29.98
2026-09-25,metagross_11,10,,2,2,174.51
2026-09-25,metagross_ex_95,1,32,1,33,112.5
2026-09-25,metagross_ex_95,2,3,1,4,19.0
2026-09-25,metagross_ex_95,3,9,1,10,21.0
2026-09-25,metagross_ex_95,4,22,12,34,25.26
2026-09-25,metagross_ex_95,5,55,15,70,65.69
2026-09-25,metagross_ex_95,6,82,16,98,83.68
2026-09-25,metagross_ex_95,7,150,26,176,135.0
2026-09-25,metagross_ex_95,8,284,74,358,198.12
2026-09-25,metagross_ex_95,9,318,44,362,445.3
2026-09-25,metagross_ex_95,10,93,19,112,4127.0
2026-09-25,metang_23_promo,8,,,,10.5
2026-09-25,metapod_47,9,,2,2,21.74
2026-09-25,metapod_47,10,,1,1,62.69
2026-09-25,mew_10,1,18,1.0,19,229.5
2026-09-25,mew_10,2,8,,8,27.0
2026-09-25,mew_10,3,15,2.0,17,30.0
2026-09-25,mew_10,4,19,6.0,25,35.0
2026-09-25,mew_10,5,38,8.0,46,89.89
2026-09-25,mew_10,6,79,15.0,94,127.09
2026-09-25,mew_10,7,154,29.0,183,265.0
2026-09-25,mew_10,8,237,76.0,313,348.76
2026-09-25,mew_10,9,286,43.0,329,925.0
2026-09-25,mew_10,10,48,34.0,82,4061.0
2026-09-25,mew_111,2,4,,4,19.0
2026-09-25,mew_111,3,14,1.0,15,21.0
2026-09-25,mew_111,4,14,2.0,16,25.0
2026-09-25,mew_111,5,27,3.0,30,28.89
2026-09-25,mew_111,6,34,6.0,40,44.85
2026-09-25,mew_111,7,34,13.0,47,118.0
2026-09-25,mew_111,8,57,18.0,75,147.91
2026-09-25,mew_111,9,82,16.0,98,299.99
2026-09-25,mew_111,10,44,10.0,54,1425.0
2026-09-25,mew_25,1,,,,78.07
2026-09-25,mew_25,2,,,,14.0
2026-09-25,mew_25,3,,,,15.0
2026-09-25,mew_25,4,,,,18.0
2026-09-25,mew_25,5,,,,21.0
2026-09-25,mew_25,6,,1.0,1.0,26.0
2026-09-25,mew_25,7,,1.0,1.0,32.0
2026-09-25,mew_25,8,,2.0,2.0,48.5
2026-09-25,mew_25,9,,1.0,1.0,72.25
2026-09-25,mew_25,10,,1.0,1.0,204.23
2026-09-25,mew_32,2,,,,5.0
2026-09-25,mew_32,3,1.0,,1.0,6.0
2026-09-25,mew_32,4,,,,7.0
2026-09-25,mew_32,5,1.0,,1.0,8.0
2026-09-25,mew_32,6,1.0,,1.0,10.5
2026-09-25,mew_32,7,6.0,11.0,17.0,11.0
2026-09-25,mew_32,8,35.0,53.0,88.0,14.25
2026-09-25,mew_32,9,194.0,59.0,253.0,28.32
2026-09-25,mew_32,10,248.0,44.0,292.0,124.0
2026-09-25,mew_9_promo,1,18,,18,172.19
2026-09-25,mew_9_promo,2,7,,7,15.5
2026-09-25,mew_9_promo,3,11,,11,42.0
2026-09-25,mew_9_promo,4,53,,53,49.99
2026-09-25,mew_9_promo,5,162,,162,51.0
2026-09-25,mew_9_promo,6,536,,536,64.0
2026-09-25,mew_9_promo,7,1685,,1685,64.21
2026-09-25,mew_9_promo,8,12057,,12057,75.88
2026-09-25,mew_9_promo,9,30532,,30532,103.0
2026-09-25,mew_9_promo,10,10635,,10635,764.85
2026-09-25,mew_ex_100,1,104,2,106,269.96
2026-09-25,mew_ex_100,2,29,5,34,150.45
2026-09-25,mew_ex_100,3,44,6,50,234.0
2026-09-25,mew_ex_100,4,72,17,89,275.0
2026-09-25,mew_ex_100,5,139,32,171,334.19
2026-09-25,mew_ex_100,6,207,45,252,530.25
2026-09-25,mew_ex_100,7,312,33,345,875.0
2026-09-25,mew_ex_100,8,375,102,477,1805.9
2026-09-25,mew_ex_100,9,281,50,331,2160.72
2026-09-25,mew_ex_100,10,60,25,85,13500.0
2026-09-25,mew_ex_88,1,48,,48,211.5
2026-09-25,mew_ex_88,2,16,,16,195.0
2026-09-25,mew_ex_88,3,10,2.0,12,204.0
2026-09-25,mew_ex_88,4,38,9.0,47,239.42
2026-09-25,mew_ex_88,5,91,14.0,105,268.28
2026-09-25,mew_ex_88,6,110,19.0,129,309.64
2026-09-25,mew_ex_88,7,179,33.0,212,600.0
2026-09-25,mew_ex_88,8,265,56.0,321,1463.17
2026-09-25,mew_ex_88,9,264,39.0,303,2350.21
2026-09-25,mew_ex_88,10,77,37.0,114,15000.0
2026-09-25,mew_ex_RC24,1,,1,1,139.95
2026-09-25,mew_ex_RC24,2,,7,7,68.0
2026-09-25,mew_ex_RC24,3,,12,12,75.83
2026-09-25,mew_ex_RC24,4,,32,32,91.0
2026-09-25,mew_ex_RC24,5,,64,64,122.26
2026-09-25,mew_ex_RC24,6,,114,114,152.75
2026-09-25,mew_ex_RC24,7,,238,238,239.75
2026-09-25,mew_ex_RC24,8,,633,633,343.79
2026-09-25,mew_ex_RC24,9,,161,161,977.5
2026-09-25,mew_ex_RC24,10,,25,25,13572.89
2026-09-25,mewtwo_12,1,89,1,90,223.5
2026-09-25,mewtwo_12,2,27,2,29,167.0
2026-09-25,mewtwo_12,3,20,4,24,167.0
2026-09-25,mewtwo_12,4,46,8,54,197.0
2026-09-25,mewtwo_12,5,81,17,98,228.0
2026-09-25,mewtwo_12,6,145,34,179,285.34
2026-09-25,mewtwo_12,7,187,25,212,429.1
2026-09-25,mewtwo_12,8,324,76,400,709.09
2026-09-25,mewtwo_12,9,336,56,392,1425.0
2026-09-25,mewtwo_12,10,85,18,103,7002.27
2026-09-25,mewtwo_12_promo,1,7,,7,58.79
2026-09-25,mewtwo_12_promo,2,12,,12,22.0
2026-09-25,mewtwo_12_promo,3,72,,72,24.95
2026-09-25,mewtwo_12_promo,4,249,,249,26.0
2026-09-25,mewtwo_12_promo,5,701,1.0,702,31.0
2026-09-25,mewtwo_12_promo,6,1439,3.0,1442,40.5
2026-09-25,mewtwo_12_promo,7,1690,7.0,1697,45.42
2026-09-25,mewtwo_12_promo,8,7549,68.0,7617,56.51
2026-09-25,mewtwo_12_promo,9,17467,25.0,17492,84.5
2026-09-25,mewtwo_12_promo,10,7900,9.0,7909,704.84
2026-09-25,mewtwo_ex_157,1,30,,30,108.3
2026-09-25,mewtwo_ex_157,2,5,1.0,6,22.0
2026-09-25,mewtwo_ex_157,3,7,3.0,10,24.0
2026-09-25,mewtwo_ex_157,4,26,2.0,28,28.0
2026-09-25,mewtwo_ex_157,5,104,14.0,118,29.0
2026-09-25,mewtwo_ex_157,6,215,22.0,237,52.75
2026-09-25,mewtwo_ex_157,7,339,54.0,393,69.35
2026-09-25,mewtwo_ex_157,8,533,169.0,702,90.13
2026-09-25,mewtwo_ex_157,9,621,74.0,695,347.85
2026-09-25,mewtwo_ex_157,10,255,13.0,268,1856.1
2026-09-25,mewtwo_ex_158,1,43,,43,149.5
2026-09-25,mewtwo_ex_158,2,11,,11,20.0
2026-09-25,mewtwo_ex_158,3,11,3.0,14,22.0
2026-09-25,mewtwo_ex_158,4,21,1.0,22,26.0
2026-09-25,mewtwo_ex_158,5,65,11.0,76,46.0
2026-09-25,mewtwo_ex_158,6,220,23.0,243,56.98
2026-09-25,mewtwo_ex_158,7,352,79.0,431,105.21
2026-09-25,mewtwo_ex_158,8,521,210.0,731,123.5
2026-09-25,mewtwo_ex_158,9,646,79.0,725,306.4
2026-09-25,mewtwo_ex_158,10,400,33.0,433,2756.1
2026-09-25,mewtwo_ex_163,1,58,2,60,142.49
2026-09-25,mewtwo_ex_163,2,16,2,18,63.0
2026-09-25,mewtwo_ex_163,3,30,4,34,70.0
2026-09-25,mewtwo_ex_163,4,51,9,60,82.0
2026-09-25,mewtwo_ex_163,5,148,18,166,96.07
2026-09-25,mewtwo_ex_163,6,332,38,370,130.0
2026-09-25,mewtwo_ex_163,7,567,87,654,179.99
2026-09-25,mewtwo_ex_163,8,809,232,1041,217.01
2026-09-25,mewtwo_ex_163,9,852,83,935,621.01
2026-09-25,mewtwo_ex_163,10,235,15,250,5953.57
2026-09-25,mewtwo_ex_164,1,60,,60,130.0
2026-09-25,mewtwo_ex_164,2,15,2.0,17,27.0
2026-09-25,mewtwo_ex_164,3,31,1.0,32,30.0
2026-09-25,mewtwo_ex_164,4,58,14.0,72,31.5
2026-09-25,mewtwo_ex_164,5,131,9.0,140,70.0
2026-09-25,mewtwo_ex_164,6,341,35.0,376,112.99
2026-09-25,mewtwo_ex_164,7,538,98.0,636,163.0
2026-09-25,mewtwo_ex_164,8,817,266.0,1083,248.2
2026-09-25,mewtwo_ex_164,9,925,95.0,1020,618.8
2026-09-25,mewtwo_ex_164,10,262,21.0,283,5686.87
2026-09-25,mewtwo_ex_98,1,19,,19,125.0
2026-09-25,mewtwo_ex_98,2,1,,1,35.0
2026-09-25,mewtwo_ex_98,3,7,3.0,10,62.0
2026-09-25,mewtwo_ex_98,4,12,3.0,15,72.76
2026-09-25,mewtwo_ex_98,5,36,10.0,46,103.88
2026-09-25,mewtwo_ex_98,6,81,15.0,96,239.88
2026-09-25,mewtwo_ex_98,7,129,28.0,157,421.06
2026-09-25,mewtwo_ex_98,8,162,62.0,224,662.04
2026-09-25,mewtwo_ex_98,9,149,11.0,160,1132.25
2026-09-25,mewtwo_ex_98,10,13,,13,2131.68
2026-09-25,mewtwo_ex_XY125_promo,2,1,,1,6.0
2026-09-25,mewtwo_ex_XY125_promo,3,2,,2,7.0
2026-09-25,mewtwo_ex_XY125_promo,4,19,,19,8.5
2026-09-25,mewtwo_ex_XY125_promo,5,33,,33,11.99
2026-09-25,mewtwo_ex_XY125_promo,6,48,,48,12.5
2026-09-25,mewtwo_ex_XY125_promo,7,72,,72,14.94
2026-09-25,mewtwo_ex_XY125_promo,8,141,,141,28.0
2026-09-25,mewtwo_ex_XY125_promo,9,253,,253,50.5
2026-09-25,mewtwo_ex_XY125_promo,10,206,,206,692.5
2026-09-25,mewtwo_mew_gx_222,2,1,,1,34.0
2026-09-25,mewtwo_mew_gx_222,3,4,,4,38.0
2026-09-25,mewtwo_mew_gx_222,4,5,3.0,8,45.0
2026-09-25,mewtwo_mew_gx_222,5,10,5.0,15,53.0
2026-09-25,mewtwo_mew_gx_222,6,20,3.0,23,66.01
2026-09-25,mewtwo_mew_gx_222,7,50,11.0,61,76.0
2026-09-25,mewtwo_mew_gx_222,8,295,78.0,373,170.57
2026-09-25,mewtwo_mew_gx_222,9,908,121.0,1029,251.29
2026-09-25,mewtwo_mew_gx_222,10,684,66.0,750,1800.0
2026-09-25,mewtwo_mew_gx_242,1,5,,5,269.28
2026-09-25,mewtwo_mew_gx_242,2,3,,3,50.0
2026-09-25,mewtwo_mew_gx_242,3,4,,4,56.0
2026-09-25,mewtwo_mew_gx_242,4,13,,13,66.0
2026-09-25,mewtwo_mew_gx_242,5,21,5.0,26,78.0
2026-09-25,mewtwo_mew_gx_242,6,37,7.0,44,96.89
2026-09-25,mewtwo_mew_gx_242,7,72,11.0,83,184.79
2026-09-25,mewtwo_mew_gx_242,8,337,93.0,430,301.82
2026-09-25,mewtwo_mew_gx_242,9,1088,149.0,1237,378.55
2026-09-25,mewtwo_mew_gx_242,10,1203,65.0,1268,1835.0
2026-09-25,mewtwo_mew_gx_71,2,1,,1,27.0
2026-09-25,mewtwo_mew_gx_71,3,19,1.0,20,30.0
2026-09-25,mewtwo_mew_gx_71,4,44,2.0,46,36.0
2026-09-25,mewtwo_mew_gx_71,5,70,4.0,74,44.78
2026-09-25,mewtwo_mew_gx_71,6,161,18.0,179,72.73
2026-09-25,mewtwo_mew_gx_71,7,168,45.0,213,72.81
2026-09-25,mewtwo_mew_gx_71,8,653,159.0,812,121.47
2026-09-25,mewtwo_mew_gx_71,9,2410,300.0,2710,202.5
2026-09-25,mewtwo_mew_gx_71,10,2575,207.0,2782,985.0
2026-09-25,mienshao_57,9,,,,11.08
2026-09-25,mienshao_57,10,,,,32.19
2026-09-25,mightyena_ex_101,1,13,1.0,14,44.5
2026-09-25,mightyena_ex_101,2,3,,3,13.0
2026-09-25,mightyena_ex_101,3,5,2.0,7,14.5
2026-09-25,mightyena_ex_101,4,22,10.0,32,26.0
2026-09-25,mightyena_ex_101,5,52,12.0,64,30.25
2026-09-25,mightyena_ex_101,6,66,20.0,86,75.0
2026-09-25,mightyena_ex_101,7,103,27.0,130,91.75
2026-09-25,mightyena_ex_101,8,208,63.0,271,201.16
2026-09-25,mightyena_ex_101,9,176,38.0,214,294.73
2026-09-25,mightyena_ex_101,10,45,18.0,63,3295.74
2026-09-25,milotic_ex_237,2,,,,36.0
2026-09-25,milotic_ex_237,3,,,,40.0
2026-09-25,milotic_ex_237,4,10.0,,10.0,47.0
2026-09-25,milotic_ex_237,5,19.0,,19.0,65.0
2026-09-25,milotic_ex_237,6,48.0,3.0,51.0,81.0
2026-09-25,milotic_ex_237,7,130.0,13.0,143.0,90.0
2026-09-25,milotic_ex_237,8,1388.0,48.0,1436.0,104.25
2026-09-25,milotic_ex_237,9,7184.0,160.0,7344.0,105.75
2026-09-25,milotic_ex_237,10,5271.0,389.0,5660.0,265.0
2026-09-25,milotic_ex_96,1,26,,26,206.57
2026-09-25,milotic_ex_96,2,8,,8,161.0
2026-09-25,milotic_ex_96,3,13,2.0,15,179.0
2026-09-25,milotic_ex_96,4,36,8.0,44,210.0
2026-09-25,milotic_ex_96,5,73,14.0,87,315.0
2026-09-25,milotic_ex_96,6,94,16.0,110,348.0
2026-09-25,milotic_ex_96,7,134,19.0,153,629.85
2026-09-25,milotic_ex_96,8,223,57.0,280,1100.0
2026-09-25,milotic_ex_96,9,230,51.0,281,1612.5
2026-09-25,milotic_ex_96,10,30,19.0,49,23700.21
2026-09-25,mime_jr_47,8,,7,7,9.5
2026-09-25,mime_jr_47,9,4.0,2,6,21.41
2026-09-25,mime_jr_47,10,1.0,2,3,57.76
2026-09-25,mimikyu_gx_226,2,,,,11.0
2026-09-25,mimikyu_gx_226,3,1.0,1.0,2.0,12.0
2026-09-25,mimikyu_gx_226,4,3.0,,3.0,14.0
2026-09-25,mimikyu_gx_226,5,7.0,,7.0,16.22
2026-09-25,mimikyu_gx_226,6,13.0,4.0,17.0,25.0
2026-09-25,mimikyu_gx_226,7,19.0,3.0,22.0,104.0
2026-09-25,mimikyu_gx_226,8,93.0,45.0,138.0,240.0
2026-09-25,mimikyu_gx_226,9,244.0,34.0,278.0,307.07
2026-09-25,mimikyu_gx_226,10,175.0,12.0,187.0,2375.0
2026-09-25,mina_211,2,1.0,,1.0,23.0
2026-09-25,mina_211,3,2.0,,2.0,26.0
2026-09-25,mina_211,4,,,,31.0
2026-09-25,mina_211,5,5.0,,5.0,36.0
2026-09-25,mina_211,6,15.0,4.0,19.0,50.5
2026-09-25,mina_211,7,29.0,5.0,34.0,50.77
2026-09-25,mina_211,8,129.0,55.0,184.0,56.43
2026-09-25,mina_211,9,407.0,42.0,449.0,88.14
2026-09-25,mina_211,10,227.0,23.0,250.0,275.0
2026-09-25,minccino_87,9,,,,5.03
2026-09-25,minccino_87,10,,,,38.87
2026-09-25,miraidon_28,9,,,,11.1
2026-09-25,miraidon_28,10,,,,34.1
2026-09-25,misdreavus_11,1,7,,7,42.19
2026-09-25,misdreavus_11,2,3,,3,36.0
2026-09-25,misdreavus_11,3,6,1.0,7,39.5
2026-09-25,misdreavus_11,4,25,8.0,33,42.0
2026-09-25,misdreavus_11,5,73,18.0,91,49.99
2026-09-25,misdreavus_11,6,133,35.0,168,49.99
2026-09-25,misdreavus_11,7,206,56.0,262,71.0
2026-09-25,misdreavus_11,8,328,97.0,425,88.87
2026-09-25,misdreavus_11,9,158,54.0,212,299.99
2026-09-25,misdreavus_11,10,7,10.0,17,1441.68
2026-09-25,mismagius_ex_112,2,,,,6.0
2026-09-25,mismagius_ex_112,3,,,,7.0
2026-09-25,mismagius_ex_112,4,,,,8.0
2026-09-25,mismagius_ex_112,5,,,,9.0
2026-09-25,mismagius_ex_112,6,1.0,,1.0,11.25
2026-09-25,mismagius_ex_112,7,1.0,5.0,6.0,11.25
2026-09-25,mismagius_ex_112,8,6.0,26.0,32.0,14.93
2026-09-25,mismagius_ex_112,9,36.0,44.0,80.0,16.0
2026-09-25,mismagius_ex_112,10,57.0,256.0,313.0,40.0
2026-09-25,mismagius_ex_36,2,,,,3.0
2026-09-25,mismagius_ex_36,3,,,,3.0
2026-09-25,mismagius_ex_36,4,,,,3.0
2026-09-25,mismagius_ex_36,5,,,,4.0
2026-09-25,mismagius_ex_36,6,,3.0,3.0,5.0
2026-09-25,mismagius_ex_36,7,3.0,5.0,8.0,6.0
2026-09-25,mismagius_ex_36,8,13.0,49.0,62.0,8.0
2026-09-25,mismagius_ex_36,9,92.0,69.0,161.0,14.86
2026-09-25,mismagius_ex_36,10,62.0,194.0,256.0,35.0
2026-09-25,moltres_12,1,76,2,78,53.85
2026-09-25,moltres_12,2,68,5,73,22.0
2026-09-25,moltres_12,3,125,23,148,24.35
2026-09-25,moltres_12,4,347,92,439,31.98
2026-09-25,moltres_12,5,953,213,1166,34.12
2026-09-25,moltres_12,6,1390,330,1720,50.0
2026-09-25,moltres_12,7,1798,467,2265,70.0
2026-09-25,moltres_12,8,2268,962,3230,100.0
2026-09-25,moltres_12,9,1213,330,1543,163.49
2026-09-25,moltres_12,10,96,64,160,710.0
2026-09-25,moltres_H20,1,10,,10,230.0
2026-09-25,moltres_H20,2,4,1.0,5,338.0
2026-09-25,moltres_H20,3,10,2.0,12,375.0
2026-09-25,moltres_H20,4,15,7.0,22,387.0
2026-09-25,moltres_H20,5,45,7.0,52,455.16
2026-09-25,moltres_H20,6,62,9.0,71,500.48
2026-09-25,moltres_H20,7,102,12.0,114,793.85
2026-09-25,moltres_H20,8,178,30.0,208,1194.94
2026-09-25,moltres_H20,9,292,32.0,324,1762.68
2026-09-25,moltres_H20,10,115,53.0,168,8081.25
2026-09-25,moltres_ex_31_promo,1,40,,40,120.0
2026-09-25,moltres_ex_31_promo,2,7,,7,50.0
2026-09-25,moltres_ex_31_promo,3,14,,14,51.0
2026-09-25,moltres_ex_31_promo,4,22,,22,60.65
2026-09-25,moltres_ex_31_promo,5,60,,60,76.0
2026-09-25,moltres_ex_31_promo,6,97,,97,108.09
2026-09-25,moltres_ex_31_promo,7,132,,132,132.17
2026-09-25,moltres_ex_31_promo,8,181,,181,255.0
2026-09-25,moltres_ex_31_promo,9,141,,141,669.94
2026-09-25,moltres_ex_31_promo,10,31,,31,5000.0
2026-09-25,morty_186,9,,,,11.18
2026-09-25,morty_186,10,,,,31.98
2026-09-25,mudkip_5_promo,10,,,,15.5
2026-09-25,muk_H17,1,4.0,,4.0,159.99
2026-09-25,muk_H17,2,,,,46.0
2026-09-25,muk_H17,3,1.0,,1.0,51.0
2026-09-25,muk_H17,4,8.0,2.0,10.0,60.0
2026-09-25,muk_H17,5,18.0,9.0,27.0,70.0
2026-09-25,muk_H17,6,41.0,6.0,47.0,87.26
2026-09-25,muk_H17,7,76.0,17.0,93.0,160.0
2026-09-25,muk_H17,8,143.0,52.0,195.0,365.0
2026-09-25,muk_H17,9,180.0,11.0,191.0,701.0
2026-09-25,muk_H17,10,67.0,11.0,78.0,2779.95
2026-09-25,muk_alolan_muk_gx_197,2,1.0,,1.0,15.0
2026-09-25,muk_alolan_muk_gx_197,3,,,,17.0
2026-09-25,muk_alolan_muk_gx_197,4,6.0,,6.0,20.0
2026-09-25,muk_alolan_muk_gx_197,5,5.0,1.0,6.0,24.0
2026-09-25,muk_alolan_muk_gx_197,6,19.0,3.0,22.0,30.0
2026-09-25,muk_alolan_muk_gx_197,7,30.0,5.0,35.0,37.63
2026-09-25,muk_alolan_muk_gx_197,8,183.0,37.0,220.0,70.0
2026-09-25,muk_alolan_muk_gx_197,9,609.0,50.0,659.0,103.87
2026-09-25,muk_alolan_muk_gx_197,10,958.0,63.0,1021.0,403.0
2026-09-25,muscle_band_121,9,,,,28.67
2026-09-25,muscle_band_121,10,,,,68.83
2026-09-25,n_105a,2,,,,20.0
2026-09-25,n_105a,3,,,,22.0
2026-09-25,n_105a,4,,,,26.0
2026-09-25,n_105a,5,,1.0,1.0,31.0
2026-09-25,n_105a,6,,5.0,5.0,38.5
2026-09-25,n_105a,7,,12.0,12.0,108.44
2026-09-25,n_105a,8,,83.0,83.0,148.03
2026-09-25,n_105a,9,,58.0,58.0,219.31
2026-09-25,n_105a,10,,20.0,20.0,1371.25
2026-09-25,naganadel_guzzlord_gx_224,2,,,,20.0
2026-09-25,naganadel_guzzlord_gx_224,3,1.0,,1.0,22.0
2026-09-25,naganadel_guzzlord_gx_224,4,4.0,,4.0,26.0
2026-09-25,naganadel_guzzlord_gx_224,5,8.0,3.0,11.0,30.0
2026-09-25,naganadel_guzzlord_gx_224,6,19.0,3.0,22.0,30.0
2026-09-25,naganadel_guzzlord_gx_224,7,44.0,7.0,51.0,37.2
2026-09-25,naganadel_guzzlord_gx_224,8,234.0,34.0,268.0,88.8
2026-09-25,naganadel_guzzlord_gx_224,9,657.0,96.0,753.0,114.01
2026-09-25,naganadel_guzzlord_gx_224,10,643.0,45.0,688.0,552.55
2026-09-25,nidoking_150,1,114,3,117,570.96
2026-09-25,nidoking_150,2,55,12,67,473.44
2026-09-25,nidoking_150,3,77,12,89,632.73
2026-09-25,nidoking_150,4,129,24,153,680.0
2026-09-25,nidoking_150,5,222,35,257,800.0
2026-09-25,nidoking_150,6,250,34,284,1525.42
2026-09-25,nidoking_150,7,303,47,350,1762.0
2026-09-25,nidoking_150,8,416,78,494,2450.0
2026-09-25,nidoking_150,9,465,43,508,3166.55
2026-09-25,nidoking_150,10,112,20,132,18020.83
2026-09-25,nidoking_H18,1,10,,10,144.25
2026-09-25,nidoking_H18,2,2,,2,77.0
2026-09-25,nidoking_H18,3,8,1.0,9,86.0
2026-09-25,nidoking_H18,4,11,4.0,15,101.11
2026-09-25,nidoking_H18,5,32,9.0,41,113.75
2026-09-25,nidoking_H18,6,48,14.0,62,130.0
2026-09-25,nidoking_H18,7,80,14.0,94,265.98
2026-09-25,nidoking_H18,8,157,46.0,203,430.0
2026-09-25,nidoking_H18,9,223,27.0,250,672.59
2026-09-25,nidoking_H18,10,83,18.0,101,3200.0
2026-09-25,nidoqueen_7,1,7,,7,51.0
2026-09-25,nidoqueen_7,2,1,,1,11.0
2026-09-25,nidoqueen_7,3,2,,2,12.0
2026-09-25,nidoqueen_7,4,7,5.0,12,14.22
2026-09-25,nidoqueen_7,5,18,7.0,25,16.0
2026-09-25,nidoqueen_7,6,29,22.0,51,19.99
2026-09-25,nidoqueen_7,7,58,32.0,90,37.22
2026-09-25,nidoqueen_7,8,150,64.0,214,66.97
2026-09-25,nidoqueen_7,9,150,36.0,186,110.31
2026-09-25,nidoqueen_7,10,34,18.0,52,934.84
2026-09-25,nidoqueen_H21,1,3,,3,209.99
2026-09-25,nidoqueen_H21,2,2,,2,45.0
2026-09-25,nidoqueen_H21,3,2,,2,50.0
2026-09-25,nidoqueen_H21,4,6,1.0,7,59.0
2026-09-25,nidoqueen_H21,5,26,1.0,27,69.0
2026-09-25,nidoqueen_H21,6,34,5.0,39,86.66
2026-09-25,nidoqueen_H21,7,70,4.0,74,275.0
2026-09-25,nidoqueen_H21,8,118,19.0,137,383.75
2026-09-25,nidoqueen_H21,9,264,35.0,299,386.0
2026-09-25,nidoqueen_H21,10,162,41.0,203,3028.94
2026-09-25,nidorina_40,2,1,,1,5.0
2026-09-25,nidorina_40,3,3,6.0,9,5.0
2026-09-25,nidorina_40,4,6,18.0,24,5.5
2026-09-25,nidorina_40,5,9,54.0,63,8.4
2026-09-25,nidorina_40,6,20,95.0,115,10.5
2026-09-25,nidorina_40,7,45,136.0,181,12.75
2026-09-25,nidorina_40,8,105,258.0,363,15.1
2026-09-25,nidorina_40,9,161,127.0,288,31.68
2026-09-25,nidorina_40,10,66,69.0,135,76.18
2026-09-25,ninetales_21,2,,,,4.0
2026-09-25,ninetales_21,3,,,,4.0
2026-09-25,ninetales_21,4,,,,5.0
2026-09-25,ninetales_21,5,,,,6.0
2026-09-25,ninetales_21,6,,4.0,4.0,8.0
2026-09-25,ninetales_21,7,3.0,2.0,5.0,9.5
2026-09-25,ninetales_21,8,7.0,8.0,15.0,23.05
2026-09-25,ninetales_21,9,3.0,1.0,4.0,25.0
2026-09-25,ninetales_21,10,,,,46.86
2026-09-25,ninetales_H19,1,12,,12,139.5
2026-09-25,ninetales_H19,2,5,,5,45.0
2026-09-25,ninetales_H19,3,4,,4,49.64
2026-09-25,ninetales_H19,4,15,2.0,17,107.5
2026-09-25,ninetales_H19,5,46,5.0,51,108.0
2026-09-25,ninetales_H19,6,66,16.0,82,154.68
2026-09-25,ninetales_H19,7,104,21.0,125,292.87
2026-09-25,ninetales_H19,8,168,46.0,214,524.69
2026-09-25,ninetales_H19,9,240,33.0,273,1325.0
2026-09-25,ninetales_H19,10,56,20.0,76,8261.81
2026-09-25,noctowl_141_promo,2,,,,5.0
2026-09-25,noctowl_141_promo,3,,,,5.0
2026-09-25,noctowl_141_promo,4,4.0,,4.0,6.0
2026-09-25,noctowl_141_promo,5,3.0,,3.0,7.0
2026-09-25,noctowl_141_promo,6,11.0,,11.0,9.0
2026-09-25,noctowl_141_promo,7,20.0,,20.0,10.67
2026-09-25,noctowl_141_promo,8,225.0,,225.0,10.75
2026-09-25,noctowl_141_promo,9,1696.0,,1696.0,19.99
2026-09-25,noctowl_141_promo,10,1362.0,,1362.0,82.79
2026-09-25,noivern_77,2,,,,15.0
2026-09-25,noivern_77,3,,,,17.0
2026-09-25,noivern_77,4,,,,20.0
2026-09-25,noivern_77,5,,1.0,1.0,23.0
2026-09-25,noivern_77,9,8.0,6.0,14.0,14.43
2026-09-25,noivern_77,10,3.0,,3.0,41.99
2026-09-25,noivern_v_196,2,,,,12.0
2026-09-25,noivern_v_196,3,,,,13.0
2026-09-25,noivern_v_196,4,,1.0,1.0,15.5
2026-09-25,noivern_v_196,5,,6.0,6.0,20.0
2026-09-25,noivern_v_196,6,,24.0,24.0,25.08
2026-09-25,noivern_v_196,7,,21.0,21.0,32.86
2026-09-25,noivern_v_196,8,,146.0,146.0,61.99
2026-09-25,noivern_v_196,9,,444.0,444.0,67.0
2026-09-25,noivern_v_196,10,,395.0,395.0,261.43
2026-09-25,nosepass_25,9,,12,12,15.11
2026-09-25,nosepass_25,10,,3,3,52.2
2026-09-25,nuzleaf_96,9,,,,10.2
2026-09-25,nuzleaf_96,10,,,,30.35
2026-09-25,octillery_H20,1,2.0,,2.0,127.0
2026-09-25,octillery_H20,2,,,,38.0
2026-09-25,octillery_H20,3,1.0,,1.0,42.0
2026-09-25,octillery_H20,4,1.0,,1.0,49.0
2026-09-25,octillery_H20,5,21.0,2.0,23.0,57.78
2026-09-25,octillery_H20,6,27.0,5.0,32.0,83.0
2026-09-25,octillery_H20,7,50.0,11.0,61.0,103.38
2026-09-25,octillery_H20,8,142.0,35.0,177.0,195.0
2026-09-25,octillery_H20,9,179.0,28.0,207.0,376.21
2026-09-25,octillery_H20,10,60.0,16.0,76.0,2118.0
2026-09-25,oddish_58,2,2,3,5,3.0
2026-09-25,oddish_58,3,3,12,15,3.0
2026-09-25,oddish_58,4,9,29,38,3.0
2026-09-25,oddish_58,5,18,64,82,4.0
2026-09-25,oddish_58,6,31,123,154,5.0
2026-09-25,oddish_58,7,49,256,305,12.78
2026-09-25,oddish_58,8,103,423,526,14.95
2026-09-25,oddish_58,9,214,215,429,25.0
2026-09-25,oddish_58,10,108,92,200,89.75
2026-09-25,op_awakening-of-the-new-era_booster_pack,9,,,,44.26
2026-09-25,op_awakening-of-the-new-era_booster_pack,10,,,,102.61
2026-09-25,op_awakening-of-the-new-era_borsalino_sp_op05_051,8,,,,32.63
2026-09-25,op_awakening-of-the-new-era_borsalino_sp_op05_051,9,,,,59.48
2026-09-25,op_awakening-of-the-new-era_borsalino_sp_op05_051,10,,,,101.0
2026-09-25,op_awakening-of-the-new-era_chopa_emon_1st_anniversary_op05_,10,,5,5,729.41
2026-09-25,op_awakening-of-the-new-era_donquixote_rosinante_2nd_anniver,10,,,,125.0
2026-09-25,op_awakening-of-the-new-era_enel_sp_op05_100,9,,4,4,133.0
2026-09-25,op_awakening-of-the-new-era_enel_sp_op05_100,10,,44,44,231.75
2026-09-25,op_awakening-of-the-new-era_eustasscaptainkid_alternate_art_,9,,,,1023.15
2026-09-25,op_awakening-of-the-new-era_eustasscaptainkid_alternate_art_,10,,,,1200.0
2026-09-25,op_awakening-of-the-new-era_eustasscaptainkid_sp_op05_074,9,,,,46.95
2026-09-25,op_awakening-of-the-new-era_eustasscaptainkid_sp_op05_074,10,,,,107.87
2026-09-25,op_awakening-of-the-new-era_monkeydgarp_1st_anniversary_op05,10,,,,549.5
2026-09-25,op_awakening-of-the-new-era_monkeydluffy_2nd_anniversary_op0,9,,,,88.74
2026-09-25,op_awakening-of-the-new-era_monkeydluffy_2nd_anniversary_op0,10,,,,222.5
2026-09-25,op_awakening-of-the-new-era_monkeydluffy_alternate_art_manga,2,,,,1178.0
2026-09-25,op_awakening-of-the-new-era_monkeydluffy_alternate_art_manga,9,,,,7788.74
2026-09-25,op_awakening-of-the-new-era_monkeydluffy_alternate_art_manga,10,,,,16975.0
2026-09-25,op_awakening-of-the-new-era_monkeydluffy_alternate_art_op05_,2,,,,54.0
2026-09-25,op_awakening-of-the-new-era_monkeydluffy_alternate_art_op05_,3,,,,60.0
2026-09-25,op_awakening-of-the-new-era_monkeydluffy_alternate_art_op05_,4,,,,70.0
2026-09-25,op_awakening-of-the-new-era_monkeydluffy_alternate_art_op05_,5,,,,82.0
2026-09-25,op_awakening-of-the-new-era_monkeydluffy_alternate_art_op05_,6,,,,103.0
2026-09-25,op_awakening-of-the-new-era_monkeydluffy_alternate_art_op05_,7,,1.0,1.0,129.0
2026-09-25,op_awakening-of-the-new-era_monkeydluffy_alternate_art_op05_,8,,,,161.75
2026-09-25,op_awakening-of-the-new-era_monkeydluffy_alternate_art_op05_,9,,1.0,1.0,243.75
2026-09-25,op_awakening-of-the-new-era_monkeydluffy_alternate_art_op05_,10,,27.0,27.0,606.18
2026-09-25,op_awakening-of-the-new-era_monkeydluffy_psa_promo_op05_060,2,,,,43.0
2026-09-25,op_awakening-of-the-new-era_monkeydluffy_psa_promo_op05_060,3,,,,48.0
2026-09-25,op_awakening-of-the-new-era_monkeydluffy_psa_promo_op05_060,4,,,,57.0
2026-09-25,op_awakening-of-the-new-era_monkeydluffy_psa_promo_op05_060,5,,,,67.5
2026-09-25,op_awakening-of-the-new-era_monkeydluffy_psa_promo_op05_060,6,,,,100.0
2026-09-25,op_awakening-of-the-new-era_monkeydluffy_psa_promo_op05_060,7,,,,122.5
2026-09-25,op_awakening-of-the-new-era_monkeydluffy_psa_promo_op05_060,8,,,,380.0
2026-09-25,op_awakening-of-the-new-era_monkeydluffy_psa_promo_op05_060,9,,,,394.19
2026-09-25,op_awakening-of-the-new-era_monkeydluffy_psa_promo_op05_060,10,,,,607.5
2026-09-25,op_awakening-of-the-new-era_monkeydluffy_wanted_op05_119,8,,,,445.0
2026-09-25,op_awakening-of-the-new-era_monkeydluffy_wanted_op05_119,9,,,,474.99
2026-09-25,op_awakening-of-the-new-era_monkeydluffy_wanted_op05_119,10,,,,1019.55
2026-09-25,op_awakening-of-the-new-era_nico_robin_1st_anniversary_op05_,10,,3,3,440.0
2026-09-25,op_awakening-of-the-new-era_o_nami_1st_anniversary_op05_062,9,,,,469.99
2026-09-25,op_awakening-of-the-new-era_o_nami_1st_anniversary_op05_062,10,,,,564.0
2026-09-25,op_awakening-of-the-new-era_rebecca_sp_op05_091,8,,,,91.84
2026-09-25,op_awakening-of-the-new-era_rebecca_sp_op05_091,9,,,,102.89
2026-09-25,op_awakening-of-the-new-era_rebecca_sp_op05_091,10,,,,175.25
2026-09-25,op_awakening-of-the-new-era_rob_lucci_illustration_box_ex_op,9,,,,100.03
2026-09-25,op_awakening-of-the-new-era_rob_lucci_illustration_box_ex_op,10,,,,250.0
2026-09-25,op_awakening-of-the-new-era_rob_lucci_sp_foil_op05_093,10,,,,183.69
2026-09-25,op_awakening-of-the-new-era_rob_lucci_sp_op05_093,10,,,,151.57
2026-09-25,op_awakening-of-the-new-era_trafalgar_law_alternate_art_mang,8,,,,438.83
2026-09-25,op_awakening-of-the-new-era_trafalgar_law_alternate_art_mang,9,,,,1177.53
2026-09-25,op_awakening-of-the-new-era_trafalgar_law_alternate_art_mang,10,,,,2075.75
2026-09-25,op_awakening-of-the-new-era_zoro_juurou_event_op05_067,9,,,,135.2
2026-09-25,op_awakening-of-the-new-era_zoro_juurou_event_op05_067,10,,,,373.66
2026-09-25,op_awakening-of-the-new-era_zoro_juurou_sp_foil_op05_067,2,,,,197.0
2026-09-25,op_awakening-of-the-new-era_zoro_juurou_sp_foil_op05_067,3,,,,219.0
2026-09-25,op_awakening-of-the-new-era_zoro_juurou_sp_foil_op05_067,4,,,,258.0
2026-09-25,op_awakening-of-the-new-era_zoro_juurou_sp_foil_op05_067,5,,,,304.0
2026-09-25,op_awakening-of-the-new-era_zoro_juurou_sp_foil_op05_067,6,,,,380.0
2026-09-25,op_awakening-of-the-new-era_zoro_juurou_sp_foil_op05_067,7,,,,475.0
2026-09-25,op_awakening-of-the-new-era_zoro_juurou_sp_foil_op05_067,9,,,,395.0
2026-09-25,op_awakening-of-the-new-era_zoro_juurou_sp_foil_op05_067,10,,,,788.06
2026-09-25,op_paramount-war_boa_hancock_gift_collection_op02_059,2,,,,9.0
2026-09-25,op_paramount-war_boa_hancock_gift_collection_op02_059,3,,,,10.0
2026-09-25,op_paramount-war_boa_hancock_gift_collection_op02_059,4,,,,12.0
2026-09-25,op_paramount-war_boa_hancock_gift_collection_op02_059,5,,,,14.0
2026-09-25,op_paramount-war_boa_hancock_gift_collection_op02_059,6,,,,17.0
2026-09-25,op_paramount-war_boa_hancock_gift_collection_op02_059,7,,,,21.0
2026-09-25,op_paramount-war_boa_hancock_gift_collection_op02_059,8,,,,26.51
2026-09-25,op_paramount-war_boa_hancock_gift_collection_op02_059,9,,,,96.0
2026-09-25,op_paramount-war_boa_hancock_gift_collection_op02_059,10,,,,229.25
2026-09-25,op_paramount-war_boa_hancock_judge_op02_059,8,,,,11.5
2026-09-25,op_paramount-war_boa_hancock_judge_op02_059,9,,,,64.55
2026-09-25,op_paramount-war_boa_hancock_judge_op02_059,10,,,,310.0
2026-09-25,op_paramount-war_boa_hancock_pre_release_op02_059,9,,1,1,124.1
2026-09-25,op_paramount-war_boa_hancock_pre_release_op02_059,10,,1,1,163.25
2026-09-25,op_paramount-war_crocodile_finalist_op02_053,10,,,,381.96
2026-09-25,op_paramount-war_edwardnewgate_alternate_art_op02_001,8,,,,32.12
2026-09-25,op_paramount-war_edwardnewgate_alternate_art_op02_001,9,,4.0,4.0,74.0
2026-09-25,op_paramount-war_edwardnewgate_alternate_art_op02_001,10,,31.0,31.0,127.5
2026-09-25,op_paramount-war_edwardnewgate_sp_op02_004,2,,,,25.0
2026-09-25,op_paramount-war_edwardnewgate_sp_op02_004,3,,,,28.0
2026-09-25,op_paramount-war_edwardnewgate_sp_op02_004,4,,,,33.0
2026-09-25,op_paramount-war_edwardnewgate_sp_op02_004,5,,,,39.0
2026-09-25,op_paramount-war_edwardnewgate_sp_op02_004,8,,,,85.0
2026-09-25,op_paramount-war_edwardnewgate_sp_op02_004,9,,,,132.5
2026-09-25,op_paramount-war_edwardnewgate_sp_op02_004,10,,,,277.72
2026-09-25,op_paramount-war_koby_finalist_op02_098,10,,,,591.07
2026-09-25,op_paramount-war_koby_treasure_cup_op02_098,8,,,,151.0
2026-09-25,op_paramount-war_koby_treasure_cup_op02_098,9,,,,386.04
2026-09-25,op_paramount-war_koby_treasure_cup_op02_098,10,,,,560.0
2026-09-25,op_paramount-war_magellan_sp_op02_085,9,,,,35.69
2026-09-25,op_paramount-war_magellan_sp_op02_085,10,,,,166.47
2026-09-25,op_paramount-war_marco_treasure_cup_op02_018,8,,,,356.91
2026-09-25,op_paramount-war_marco_treasure_cup_op02_018,9,,,,393.0
2026-09-25,op_paramount-war_marco_treasure_cup_op02_018,10,,,,815.27
2026-09-25,op_paramount-war_monkeydgarp_alternate_art_op02_002,2,,,,7.0
2026-09-25,op_paramount-war_monkeydgarp_alternate_art_op02_002,3,,,,8.0
2026-09-25,op_paramount-war_monkeydgarp_alternate_art_op02_002,4,,,,9.0
2026-09-25,op_paramount-war_monkeydgarp_alternate_art_op02_002,5,,,,10.0
2026-09-25,op_paramount-war_monkeydgarp_alternate_art_op02_002,6,,,,12.0
2026-09-25,op_paramount-war_monkeydgarp_alternate_art_op02_002,7,,,,14.99
2026-09-25,op_paramount-war_monkeydgarp_alternate_art_op02_002,8,,1.0,1.0,77.05
2026-09-25,op_paramount-war_monkeydgarp_alternate_art_op02_002,9,,1.0,1.0,103.42
2026-09-25,op_paramount-war_monkeydgarp_alternate_art_op02_002,10,,45.0,45.0,189.71
2026-09-25,op_paramount-war_monkeydluffy_alternate_art_op02_062,8,,4,4,30.98
2026-09-25,op_paramount-war_monkeydluffy_alternate_art_op02_062,9,,8,8,70.13
2026-09-25,op_paramount-war_monkeydluffy_alternate_art_op02_062,10,,43,43,162.69
2026-09-25,op_paramount-war_nami_alternate_art_op02_036,8,,3,3,24.99
2026-09-25,op_paramount-war_nami_alternate_art_op02_036,9,,4,4,56.75
2026-09-25,op_paramount-war_nami_alternate_art_op02_036,10,,71,71,185.21
2026-09-25,op_paramount-war_nico_robin_pre_release_op02_037,9,,,,29.99
2026-09-25,op_paramount-war_nico_robin_pre_release_op02_037,10,,4.0,4.0,160.0
2026-09-25,op_paramount-war_portgasdace_2nd_anniversary_op02_013,10,,,,327.5
2026-09-25,op_paramount-war_portgasdace_alternate_art_op02_013,2,,,,15.0
2026-09-25,op_paramount-war_portgasdace_alternate_art_op02_013,3,,,,17.0
2026-09-25,op_paramount-war_portgasdace_alternate_art_op02_013,4,,,,20.0
2026-09-25,op_paramount-war_portgasdace_alternate_art_op02_013,5,,,,24.0
2026-09-25,op_paramount-war_portgasdace_alternate_art_op02_013,6,,,,30.0
2026-09-25,op_paramount-war_portgasdace_alternate_art_op02_013,7,,,,38.0
2026-09-25,op_paramount-war_portgasdace_alternate_art_op02_013,8,,4.0,4.0,74.9
2026-09-25,op_paramount-war_portgasdace_alternate_art_op02_013,9,,3.0,3.0,82.0
2026-09-25,op_paramount-war_portgasdace_alternate_art_op02_013,10,,50.0,50.0,181.86
2026-09-25,op_paramount-war_portgasdace_manga_op02_013,8,,,,1048.89
2026-09-25,op_paramount-war_portgasdace_manga_op02_013,9,,,,1291.0
2026-09-25,op_paramount-war_portgasdace_manga_op02_013,10,,,,2497.0
2026-09-25,op_paramount-war_portgasdace_sp_op02_013,8,,,,157.5
2026-09-25,op_paramount-war_portgasdace_sp_op02_013,9,,,,173.0
2026-09-25,op_paramount-war_portgasdace_sp_op02_013,10,,,,440.0
2026-09-25,op_paramount-war_roronoa_zoro_pre_release_op02_043,10,,3,3,171.02
2026-09-25,op_paramount-war_sakazuki_sp_op02_099,9,,,,61.0
2026-09-25,op_paramount-war_sakazuki_sp_op02_099,10,,,,142.57
2026-09-25,op_paramount-war_sanji_alternate_art_op02_026,2,,,,15.0
2026-09-25,op_paramount-war_sanji_alternate_art_op02_026,3,,,,17.0
2026-09-25,op_paramount-war_sanji_alternate_art_op02_026,4,,,,20.0
2026-09-25,op_paramount-war_sanji_alternate_art_op02_026,5,,,,24.0
2026-09-25,op_paramount-war_sanji_alternate_art_op02_026,6,,,,30.0
2026-09-25,op_paramount-war_sanji_alternate_art_op02_026,7,,1.0,1.0,37.51
2026-09-25,op_paramount-war_sanji_alternate_art_op02_026,9,,5.0,5.0,79.0
2026-09-25,op_paramount-war_sanji_alternate_art_op02_026,10,,33.0,33.0,224.5
2026-09-25,op_paramount-war_smoker_alternate_art_op02_093,8,,1,1,50.0
2026-09-25,op_paramount-war_smoker_alternate_art_op02_093,9,,4,4,83.37
2026-09-25,op_paramount-war_smoker_alternate_art_op02_093,10,,34,34,115.7
2026-09-25,op_paramount-war_uta_sp_op02_120,2,,,,71.0
2026-09-25,op_paramount-war_uta_sp_op02_120,3,,,,79.0
2026-09-25,op_paramount-war_uta_sp_op02_120,4,,,,93.0
2026-09-25,op_paramount-war_uta_sp_op02_120,5,,,,109.0
2026-09-25,op_paramount-war_uta_sp_op02_120,6,,,,136.0
2026-09-25,op_paramount-war_uta_sp_op02_120,7,,,,170.5
2026-09-25,op_paramount-war_uta_sp_op02_120,8,,,,182.5
2026-09-25,op_paramount-war_uta_sp_op02_120,9,,,,201.0
2026-09-25,op_paramount-war_uta_sp_op02_120,10,,,,262.5
2026-09-25,op_pillars-of-strength_buggy_sp_op03_008,9,,,,54.4
2026-09-25,op_pillars-of-strength_buggy_sp_op03_008,10,,,,325.0
2026-09-25,op_pillars-of-strength_charlotte_katakuri_alternate_art_op03,9,,1,1,78.0
2026-09-25,op_pillars-of-strength_charlotte_katakuri_alternate_art_op03,10,,29,29,130.0
2026-09-25,op_pillars-of-strength_charlotte_linlin_sp_op03_114,9,,,,46.2
2026-09-25,op_pillars-of-strength_charlotte_linlin_sp_op03_114,10,,,,147.0
2026-09-25,op_pillars-of-strength_charlotte_pudding_sp_foil_op03_112,9,,,,81.0
2026-09-25,op_pillars-of-strength_charlotte_pudding_sp_foil_op03_112,10,,,,153.25
2026-09-25,op_pillars-of-strength_haruta_pre_release_op03_009,2,,,,8.0
2026-09-25,op_pillars-of-strength_haruta_pre_release_op03_009,3,,,,9.0
2026-09-25,op_pillars-of-strength_haruta_pre_release_op03_009,4,,,,11.0
2026-09-25,op_pillars-of-strength_haruta_pre_release_op03_009,5,,,,13.0
2026-09-25,op_pillars-of-strength_haruta_pre_release_op03_009,6,,,,16.0
2026-09-25,op_pillars-of-strength_haruta_pre_release_op03_009,7,,,,20.0
2026-09-25,op_pillars-of-strength_haruta_pre_release_op03_009,8,,,,25.0
2026-09-25,op_pillars-of-strength_haruta_pre_release_op03_009,9,,,,188.5
2026-09-25,op_pillars-of-strength_haruta_pre_release_op03_009,10,,,,833.32
2026-09-25,op_pillars-of-strength_monkeydluffy_judge_op03_070,1,,,,62.28
2026-09-25,op_pillars-of-strength_monkeydluffy_judge_op03_070,9,,,,102.5
2026-09-25,op_pillars-of-strength_monkeydluffy_judge_op03_070,10,,,,380.92
2026-09-25,op_pillars-of-strength_nami_alternate_art_op03_040,8,,2,2,150.0
2026-09-25,op_pillars-of-strength_nami_alternate_art_op03_040,9,,2,2,234.07
2026-09-25,op_pillars-of-strength_nami_alternate_art_op03_040,10,,37,37,466.53
2026-09-25,op_pillars-of-strength_portgasdace_alternate_art_op03_001,8,,1,1,48.99
2026-09-25,op_pillars-of-strength_portgasdace_alternate_art_op03_001,9,,1,1,61.0
2026-09-25,op_pillars-of-strength_portgasdace_alternate_art_op03_001,10,,33,33,151.97
2026-09-25,op_pillars-of-strength_rob_lucci_sp_op03_092,9,,,,153.0
2026-09-25,op_pillars-of-strength_rob_lucci_sp_op03_092,10,,,,184.0
2026-09-25,op_pillars-of-strength_sanji_offline_regional_finalist_op03_,9,,,,89.96
2026-09-25,op_pillars-of-strength_sanji_offline_regional_finalist_op03_,10,,,,327.37
2026-09-25,op_pillars-of-strength_shirahoshi_regional_prize_op03_116,9,,,,510.0
2026-09-25,op_pillars-of-strength_shirahoshi_regional_prize_op03_116,10,,,,863.0
2026-09-25,op_pillars-of-strength_sogeking_alternate_art_manga_op03_122,1,,,,15.5
2026-09-25,op_pillars-of-strength_sogeking_alternate_art_manga_op03_122,2,,,,123.0
2026-09-25,op_pillars-of-strength_sogeking_alternate_art_manga_op03_122,3,,,,137.0
2026-09-25,op_pillars-of-strength_sogeking_alternate_art_manga_op03_122,4,,,,161.0
2026-09-25,op_pillars-of-strength_sogeking_alternate_art_manga_op03_122,5,,,,189.0
2026-09-25,op_pillars-of-strength_sogeking_alternate_art_manga_op03_122,6,,,,236.0
2026-09-25,op_pillars-of-strength_sogeking_alternate_art_manga_op03_122,7,,,,294.5
2026-09-25,op_pillars-of-strength_sogeking_alternate_art_manga_op03_122,8,,,,535.59
2026-09-25,op_pillars-of-strength_sogeking_alternate_art_manga_op03_122,9,,,,597.01
2026-09-25,op_pillars-of-strength_sogeking_alternate_art_manga_op03_122,10,,,,1319.46
2026-09-25,op_romance-dawn_boa_hancock_alternate_art_op01_078,8,,,,120.0
2026-09-25,op_romance-dawn_boa_hancock_alternate_art_op01_078,9,,6.0,6.0,132.0
2026-09-25,op_romance-dawn_boa_hancock_alternate_art_op01_078,10,,106.0,106.0,277.0
2026-09-25,op_romance-dawn_boa_hancock_sp_op01_078,8,,,,162.39
2026-09-25,op_romance-dawn_boa_hancock_sp_op01_078,9,,,,1050.0
2026-09-25,op_romance-dawn_boa_hancock_sp_op01_078,10,,,,2300.0
2026-09-25,op_romance-dawn_booster_pack,9,,,,26.02
2026-09-25,op_romance-dawn_booster_pack,10,,,,174.0
2026-09-25,op_romance-dawn_crocodile_alternate_art_op01_062,9,,2,2,88.52
2026-09-25,op_romance-dawn_crocodile_alternate_art_op01_062,10,,43,43,198.52
2026-09-25,op_romance-dawn_donquixote_doflamingo_alternate_art_op01_060,9,,2,2,222.76
2026-09-25,op_romance-dawn_donquixote_doflamingo_alternate_art_op01_060,10,,43,43,347.5
2026-09-25,op_romance-dawn_donquixote_doflamingo_sp_op01_073,9,,,,68.0
2026-09-25,op_romance-dawn_donquixote_doflamingo_sp_op01_073,10,,,,157.0
2026-09-25,op_romance-dawn_dracule_mihawk_alternate_art_errata_op01_070,9,,1,1,87.0
2026-09-25,op_romance-dawn_dracule_mihawk_alternate_art_errata_op01_070,10,,19,19,176.0
2026-09-25,op_romance-dawn_dracule_mihawk_alternate_art_op01_070,9,,4,4,48.25
2026-09-25,op_romance-dawn_dracule_mihawk_alternate_art_op01_070,10,,42,42,322.14
2026-09-25,op_romance-dawn_dracule_mihawk_errata_op01_070,9,,,,14.99
2026-09-25,op_romance-dawn_dracule_mihawk_errata_op01_070,10,,31.0,31.0,88.0
2026-09-25,op_romance-dawn_eustasscaptainkid_alternate_art_errata_op01_,9,,2,2,30.86
2026-09-25,op_romance-dawn_eustasscaptainkid_alternate_art_errata_op01_,10,,5,5,113.51
2026-09-25,op_romance-dawn_eustasscaptainkid_wanted_op01_051,2,,,,23.0
2026-09-25,op_romance-dawn_eustasscaptainkid_wanted_op01_051,3,,,,26.0
2026-09-25,op_romance-dawn_eustasscaptainkid_wanted_op01_051,4,,,,30.0
2026-09-25,op_romance-dawn_eustasscaptainkid_wanted_op01_051,5,,,,35.0
2026-09-25,op_romance-dawn_eustasscaptainkid_wanted_op01_051,6,,,,44.0
2026-09-25,op_romance-dawn_eustasscaptainkid_wanted_op01_051,7,,,,54.7
2026-09-25,op_romance-dawn_eustasscaptainkid_wanted_op01_051,8,,,,70.0
2026-09-25,op_romance-dawn_eustasscaptainkid_wanted_op01_051,9,,,,77.0
2026-09-25,op_romance-dawn_eustasscaptainkid_wanted_op01_051,10,,,,236.74
2026-09-25,op_romance-dawn_in_two_years_at_the_sabaody_archipelago_2nd_,9,,,,40.0
2026-09-25,op_romance-dawn_in_two_years_at_the_sabaody_archipelago_2nd_,10,,,,141.8
2026-09-25,op_romance-dawn_kaido_alternate_art_errata_op01_061,9,,,,83.5
2026-09-25,op_romance-dawn_kaido_alternate_art_errata_op01_061,10,,8.0,8.0,256.03
2026-09-25,op_romance-dawn_kaido_alternate_art_op01_061,8,,,,203.73
2026-09-25,op_romance-dawn_kaido_alternate_art_op01_061,9,,,,224.0
2026-09-25,op_romance-dawn_kaido_alternate_art_op01_061,10,,24.0,24.0,307.26
2026-09-25,op_romance-dawn_king_alternate_art_op01_091,9,,4,4,90.56
2026-09-25,op_romance-dawn_king_alternate_art_op01_091,10,,39,39,233.06
2026-09-25,op_romance-dawn_kouzuki_oden_alternate_art_op01_031,9,,1,1,84.97
2026-09-25,op_romance-dawn_kouzuki_oden_alternate_art_op01_031,10,,3,3,142.5
2026-09-25,op_romance-dawn_monkeydluffy_alt_art_errata_op01_003,9,,2,2,495.54
2026-09-25,op_romance-dawn_monkeydluffy_alt_art_errata_op01_003,10,,17,17,1316.0
2026-09-25,op_romance-dawn_monkeydluffy_alt_art_op01_003,8,,2,2,1717.31
2026-09-25,op_romance-dawn_monkeydluffy_alt_art_op01_003,9,,4,4,2135.05
2026-09-25,op_romance-dawn_monkeydluffy_alt_art_op01_003,10,,43,43,6328.61
2026-09-25,op_romance-dawn_monkeydluffy_alternate_art_op01_024,2,,,,14.0
2026-09-25,op_romance-dawn_monkeydluffy_alternate_art_op01_024,3,,,,16.0
2026-09-25,op_romance-dawn_monkeydluffy_alternate_art_op01_024,4,,,,19.0
2026-09-25,op_romance-dawn_monkeydluffy_alternate_art_op01_024,5,,,,22.0
2026-09-25,op_romance-dawn_monkeydluffy_alternate_art_op01_024,6,,,,28.0
2026-09-25,op_romance-dawn_monkeydluffy_alternate_art_op01_024,7,,,,35.0
2026-09-25,op_romance-dawn_monkeydluffy_alternate_art_op01_024,8,,3.0,3.0,102.5
2026-09-25,op_romance-dawn_monkeydluffy_alternate_art_op01_024,9,,2.0,2.0,128.5
2026-09-25,op_romance-dawn_monkeydluffy_alternate_art_op01_024,10,,8.0,8.0,442.5
2026-09-25,op_romance-dawn_nami_1st_anniversary_op01_016,8,,,,159.0
2026-09-25,op_romance-dawn_nami_1st_anniversary_op01_016,9,,,,359.03
2026-09-25,op_romance-dawn_nami_1st_anniversary_op01_016,10,,,,655.5
2026-09-25,op_romance-dawn_nami_25th_anniversary_alternate_art_op01_016,2,,,,17.0
2026-09-25,op_romance-dawn_nami_25th_anniversary_alternate_art_op01_016,3,,,,19.0
2026-09-25,op_romance-dawn_nami_25th_anniversary_alternate_art_op01_016,4,,,,22.0
2026-09-25,op_romance-dawn_nami_25th_anniversary_alternate_art_op01_016,5,,,,26.0
2026-09-25,op_romance-dawn_nami_25th_anniversary_alternate_art_op01_016,6,,,,33.0
2026-09-25,op_romance-dawn_nami_25th_anniversary_alternate_art_op01_016,7,,,,41.0
2026-09-25,op_romance-dawn_nami_25th_anniversary_alternate_art_op01_016,9,,,,73.0
2026-09-25,op_romance-dawn_nami_25th_anniversary_alternate_art_op01_016,10,,,,176.07
2026-09-25,op_romance-dawn_nami_alternate_art_errata_op01_016,8,,4,4,295.76
2026-09-25,op_romance-dawn_nami_alternate_art_errata_op01_016,9,,5,5,409.86
2026-09-25,op_romance-dawn_nami_alternate_art_errata_op01_016,10,,62,62,759.77
2026-09-25,op_romance-dawn_nami_alternate_art_op01_016,2,,,,170.0
2026-09-25,op_romance-dawn_nami_alternate_art_op01_016,3,,,,189.0
2026-09-25,op_romance-dawn_nami_alternate_art_op01_016,4,,,,222.0
2026-09-25,op_romance-dawn_nami_alternate_art_op01_016,5,,,,261.0
2026-09-25,op_romance-dawn_nami_alternate_art_op01_016,6,,,,326.0
2026-09-25,op_romance-dawn_nami_alternate_art_op01_016,7,,1.0,1.0,407.0
2026-09-25,op_romance-dawn_nami_alternate_art_op01_016,8,,1.0,1.0,498.54
2026-09-25,op_romance-dawn_nami_alternate_art_op01_016,9,,10.0,10.0,623.85
2026-09-25,op_romance-dawn_nami_alternate_art_op01_016,10,,103.0,103.0,1768.75
2026-09-25,op_romance-dawn_nami_gift_collection_op01_016,2,,,,21.0
2026-09-25,op_romance-dawn_nami_gift_collection_op01_016,3,,,,23.0
2026-09-25,op_romance-dawn_nami_gift_collection_op01_016,4,,,,27.0
2026-09-25,op_romance-dawn_nami_gift_collection_op01_016,5,,,,32.0
2026-09-25,op_romance-dawn_nami_gift_collection_op01_016,6,,,,40.0
2026-09-25,op_romance-dawn_nami_gift_collection_op01_016,7,,,,50.0
2026-09-25,op_romance-dawn_nami_gift_collection_op01_016,8,,,,81.01
2026-09-25,op_romance-dawn_nami_gift_collection_op01_016,9,,,,89.0
2026-09-25,op_romance-dawn_nami_gift_collection_op01_016,10,,,,192.24
2026-09-25,op_romance-dawn_nami_manga_op01_016,2,,,,523.0
2026-09-25,op_romance-dawn_nami_manga_op01_016,3,,,,581.0
2026-09-25,op_romance-dawn_nami_manga_op01_016,4,,,,684.0
2026-09-25,op_romance-dawn_nami_manga_op01_016,5,,,,805.0
2026-09-25,op_romance-dawn_nami_manga_op01_016,6,,,,1006.0
2026-09-25,op_romance-dawn_nami_manga_op01_016,7,,,,1258.0
2026-09-25,op_romance-dawn_nami_manga_op01_016,8,,,,1572.15
2026-09-25,op_romance-dawn_nami_manga_op01_016,9,,,,1735.05
2026-09-25,op_romance-dawn_nami_manga_op01_016,10,,,,3038.18
2026-09-25,op_romance-dawn_nami_special_alternate_art_op01_016,2,,,,55.0
2026-09-25,op_romance-dawn_nami_special_alternate_art_op01_016,3,,,,61.0
2026-09-25,op_romance-dawn_nami_special_alternate_art_op01_016,4,,,,72.0
2026-09-25,op_romance-dawn_nami_special_alternate_art_op01_016,5,,,,85.0
2026-09-25,op_romance-dawn_nami_special_alternate_art_op01_016,6,,,,106.0
2026-09-25,op_romance-dawn_nami_special_alternate_art_op01_016,7,,,,132.5
2026-09-25,op_romance-dawn_nami_special_alternate_art_op01_016,8,,,,362.42
2026-09-25,op_romance-dawn_nami_special_alternate_art_op01_016,9,,,,425.0
2026-09-25,op_romance-dawn_nami_special_alternate_art_op01_016,10,,,,702.5
2026-09-25,op_romance-dawn_nico_robin_1st_anniversary_op01_017,8,,,,143.75
2026-09-25,op_romance-dawn_nico_robin_1st_anniversary_op01_017,9,,,,359.0
2026-09-25,op_romance-dawn_nico_robin_1st_anniversary_op01_017,10,,,,649.46
2026-09-25,op_romance-dawn_roronoa_zoro_1st_anniversary_op01_025,8,,,,455.0
2026-09-25,op_romance-dawn_roronoa_zoro_1st_anniversary_op01_025,9,,,,501.0
2026-09-25,op_romance-dawn_roronoa_zoro_1st_anniversary_op01_025,10,,,,999.99
2026-09-25,op_romance-dawn_roronoa_zoro_25th_anniversary_op01_001,2,,,,24.0
2026-09-25,op_romance-dawn_roronoa_zoro_25th_anniversary_op01_001,3,,,,27.0
2026-09-25,op_romance-dawn_roronoa_zoro_25th_anniversary_op01_001,4,,,,32.0
2026-09-25,op_romance-dawn_roronoa_zoro_25th_anniversary_op01_001,5,,,,38.0
2026-09-25,op_romance-dawn_roronoa_zoro_25th_anniversary_op01_001,6,,,,47.58
2026-09-25,op_romance-dawn_roronoa_zoro_25th_anniversary_op01_001,8,,,,44.96
2026-09-25,op_romance-dawn_roronoa_zoro_25th_anniversary_op01_001,9,,,,94.75
2026-09-25,op_romance-dawn_roronoa_zoro_25th_anniversary_op01_001,10,,,,245.75
2026-09-25,op_romance-dawn_roronoa_zoro_alternate_art_op01_025,8,,7,7,206.5
2026-09-25,op_romance-dawn_roronoa_zoro_alternate_art_op01_025,9,,9,9,240.0
2026-09-25,op_romance-dawn_roronoa_zoro_alternate_art_op01_025,10,,75,75,660.99
2026-09-25,op_romance-dawn_sanji_1st_anniversary_op01_013,8,,,,143.75
2026-09-25,op_romance-dawn_sanji_1st_anniversary_op01_013,9,,,,165.0
2026-09-25,op_romance-dawn_sanji_1st_anniversary_op01_013,10,,,,375.0
2026-09-25,op_romance-dawn_shanks_alternate_art_op01_120,8,,2,2,56.5
2026-09-25,op_romance-dawn_shanks_alternate_art_op01_120,9,,3,3,70.0
2026-09-25,op_romance-dawn_shanks_alternate_art_op01_120,10,,67,67,211.56
2026-09-25,op_romance-dawn_shanks_manga_alternate_art_op01_120,2,,,,14.0
2026-09-25,op_romance-dawn_shanks_manga_alternate_art_op01_120,3,,,,15.0
2026-09-25,op_romance-dawn_shanks_manga_alternate_art_op01_120,4,,,,18.0
2026-09-25,op_romance-dawn_shanks_manga_alternate_art_op01_120,5,,,,21.0
2026-09-25,op_romance-dawn_shanks_manga_alternate_art_op01_120,6,,,,26.0
2026-09-25,op_romance-dawn_shanks_manga_alternate_art_op01_120,7,,,,33.0
2026-09-25,op_romance-dawn_shanks_manga_alternate_art_op01_120,8,,,,41.0
2026-09-25,op_romance-dawn_shanks_manga_alternate_art_op01_120,9,,,,1786.86
2026-09-25,op_romance-dawn_shanks_manga_alternate_art_op01_120,10,,,,4775.0
2026-09-25,op_romance-dawn_tony_tonychopper_offline_regionals_finalist_,9,,,,209.5
2026-09-25,op_romance-dawn_tony_tonychopper_offline_regionals_finalist_,10,,,,1786.33
2026-09-25,op_romance-dawn_tony_tonychopper_offline_regionals_op01_015,10,,,,742.5
2026-09-25,op_romance-dawn_trafalgar_law_alternate_art_errata_op01_002,8,,1.0,1.0,280.0
2026-09-25,op_romance-dawn_trafalgar_law_alternate_art_errata_op01_002,9,,,,308.0
2026-09-25,op_romance-dawn_trafalgar_law_alternate_art_errata_op01_002,10,,7.0,7.0,604.5
2026-09-25,op_romance-dawn_trafalgar_law_alternate_art_errata_op01_047,9,,3,3,42.35
2026-09-25,op_romance-dawn_trafalgar_law_alternate_art_errata_op01_047,10,,14,14,200.15
2026-09-25,op_romance-dawn_trafalgar_law_alternate_art_op01_002,8,,2,2,750.0
2026-09-25,op_romance-dawn_trafalgar_law_alternate_art_op01_002,9,,4,4,825.0
2026-09-25,op_romance-dawn_trafalgar_law_alternate_art_op01_002,10,,52,52,990.0
2026-09-25,op_romance-dawn_trafalgar_law_alternate_art_op01_047,2,,,,8.0
2026-09-25,op_romance-dawn_trafalgar_law_alternate_art_op01_047,3,,,,9.0
2026-09-25,op_romance-dawn_trafalgar_law_alternate_art_op01_047,4,,,,11.0
2026-09-25,op_romance-dawn_trafalgar_law_alternate_art_op01_047,5,,,,13.0
2026-09-25,op_romance-dawn_trafalgar_law_alternate_art_op01_047,6,,,,16.53
2026-09-25,op_romance-dawn_trafalgar_law_alternate_art_op01_047,8,,3.0,3.0,140.0
2026-09-25,op_romance-dawn_trafalgar_law_alternate_art_op01_047,9,,3.0,3.0,154.0
2026-09-25,op_romance-dawn_trafalgar_law_alternate_art_op01_047,10,,38.0,38.0,254.44
2026-09-25,op_romance-dawn_trafalgar_law_sp_op01_047,8,,,,41.0
2026-09-25,op_romance-dawn_trafalgar_law_sp_op01_047,9,,,,130.5
2026-09-25,op_romance-dawn_trafalgar_law_sp_op01_047,10,,,,326.4
2026-09-25,op_romance-dawn_usopp_1st_anniversary_op01_004,9,,,,113.5
2026-09-25,op_romance-dawn_usopp_1st_anniversary_op01_004,10,,,,321.14
2026-09-25,op_romance-dawn_yamato_alternate_art_op01_121,9,,8,8,113.11
2026-09-25,op_romance-dawn_yamato_alternate_art_op01_121,10,,123,123,256.45
2026-09-25,op_romance-dawn_yamato_sp_op01_121,9,,,,144.02
2026-09-25,op_romance-dawn_yamato_sp_op01_121,10,,,,306.05
2026-09-25,op_romance-dawn_yamato_top_64_op01_121,8,,,,414.35
2026-09-25,op_romance-dawn_yamato_top_64_op01_121,9,,,,470.0
2026-09-25,op_romance-dawn_yamato_top_64_op01_121,10,,,,3625.0
2026-09-25,op_wings-of-the-captain_o_nami_beginners_deck_party_op06_101,10,,,,881.99
2026-09-25,op_wings-of-the-captain_o_nami_event_op06_101,9,,,,159.5
2026-09-25,op_wings-of-the-captain_o_nami_event_op06_101,10,,,,225.0
2026-09-25,op_wings-of-the-captain_o_nami_sp_op06_101,2,,,,163.0
2026-09-25,op_wings-of-the-captain_o_nami_sp_op06_101,3,,,,181.0
2026-09-25,op_wings-of-the-captain_o_nami_sp_op06_101,4,,,,213.0
2026-09-25,op_wings-of-the-captain_o_nami_sp_op06_101,5,,,,250.0
2026-09-25,op_wings-of-the-captain_o_nami_sp_op06_101,8,,,,307.68
2026-09-25,op_wings-of-the-captain_o_nami_sp_op06_101,9,,,,373.71
2026-09-25,op_wings-of-the-captain_o_nami_sp_op06_101,10,,,,719.26
2026-09-25,op_wings-of-the-captain_perona_alternate_art_op06_021,2,,,,11.0
2026-09-25,op_wings-of-the-captain_perona_alternate_art_op06_021,3,,,,12.0
2026-09-25,op_wings-of-the-captain_perona_alternate_art_op06_021,4,,,,14.0
2026-09-25,op_wings-of-the-captain_perona_alternate_art_op06_021,5,,,,17.0
2026-09-25,op_wings-of-the-captain_perona_alternate_art_op06_021,6,,,,21.0
2026-09-25,op_wings-of-the-captain_perona_alternate_art_op06_021,7,,1.0,1.0,25.8
2026-09-25,op_wings-of-the-captain_perona_alternate_art_op06_021,8,,3.0,3.0,46.0
2026-09-25,op_wings-of-the-captain_perona_alternate_art_op06_021,9,,7.0,7.0,63.73
2026-09-25,op_wings-of-the-captain_perona_alternate_art_op06_021,10,,56.0,56.0,95.5
2026-09-25,op_wings-of-the-captain_perona_top_16_op06_093,10,,,,609.51
2026-09-25,op_wings-of-the-captain_roronoa_zoro_2nd_anniversary_op06_11,2,,,,33.0
2026-09-25,op_wings-of-the-captain_roronoa_zoro_2nd_anniversary_op06_11,3,,,,37.0
2026-09-25,op_wings-of-the-captain_roronoa_zoro_2nd_anniversary_op06_11,4,,,,44.0
2026-09-25,op_wings-of-the-captain_roronoa_zoro_2nd_anniversary_op06_11,5,,,,52.0
2026-09-25,op_wings-of-the-captain_roronoa_zoro_2nd_anniversary_op06_11,6,,,,65.0
2026-09-25,op_wings-of-the-captain_roronoa_zoro_2nd_anniversary_op06_11,7,,,,81.0
2026-09-25,op_wings-of-the-captain_roronoa_zoro_2nd_anniversary_op06_11,8,,,,323.0
2026-09-25,op_wings-of-the-captain_roronoa_zoro_2nd_anniversary_op06_11,9,,,,355.0
2026-09-25,op_wings-of-the-captain_roronoa_zoro_2nd_anniversary_op06_11,10,,,,429.23
2026-09-25,op_wings-of-the-captain_roronoa_zoro_alternate_art_manga_op0,2,,,,300.0
2026-09-25,op_wings-of-the-captain_roronoa_zoro_alternate_art_manga_op0,3,,,,333.0
2026-09-25,op_wings-of-the-captain_roronoa_zoro_alternate_art_manga_op0,4,,,,392.0
2026-09-25,op_wings-of-the-captain_roronoa_zoro_alternate_art_manga_op0,5,,,,461.0
2026-09-25,op_wings-of-the-captain_roronoa_zoro_alternate_art_manga_op0,6,,,,576.0
2026-09-25,op_wings-of-the-captain_roronoa_zoro_alternate_art_manga_op0,7,,,,720.0
2026-09-25,op_wings-of-the-captain_roronoa_zoro_alternate_art_manga_op0,8,,,,900.0
2026-09-25,op_wings-of-the-captain_roronoa_zoro_alternate_art_manga_op0,9,,,,2674.28
2026-09-25,op_wings-of-the-captain_roronoa_zoro_alternate_art_manga_op0,10,,,,4626.39
2026-09-25,op_wings-of-the-captain_roronoa_zoro_alternate_art_op06_118,8,,2,2,98.6
2026-09-25,op_wings-of-the-captain_roronoa_zoro_alternate_art_op06_118,9,,3,3,132.94
2026-09-25,op_wings-of-the-captain_roronoa_zoro_alternate_art_op06_118,10,,69,69,302.5
2026-09-25,op_wings-of-the-captain_roronoa_zoro_pre_release_p_045,9,,,,250.0
2026-09-25,op_wings-of-the-captain_roronoa_zoro_pre_release_p_045,10,,,,823.43
2026-09-25,op_wings-of-the-captain_yamato_alternate_art_op06_022,2,,,,23.0
2026-09-25,op_wings-of-the-captain_yamato_alternate_art_op06_022,3,,,,26.0
2026-09-25,op_wings-of-the-captain_yamato_alternate_art_op06_022,4,,,,31.0
2026-09-25,op_wings-of-the-captain_yamato_alternate_art_op06_022,5,,,,36.0
2026-09-25,op_wings-of-the-captain_yamato_alternate_art_op06_022,6,,,,45.0
2026-09-25,op_wings-of-the-captain_yamato_alternate_art_op06_022,7,,,,56.0
2026-09-25,op_wings-of-the-captain_yamato_alternate_art_op06_022,9,,5.0,5.0,67.5
2026-09-25,op_wings-of-the-captain_yamato_alternate_art_op06_022,10,,61.0,61.0,100.0
2026-09-25,origin_forme_dialga_v_177,2,,,,17.0
2026-09-25,origin_forme_dialga_v_177,3,3.0,,3.0,19.0
2026-09-25,origin_forme_dialga_v_177,4,14.0,1.0,15.0,22.0
2026-09-25,origin_forme_dialga_v_177,5,31.0,2.0,33.0,26.0
2026-09-25,origin_forme_dialga_v_177,6,80.0,7.0,87.0,32.5
2026-09-25,origin_forme_dialga_v_177,7,110.0,25.0,135.0,39.02
2026-09-25,origin_forme_dialga_v_177,8,740.0,122.0,862.0,52.0
2026-09-25,origin_forme_dialga_v_177,9,3901.0,581.0,4482.0,66.9
2026-09-25,origin_forme_dialga_v_177,10,5409.0,658.0,6067.0,199.99
2026-09-25,origin_forme_palkia_v_167,2,2,,2,28.0
2026-09-25,origin_forme_palkia_v_167,3,7,1.0,8,31.0
2026-09-25,origin_forme_palkia_v_167,4,14,,14,37.0
2026-09-25,origin_forme_palkia_v_167,5,53,4.0,57,43.43
2026-09-25,origin_forme_palkia_v_167,6,83,19.0,102,46.0
2026-09-25,origin_forme_palkia_v_167,7,131,28.0,159,57.0
2026-09-25,origin_forme_palkia_v_167,8,891,136.0,1027,68.8
2026-09-25,origin_forme_palkia_v_167,9,3863,504.0,4367,93.9
2026-09-25,origin_forme_palkia_v_167,10,5589,619.0,6208,318.26
2026-09-25,palkia_19,2,,,,11.0
2026-09-25,palkia_19,3,2.0,,2.0,12.0
2026-09-25,palkia_19,4,1.0,,1.0,14.0
2026-09-25,palkia_19,5,3.0,2.0,5.0,16.0
2026-09-25,palkia_19,6,7.0,9.0,16.0,20.24
2026-09-25,palkia_19,7,35.0,13.0,48.0,30.0
2026-09-25,palkia_19,8,65.0,37.0,102.0,75.0
2026-09-25,palkia_19,9,64.0,24.0,88.0,83.0
2026-09-25,palkia_19,10,22.0,4.0,26.0,4613.02
2026-09-25,palkia_ex_100,1,32,,32,244.36
2026-09-25,palkia_ex_100,2,10,,10,101.0
2026-09-25,palkia_ex_100,3,7,1.0,8,112.0
2026-09-25,palkia_ex_100,4,31,4.0,35,131.23
2026-09-25,palkia_ex_100,5,63,6.0,69,260.0
2026-09-25,palkia_ex_100,6,108,8.0,116,282.0
2026-09-25,palkia_ex_100,7,178,20.0,198,352.51
2026-09-25,palkia_ex_100,8,234,31.0,265,481.65
2026-09-25,palkia_ex_100,9,149,15.0,164,1043.76
2026-09-25,palkia_ex_100,10,28,2.0,30,4251.0
2026-09-25,pangoro_82,9,2,,2,11.7
2026-09-25,pangoro_82,10,1,,1,32.99
2026-09-25,paradise_resort_45_promo,8,129,,129,162.5
2026-09-25,paradise_resort_45_promo,9,270,,270,230.75
2026-09-25,paradise_resort_45_promo,10,63,,63,710.0
2026-09-25,patrat_107,2,,,,3.0
2026-09-25,patrat_107,3,,,,3.0
2026-09-25,patrat_107,4,,,,4.0
2026-09-25,patrat_107,5,,,,5.0
2026-09-25,patrat_107,6,,,,6.0
2026-09-25,patrat_107,7,,,,7.5
2026-09-25,patrat_107,9,,,,10.78
2026-09-25,patrat_107,10,,,,31.38
2026-09-25,pawmi_40_promo,2,,,,2.0
2026-09-25,pawmi_40_promo,3,,,,2.0
2026-09-25,pawmi_40_promo,4,,,,2.0
2026-09-25,pawmi_40_promo,5,,,,2.0
2026-09-25,pawmi_40_promo,6,,,,2.25
2026-09-25,pawmi_40_promo,7,,,,5.0
2026-09-25,pawmi_40_promo,8,,,,5.8
2026-09-25,pawmi_40_promo,9,,,,8.31
2026-09-25,pawmi_40_promo,10,,,,122.41
2026-09-25,pecharunt_129_promo,2,,,,3.0
2026-09-25,pecharunt_129_promo,3,,,,3.0
2026-09-25,pecharunt_129_promo,4,11.0,,11.0,3.0
2026-09-25,pecharunt_129_promo,5,13.0,,13.0,3.0
2026-09-25,pecharunt_129_promo,6,30.0,,30.0,4.17
2026-09-25,pecharunt_129_promo,7,27.0,,27.0,8.5
2026-09-25,pecharunt_129_promo,8,187.0,,187.0,13.0
2026-09-25,pecharunt_129_promo,9,1438.0,,1438.0,15.84
2026-09-25,pecharunt_129_promo,10,1277.0,,1277.0,44.41
2026-09-25,pelipper_39,9,1,2,3,10.03
2026-09-25,pelipper_39,10,1,2,3,30.09
2026-09-25,perrin_220,2,,,,27.0
2026-09-25,perrin_220,3,2.0,1.0,3.0,30.0
2026-09-25,perrin_220,4,2.0,1.0,3.0,35.0
2026-09-25,perrin_220,5,6.0,1.0,7.0,41.0
2026-09-25,perrin_220,6,19.0,,19.0,51.0
2026-09-25,perrin_220,7,90.0,6.0,96.0,64.36
2026-09-25,perrin_220,8,502.0,26.0,528.0,140.0
2026-09-25,perrin_220,9,2726.0,86.0,2812.0,163.0
2026-09-25,perrin_220,10,3100.0,201.0,3301.0,307.5
2026-09-25,persian_gx_149,8,20,35,55,10.38
2026-09-25,persian_gx_149,9,88,42,130,17.38
2026-09-25,persian_gx_149,10,117,46,163,66.6
2026-09-25,phantump_16,9,,1.0,1.0,10.04
2026-09-25,phantump_16,10,,,,30.08
2026-09-25,pheromosa_buzzwole_gx_192,1,4.0,,4.0,46.5
2026-09-25,pheromosa_buzzwole_gx_192,2,,,,21.0
2026-09-25,pheromosa_buzzwole_gx_192,3,1.0,,1.0,23.0
2026-09-25,pheromosa_buzzwole_gx_192,4,2.0,,2.0,27.5
2026-09-25,pheromosa_buzzwole_gx_192,5,8.0,1.0,9.0,37.0
2026-09-25,pheromosa_buzzwole_gx_192,6,12.0,,12.0,46.0
2026-09-25,pheromosa_buzzwole_gx_192,7,30.0,9.0,39.0,58.0
2026-09-25,pheromosa_buzzwole_gx_192,8,167.0,32.0,199.0,69.05
2026-09-25,pheromosa_buzzwole_gx_192,9,584.0,48.0,632.0,88.99
2026-09-25,pheromosa_buzzwole_gx_192,10,823.0,56.0,879.0,300.09
2026-09-25,pichu_35_promo,1,14,,14,119.99
2026-09-25,pichu_35_promo,2,7,,7,8.0
2026-09-25,pichu_35_promo,3,5,,5,8.5
2026-09-25,pichu_35_promo,4,30,,30,21.05
2026-09-25,pichu_35_promo,5,105,,105,36.0
2026-09-25,pichu_35_promo,6,238,,238,44.92
2026-09-25,pichu_35_promo,7,544,,544,98.04
2026-09-25,pichu_35_promo,8,1022,,1022,142.75
2026-09-25,pichu_35_promo,9,564,,564,331.3
2026-09-25,pichu_35_promo,10,69,,69,2122.29
2026-09-25,picnicker_114_promo,10,,,,20.5
2026-09-25,pidgeot_8,1,33,1,34,53.33
2026-09-25,pidgeot_8,2,38,2,40,20.0
2026-09-25,pidgeot_8,3,67,23,90,21.76
2026-09-25,pidgeot_8,4,192,67,259,30.38
2026-09-25,pidgeot_8,5,643,138,781,32.35
2026-09-25,pidgeot_8,6,830,238,1068,38.04
2026-09-25,pidgeot_8,7,1123,374,1497,47.84
2026-09-25,pidgeot_8,8,1378,644,2022,95.0
2026-09-25,pidgeot_8,9,730,239,969,165.29
2026-09-25,pidgeot_8,10,46,56,102,1813.32
2026-09-25,pidgey_162,9,3,6,9,10.43
2026-09-25,pidgey_162,10,2,1,3,26.24
2026-09-25,pidove_BW15_promo,2,,,,24.0
2026-09-25,pidove_BW15_promo,3,,,,27.0
2026-09-25,pidove_BW15_promo,4,,,,32.0
2026-09-25,pidove_BW15_promo,5,,,,38.0
2026-09-25,pidove_BW15_promo,6,,,,48.0
2026-09-25,pidove_BW15_promo,7,,,,60.0
2026-09-25,pidove_BW15_promo,8,,,,109.17
2026-09-25,pidove_BW15_promo,9,,,,574.04
2026-09-25,pidove_BW15_promo,10,,,,1386.56
2026-09-25,pikachu_112,1,6,,6,219.95
2026-09-25,pikachu_112,2,2,,2,77.0
2026-09-25,pikachu_112,3,5,1.0,6,85.0
2026-09-25,pikachu_112,4,15,2.0,17,100.0
2026-09-25,pikachu_112,5,30,7.0,37,140.0
2026-09-25,pikachu_112,6,114,14.0,128,167.67
2026-09-25,pikachu_112,7,149,39.0,188,329.62
2026-09-25,pikachu_112,8,203,68.0,271,499.0
2026-09-25,pikachu_112,9,120,14.0,134,1949.24
2026-09-25,pikachu_112,10,11,4.0,15,3299.0
2026-09-25,pikachu_12_promo,1,34,,34,1899.99
2026-09-25,pikachu_12_promo,2,44,,44,374.0
2026-09-25,pikachu_12_promo,3,182,,182,416.0
2026-09-25,pikachu_12_promo,4,491,,491,489.91
2026-09-25,pikachu_12_promo,5,1258,,1258,534.38
2026-09-25,pikachu_12_promo,6,1961,,1961,600.0
2026-09-25,pikachu_12_promo,7,1355,,1355,750.0
2026-09-25,pikachu_12_promo,8,5579,,5579,825.61
2026-09-25,pikachu_12_promo,9,51681,,51681,950.0
2026-09-25,pikachu_12_promo,10,48441,,48441,2690.5
2026-09-25,pikachu_173,2,4,,4,15.0
2026-09-25,pikachu_173,3,7,,7,17.0
2026-09-25,pikachu_173,4,21,,21,20.0
2026-09-25,pikachu_173,5,36,2.0,38,24.0
2026-09-25,pikachu_173,6,167,5.0,172,38.5
2026-09-25,pikachu_173,7,686,31.0,717,53.86
2026-09-25,pikachu_173,8,4939,274.0,5213,75.29
2026-09-25,pikachu_173,9,16456,775.0,17231,99.99
2026-09-25,pikachu_173,10,8663,1000.0,9663,546.08
2026-09-25,pikachu_241,1,7,,7,49.99
2026-09-25,pikachu_241,2,7,1.0,8,38.0
2026-09-25,pikachu_241,3,11,2.0,13,42.0
2026-09-25,pikachu_241,4,45,2.0,47,49.47
2026-09-25,pikachu_241,5,103,9.0,112,58.82
2026-09-25,pikachu_241,6,208,32.0,240,160.63
2026-09-25,pikachu_241,7,471,80.0,551,179.5
2026-09-25,pikachu_241,8,2353,842.0,3195,196.75
2026-09-25,pikachu_241,9,7747,1303.0,9050,285.0
2026-09-25,pikachu_241,10,3690,439.0,4129,2121.59
2026-09-25,pikachu_93,1,7,1.0,8,132.45
2026-09-25,pikachu_93,2,5,,5,51.0
2026-09-25,pikachu_93,3,6,,6,57.0
2026-09-25,pikachu_93,4,16,1.0,17,67.04
2026-09-25,pikachu_93,5,31,12.0,43,140.0
2026-09-25,pikachu_93,6,83,8.0,91,229.1
2026-09-25,pikachu_93,7,183,35.0,218,285.6
2026-09-25,pikachu_93,8,274,96.0,370,520.15
2026-09-25,pikachu_93,9,330,54.0,384,1299.99
2026-09-25,pikachu_93,10,79,23.0,102,12405.0
2026-09-25,pikachu_ex_238,2,5,,5,113.0
2026-09-25,pikachu_ex_238,3,5,,5,125.0
2026-09-25,pikachu_ex_238,4,20,,20,147.0
2026-09-25,pikachu_ex_238,5,54,3.0,57,173.0
2026-09-25,pikachu_ex_238,6,123,9.0,132,216.8
2026-09-25,pikachu_ex_238,7,345,13.0,358,254.77
2026-09-25,pikachu_ex_238,8,3116,117.0,3233,255.0
2026-09-25,pikachu_ex_238,9,14366,308.0,14674,266.0
2026-09-25,pikachu_ex_238,10,9263,610.0,9873,903.05
2026-09-25,pikachu_ex_247,2,,,,23.0
2026-09-25,pikachu_ex_247,3,2.0,,2.0,26.0
2026-09-25,pikachu_ex_247,4,5.0,,5.0,31.0
2026-09-25,pikachu_ex_247,5,27.0,1.0,28.0,37.0
2026-09-25,pikachu_ex_247,6,90.0,1.0,91.0,46.13
2026-09-25,pikachu_ex_247,7,196.0,14.0,210.0,57.0
2026-09-25,pikachu_ex_247,8,1589.0,74.0,1663.0,71.0
2026-09-25,pikachu_ex_247,9,7292.0,197.0,7489.0,90.75
2026-09-25,pikachu_ex_247,10,5416.0,407.0,5823.0,352.53
2026-09-25,pikachu_ex_XY124_promo,1,274,,274,375.0
2026-09-25,pikachu_ex_XY124_promo,2,98,,98,175.55
2026-09-25,pikachu_ex_XY124_promo,3,133,,133,183.43
2026-09-25,pikachu_ex_XY124_promo,4,311,,311,238.44
2026-09-25,pikachu_ex_XY124_promo,5,765,,765,275.21
2026-09-25,pikachu_ex_XY124_promo,6,1302,,1302,360.0
2026-09-25,pikachu_ex_XY124_promo,7,2045,,2045,527.2
2026-09-25,pikachu_ex_XY124_promo,8,1579,,1579,1102.95
2026-09-25,pikachu_ex_XY124_promo,9,598,,598,4183.35
2026-09-25,pikachu_ex_XY124_promo,10,61,,61,19999.0
2026-09-25,pikachu_vmax_188,2,5,,5,43.0
2026-09-25,pikachu_vmax_188,3,12,1.0,13,47.46
2026-09-25,pikachu_vmax_188,4,60,2.0,62,83.0
2026-09-25,pikachu_vmax_188,5,226,11.0,237,98.0
2026-09-25,pikachu_vmax_188,6,568,19.0,587,100.0
2026-09-25,pikachu_vmax_188,7,377,72.0,449,124.95
2026-09-25,pikachu_vmax_188,8,885,396.0,1281,144.92
2026-09-25,pikachu_vmax_188,9,5308,1237.0,6545,163.09
2026-09-25,pikachu_vmax_188,10,11702,1098.0,12800,313.78
2026-09-25,pikachu_zekrom_gx_162,1,5,,5,82.0
2026-09-25,pikachu_zekrom_gx_162,2,1,,1,34.0
2026-09-25,pikachu_zekrom_gx_162,3,2,,2,38.0
2026-09-25,pikachu_zekrom_gx_162,4,7,1.0,8,45.0
2026-09-25,pikachu_zekrom_gx_162,5,9,2.0,11,53.0
2026-09-25,pikachu_zekrom_gx_162,6,18,5.0,23,66.0
2026-09-25,pikachu_zekrom_gx_162,7,47,12.0,59,81.29
2026-09-25,pikachu_zekrom_gx_162,8,167,60.0,227,130.26
2026-09-25,pikachu_zekrom_gx_162,9,578,77.0,655,225.0
2026-09-25,pikachu_zekrom_gx_162,10,922,55.0,977,842.4
2026-09-25,pikachu_zekrom_gx_184,1,2,1.0,3,53.0
2026-09-25,pikachu_zekrom_gx_184,2,1,,1,78.0
2026-09-25,pikachu_zekrom_gx_184,3,1,,1,87.0
2026-09-25,pikachu_zekrom_gx_184,4,7,1.0,8,102.0
2026-09-25,pikachu_zekrom_gx_184,5,11,1.0,12,120.5
2026-09-25,pikachu_zekrom_gx_184,6,16,4.0,20,158.05
2026-09-25,pikachu_zekrom_gx_184,7,25,6.0,31,166.63
2026-09-25,pikachu_zekrom_gx_184,8,207,64.0,271,195.62
2026-09-25,pikachu_zekrom_gx_184,9,625,70.0,695,276.0
2026-09-25,pikachu_zekrom_gx_184,10,702,37.0,739,899.0
2026-09-25,pikachu_zekrom_gx_33,1,3,,3,37.45
2026-09-25,pikachu_zekrom_gx_33,2,2,,2,23.0
2026-09-25,pikachu_zekrom_gx_33,3,11,1.0,12,25.0
2026-09-25,pikachu_zekrom_gx_33,4,22,3.0,25,27.0
2026-09-25,pikachu_zekrom_gx_33,5,69,11.0,80,32.0
2026-09-25,pikachu_zekrom_gx_33,6,131,19.0,150,40.13
2026-09-25,pikachu_zekrom_gx_33,7,242,59.0,301,68.16
2026-09-25,pikachu_zekrom_gx_33,8,1183,298.0,1481,74.13
2026-09-25,pikachu_zekrom_gx_33,9,3910,482.0,4392,100.48
2026-09-25,pikachu_zekrom_gx_33,10,3039,289.0,3328,617.27
2026-09-25,piloswine_H22,1,4.0,,4.0,138.0
2026-09-25,piloswine_H22,2,,,,43.0
2026-09-25,piloswine_H22,3,1.0,,1.0,48.0
2026-09-25,piloswine_H22,4,3.0,,3.0,57.0
2026-09-25,piloswine_H22,5,17.0,3.0,20.0,67.0
2026-09-25,piloswine_H22,6,30.0,3.0,33.0,152.0
2026-09-25,piloswine_H22,7,55.0,4.0,59.0,190.0
2026-09-25,piloswine_H22,8,103.0,27.0,130.0,254.09
2026-09-25,piloswine_H22,9,210.0,25.0,235.0,571.91
2026-09-25,piloswine_H22,10,134.0,38.0,172.0,2084.31
2026-09-25,piplup_27,9,1.0,1.0,2.0,20.0
2026-09-25,piplup_27,10,,,,99.99
2026-09-25,plusle_39,8,,6.0,6.0,35.0
2026-09-25,plusle_39,9,,7.0,7.0,56.83
2026-09-25,plusle_39,10,,,,136.88
2026-09-25,politoed_H23,1,5,,5,119.1
2026-09-25,politoed_H23,2,3,,3,40.0
2026-09-25,politoed_H23,3,6,1.0,7,41.0
2026-09-25,politoed_H23,4,5,2.0,7,48.09
2026-09-25,politoed_H23,5,22,3.0,25,120.0
2026-09-25,politoed_H23,6,44,8.0,52,142.0
2026-09-25,politoed_H23,7,45,5.0,50,177.16
2026-09-25,politoed_H23,8,110,14.0,124,660.0
2026-09-25,politoed_H23,9,230,32.0,262,827.84
2026-09-25,politoed_H23,10,155,42.0,197,6007.14
2026-09-25,politoed_ex_107,1,11,,11,45.0
2026-09-25,politoed_ex_107,2,3,1.0,4,65.0
2026-09-25,politoed_ex_107,3,13,1.0,14,72.0
2026-09-25,politoed_ex_107,4,7,3.0,10,84.92
2026-09-25,politoed_ex_107,5,33,3.0,36,124.08
2026-09-25,politoed_ex_107,6,60,12.0,72,153.88
2026-09-25,politoed_ex_107,7,94,10.0,104,211.0
2026-09-25,politoed_ex_107,8,130,39.0,169,250.0
2026-09-25,politoed_ex_107,9,112,13.0,125,1000.0
2026-09-25,politoed_ex_107,10,35,8.0,43,1584.79
2026-09-25,poliwrath_H24,1,10,,10,392.49
2026-09-25,poliwrath_H24,2,3,1.0,4,108.0
2026-09-25,poliwrath_H24,3,4,1.0,5,116.0
2026-09-25,poliwrath_H24,4,7,1.0,8,136.0
2026-09-25,poliwrath_H24,5,38,3.0,41,160.0
2026-09-25,poliwrath_H24,6,53,6.0,59,207.37
2026-09-25,poliwrath_H24,7,64,10.0,74,360.67
2026-09-25,poliwrath_H24,8,149,23.0,172,1000.0
2026-09-25,poliwrath_H24,9,266,30.0,296,1590.51
2026-09-25,poliwrath_H24,10,135,38.0,173,7250.0
2026-09-25,potion_106,9,,,,10.04
2026-09-25,potion_106,10,,,,30.07
2026-09-25,primal_groudon_ex_97,1,60,1,61,225.0
2026-09-25,primal_groudon_ex_97,2,20,2,22,137.5
2026-09-25,primal_groudon_ex_97,3,28,2,30,155.0
2026-09-25,primal_groudon_ex_97,4,56,3,59,168.75
2026-09-25,primal_groudon_ex_97,5,149,9,158,180.0
2026-09-25,primal_groudon_ex_97,6,266,23,289,242.5
2026-09-25,primal_groudon_ex_97,7,447,57,504,317.5
2026-09-25,primal_groudon_ex_97,8,452,135,587,456.89
2026-09-25,primal_groudon_ex_97,9,741,70,811,729.55
2026-09-25,primal_groudon_ex_97,10,731,46,777,4250.0
2026-09-25,primal_kyogre_ex_149,1,35,1.0,36,168.25
2026-09-25,primal_kyogre_ex_149,2,13,,13,44.0
2026-09-25,primal_kyogre_ex_149,3,16,1.0,17,49.0
2026-09-25,primal_kyogre_ex_149,4,34,1.0,35,57.88
2026-09-25,primal_kyogre_ex_149,5,93,11.0,104,99.17
2026-09-25,primal_kyogre_ex_149,6,213,16.0,229,175.0
2026-09-25,primal_kyogre_ex_149,7,299,54.0,353,213.55
2026-09-25,primal_kyogre_ex_149,8,269,81.0,350,312.5
2026-09-25,primal_kyogre_ex_149,9,119,14.0,133,1258.82
2026-09-25,primal_kyogre_ex_149,10,11,,11,2713.34
2026-09-25,primal_kyogre_ex_96,1,49,1,50,173.74
2026-09-25,primal_kyogre_ex_96,2,26,2,28,124.97
2026-09-25,primal_kyogre_ex_96,3,32,4,36,133.95
2026-09-25,primal_kyogre_ex_96,4,61,1,62,150.09
2026-09-25,primal_kyogre_ex_96,5,156,17,173,207.06
2026-09-25,primal_kyogre_ex_96,6,291,25,316,211.25
2026-09-25,primal_kyogre_ex_96,7,467,66,533,350.0
2026-09-25,primal_kyogre_ex_96,8,575,121,696,400.5
2026-09-25,primal_kyogre_ex_96,9,777,85,862,637.94
2026-09-25,primal_kyogre_ex_96,10,500,28,528,4675.0
2026-09-25,probopass_141,9,,,,10.73
2026-09-25,probopass_141,10,,,,31.22
2026-09-25,professor_birch_82,8,1,1,2,12.5
2026-09-25,professor_birch_82,9,3,4,7,72.7
2026-09-25,professor_birch_82,10,6,25,31,87.0
2026-09-25,professor_juniper_98,9,,1,1,18.13
2026-09-25,professor_juniper_98,10,,1,1,48.55
2026-09-25,psyduck_11,8,7,11,18,21.0
2026-09-25,psyduck_11,9,22,37,59,27.01
2026-09-25,psyduck_11,10,23,20,43,237.4
2026-09-25,psyduck_20_promo,1,4,,4,229.99
2026-09-25,psyduck_20_promo,2,1,,1,9.0
2026-09-25,psyduck_20_promo,3,6,,6,10.0
2026-09-25,psyduck_20_promo,4,8,,8,12.0
2026-09-25,psyduck_20_promo,5,25,,25,14.11
2026-09-25,psyduck_20_promo,6,42,,42,73.5
2026-09-25,psyduck_20_promo,7,66,,66,85.0
2026-09-25,psyduck_20_promo,8,317,,317,147.15
2026-09-25,psyduck_20_promo,9,1307,,1307,200.0
2026-09-25,psyduck_20_promo,10,1102,,1102,850.71
2026-09-25,quilava_24,8,1,4,5,20.0
2026-09-25,quilava_24,9,1,12,13,22.0
2026-09-25,quilava_24,10,1,8,9,26.0
2026-09-25,raging_bolt_111,2,,,,4.0
2026-09-25,raging_bolt_111,3,3.0,,3.0,4.0
2026-09-25,raging_bolt_111,4,2.0,,2.0,5.0
2026-09-25,raging_bolt_111,5,2.0,1.0,3.0,6.0
2026-09-25,raging_bolt_111,6,8.0,,8.0,7.51
2026-09-25,raging_bolt_111,8,28.0,,28.0,13.31
2026-09-25,raging_bolt_111,9,159.0,11.0,170.0,15.0
2026-09-25,raging_bolt_111,10,120.0,21.0,141.0,32.08
2026-09-25,raging_bolt_ex_208,2,1,,1,23.0
2026-09-25,raging_bolt_ex_208,3,5,,5,26.0
2026-09-25,raging_bolt_ex_208,4,13,,13,30.0
2026-09-25,raging_bolt_ex_208,5,17,,17,35.0
2026-09-25,raging_bolt_ex_208,6,35,5.0,40,44.0
2026-09-25,raging_bolt_ex_208,7,78,17.0,95,55.0
2026-09-25,raging_bolt_ex_208,8,715,60.0,775,56.63
2026-09-25,raging_bolt_ex_208,9,4313,160.0,4473,60.5
2026-09-25,raging_bolt_ex_208,10,3832,335.0,4167,223.92
2026-09-25,raichu_14,1,52,2,54,70.5
2026-09-25,raichu_14,2,39,2,41,22.0
2026-09-25,raichu_14,3,104,31,135,24.13
2026-09-25,raichu_14,4,236,70,306,28.0
2026-09-25,raichu_14,5,765,165,930,33.35
2026-09-25,raichu_14,6,1196,273,1469,45.28
2026-09-25,raichu_14,7,1706,486,2192,58.6
2026-09-25,raichu_14,8,2038,922,2960,89.25
2026-09-25,raichu_14,9,878,354,1232,125.0
2026-09-25,raichu_14,10,48,47,95,2001.76
2026-09-25,raichu_H25,1,5.0,,5,170.0
2026-09-25,raichu_H25,2,,1.0,1,68.0
2026-09-25,raichu_H25,3,2.0,1.0,3,76.0
2026-09-25,raichu_H25,4,9.0,,9,89.99
2026-09-25,raichu_H25,5,20.0,3.0,23,159.76
2026-09-25,raichu_H25,6,58.0,3.0,61,420.0
2026-09-25,raichu_H25,7,70.0,8.0,78,457.56
2026-09-25,raichu_H25,8,147.0,24.0,171,670.0
2026-09-25,raichu_H25,9,246.0,21.0,267,778.3
2026-09-25,raichu_H25,10,134.0,36.0,170,6289.86
2026-09-25,raichu_alolan_raichu_gx_221,1,11,1.0,12,220.51
2026-09-25,raichu_alolan_raichu_gx_221,2,5,1.0,6,93.0
2026-09-25,raichu_alolan_raichu_gx_221,3,4,1.0,5,103.0
2026-09-25,raichu_alolan_raichu_gx_221,4,16,,16,121.0
2026-09-25,raichu_alolan_raichu_gx_221,5,23,2.0,25,142.5
2026-09-25,raichu_alolan_raichu_gx_221,6,38,6.0,44,150.0
2026-09-25,raichu_alolan_raichu_gx_221,7,97,8.0,105,330.0
2026-09-25,raichu_alolan_raichu_gx_221,8,453,89.0,542,344.39
2026-09-25,raichu_alolan_raichu_gx_221,9,1612,159.0,1771,500.0
2026-09-25,raichu_alolan_raichu_gx_221,10,1547,114.0,1661,2795.0
2026-09-25,raichu_alolan_raichu_gx_241,2,1,,1,32.0
2026-09-25,raichu_alolan_raichu_gx_241,3,3,,3,36.0
2026-09-25,raichu_alolan_raichu_gx_241,4,4,,4,42.0
2026-09-25,raichu_alolan_raichu_gx_241,5,3,1.0,4,48.98
2026-09-25,raichu_alolan_raichu_gx_241,6,19,4.0,23,56.0
2026-09-25,raichu_alolan_raichu_gx_241,7,40,8.0,48,70.57
2026-09-25,raichu_alolan_raichu_gx_241,8,190,76.0,266,114.67
2026-09-25,raichu_alolan_raichu_gx_241,9,394,55.0,449,191.75
2026-09-25,raichu_alolan_raichu_gx_241,10,346,20.0,366,555.0
2026-09-25,raichu_ex_97,1,4,,4,60.27
2026-09-25,raichu_ex_97,2,3,,3,52.0
2026-09-25,raichu_ex_97,3,5,,5,58.0
2026-09-25,raichu_ex_97,4,15,3.0,18,68.06
2026-09-25,raichu_ex_97,5,31,9.0,40,124.0
2026-09-25,raichu_ex_97,6,49,8.0,57,161.25
2026-09-25,raichu_ex_97,7,75,20.0,95,251.25
2026-09-25,raichu_ex_97,8,136,29.0,165,258.08
2026-09-25,raichu_ex_97,9,160,35.0,195,488.29
2026-09-25,raichu_ex_97,10,27,13.0,40,8182.5
2026-09-25,raikou_13,1,22,,22,115.16
2026-09-25,raikou_13,2,20,,20,44.0
2026-09-25,raikou_13,3,42,4.0,46,49.0
2026-09-25,raikou_13,4,102,17.0,119,57.32
2026-09-25,raikou_13,5,237,46.0,283,104.73
2026-09-25,raikou_13,6,319,77.0,396,152.89
2026-09-25,raikou_13,7,476,117.0,593,229.55
2026-09-25,raikou_13,8,670,195.0,865,306.0
2026-09-25,raikou_13,9,297,63.0,360,497.41
2026-09-25,raikou_13,10,16,7.0,23,3103.78
2026-09-25,raikou_28,2,,,,24.0
2026-09-25,raikou_28,3,,,,27.0
2026-09-25,raikou_28,4,4.0,,4.0,31.99
2026-09-25,raikou_28,5,6.0,4.0,10.0,40.0
2026-09-25,raikou_28,6,6.0,2.0,8.0,50.09
2026-09-25,raikou_28,7,8.0,6.0,14.0,57.85
2026-09-25,raikou_28,8,31.0,20.0,51.0,80.5
2026-09-25,raikou_28,9,100.0,27.0,127.0,96.0
2026-09-25,raikou_28,10,108.0,36.0,144.0,349.35
2026-09-25,raikou_H26,1,17,1.0,18,202.57
2026-09-25,raikou_H26,2,4,,4,149.0
2026-09-25,raikou_H26,3,15,2.0,17,166.0
2026-09-25,raikou_H26,4,18,5.0,23,195.0
2026-09-25,raikou_H26,5,37,7.0,44,229.52
2026-09-25,raikou_H26,6,64,6.0,70,417.0
2026-09-25,raikou_H26,7,77,9.0,86,520.71
2026-09-25,raikou_H26,8,141,33.0,174,972.65
2026-09-25,raikou_H26,9,314,26.0,340,1645.27
2026-09-25,raikou_H26,10,157,48.0,205,6432.21
2026-09-25,rain_castform_23,2,,,,5.0
2026-09-25,rain_castform_23,3,,,,5.0
2026-09-25,rain_castform_23,4,,1.0,1.0,6.0
2026-09-25,rain_castform_23,5,,1.0,1.0,7.0
2026-09-25,rain_castform_23,6,,1.0,1.0,8.32
2026-09-25,rain_castform_23,7,,7.0,7.0,9.0
2026-09-25,rain_castform_23,8,6.0,13.0,19.0,11.66
2026-09-25,rain_castform_23,9,13.0,5.0,18.0,20.25
2026-09-25,rain_castform_23,10,9.0,9.0,18.0,29.99
2026-09-25,rainbow_brush_182,2,,,,5.0
2026-09-25,rainbow_brush_182,3,,,,6.0
2026-09-25,rainbow_brush_182,4,,,,7.0
2026-09-25,rainbow_brush_182,5,2.0,,2.0,8.0
2026-09-25,rainbow_brush_182,6,,,,10.0
2026-09-25,rainbow_brush_182,7,2.0,1.0,3.0,12.0
2026-09-25,rainbow_brush_182,8,10.0,2.0,12.0,14.57
2026-09-25,rainbow_brush_182,9,24.0,8.0,32.0,30.0
2026-09-25,rainbow_brush_182,10,43.0,5.0,48.0,54.99
2026-09-25,ralts_59,9,,,,17.57
2026-09-25,ralts_59,10,,,,45.95
2026-09-25,rapid_strike_urshifu_vmax_170,2,1,,1,22.0
2026-09-25,rapid_strike_urshifu_vmax_170,3,3,,3,24.0
2026-09-25,rapid_strike_urshifu_vmax_170,4,6,,6,28.0
2026-09-25,rapid_strike_urshifu_vmax_170,5,19,5.0,24,33.0
2026-09-25,rapid_strike_urshifu_vmax_170,6,24,7.0,31,41.0
2026-09-25,rapid_strike_urshifu_vmax_170,7,32,9.0,41,51.0
2026-09-25,rapid_strike_urshifu_vmax_170,8,144,83.0,227,59.99
2026-09-25,rapid_strike_urshifu_vmax_170,9,1259,375.0,1634,67.39
2026-09-25,rapid_strike_urshifu_vmax_170,10,2899,460.0,3359,159.04
2026-09-25,rapidash_51_promo,2,3,,3,11.0
2026-09-25,rapidash_51_promo,3,4,,4,12.0
2026-09-25,rapidash_51_promo,4,15,,15,14.5
2026-09-25,rapidash_51_promo,5,31,,31,15.5
2026-09-25,rapidash_51_promo,6,27,,27,44.5
2026-09-25,rapidash_51_promo,7,24,,24,70.47
2026-09-25,rapidash_51_promo,8,35,,35,73.86
2026-09-25,rapidash_51_promo,9,43,,43,130.0
2026-09-25,rapidash_51_promo,10,31,,31,430.0
2026-09-25,rare_candy_105,2,,,,29.0
2026-09-25,rare_candy_105,3,1.0,1.0,2.0,32.0
2026-09-25,rare_candy_105,4,1.0,,1.0,38.0
2026-09-25,rare_candy_105,5,9.0,1.0,10.0,45.0
2026-09-25,rare_candy_105,6,11.0,2.0,13.0,107.1
2026-09-25,rare_candy_105,7,27.0,6.0,33.0,154.57
2026-09-25,rare_candy_105,8,41.0,15.0,56.0,182.5
2026-09-25,rare_candy_105,9,73.0,3.0,76.0,200.0
2026-09-25,rare_candy_105,10,24.0,,24.0,629.0
2026-09-25,rayquaza_13,1,36,1.0,37,116.12
2026-09-25,rayquaza_13,2,15,,15,36.0
2026-09-25,rayquaza_13,3,23,4.0,27,78.94
2026-09-25,rayquaza_13,4,41,8.0,49,88.0
2026-09-25,rayquaza_13,5,64,8.0,72,201.0
2026-09-25,rayquaza_13,6,88,19.0,107,246.25
2026-09-25,rayquaza_13,7,147,30.0,177,324.63
2026-09-25,rayquaza_13,8,243,61.0,304,503.35
2026-09-25,rayquaza_13,9,295,43.0,338,1206.37
2026-09-25,rayquaza_13,10,82,23.0,105,7859.89
2026-09-25,rayquaza_16,1,48,1,49,251.43
2026-09-25,rayquaza_16,2,16,2,18,179.0
2026-09-25,rayquaza_16,3,26,1,27,199.02
2026-09-25,rayquaza_16,4,40,9,49,200.0
2026-09-25,rayquaza_16,5,102,20,122,218.91
2026-09-25,rayquaza_16,6,159,31,190,305.53
2026-09-25,rayquaza_16,7,224,53,277,414.81
2026-09-25,rayquaza_16,8,334,100,434,684.14
2026-09-25,rayquaza_16,9,386,55,441,1400.5
2026-09-25,rayquaza_16,10,81,29,110,10761.6
2026-09-25,rayquaza_9,1,10,,10,207.29
2026-09-25,rayquaza_9,2,4,,4,88.0
2026-09-25,rayquaza_9,3,6,2.0,8,97.5
2026-09-25,rayquaza_9,4,18,2.0,20,132.5
2026-09-25,rayquaza_9,5,36,6.0,42,142.84
2026-09-25,rayquaza_9,6,100,16.0,116,318.75
2026-09-25,rayquaza_9,7,159,28.0,187,332.78
2026-09-25,rayquaza_9,8,320,92.0,412,687.89
2026-09-25,rayquaza_9,9,283,76.0,359,1249.5
2026-09-25,rayquaza_9,10,61,39.0,100,6300.0
2026-09-25,rayquaza_ex_102,1,45,2,47,326.09
2026-09-25,rayquaza_ex_102,2,15,2,17,131.0
2026-09-25,rayquaza_ex_102,3,39,10,49,145.0
2026-09-25,rayquaza_ex_102,4,52,9,61,170.03
2026-09-25,rayquaza_ex_102,5,109,22,131,459.76
2026-09-25,rayquaza_ex_102,6,168,31,199,492.5
2026-09-25,rayquaza_ex_102,7,238,38,276,839.63
2026-09-25,rayquaza_ex_102,8,287,73,360,1549.14
2026-09-25,rayquaza_ex_102,9,234,32,266,3837.97
2026-09-25,rayquaza_ex_102,10,41,24,65,9118.08
2026-09-25,rayquaza_ex_104,1,48,,48,111.5
2026-09-25,rayquaza_ex_104,2,9,1.0,10,59.0
2026-09-25,rayquaza_ex_104,3,14,1.0,15,66.0
2026-09-25,rayquaza_ex_104,4,36,8.0,44,78.0
2026-09-25,rayquaza_ex_104,5,119,15.0,134,92.0
2026-09-25,rayquaza_ex_104,6,285,24.0,309,170.0
2026-09-25,rayquaza_ex_104,7,471,81.0,552,220.83
2026-09-25,rayquaza_ex_104,8,478,158.0,636,343.98
2026-09-25,rayquaza_ex_104,9,298,24.0,322,1299.75
2026-09-25,rayquaza_ex_104,10,35,3.0,38,7199.98
2026-09-25,rayquaza_ex_39_promo,1,65,,65,104.88
2026-09-25,rayquaza_ex_39_promo,2,24,,24,32.0
2026-09-25,rayquaza_ex_39_promo,3,73,,73,35.0
2026-09-25,rayquaza_ex_39_promo,4,162,,162,69.0
2026-09-25,rayquaza_ex_39_promo,5,316,,316,97.19
2026-09-25,rayquaza_ex_39_promo,6,315,,315,119.9
2026-09-25,rayquaza_ex_39_promo,7,250,,250,199.99
2026-09-25,rayquaza_ex_39_promo,8,302,,302,840.0
2026-09-25,rayquaza_ex_39_promo,9,163,,163,2488.89
2026-09-25,rayquaza_ex_39_promo,10,8,,8,28754.15
2026-09-25,rayquaza_ex_97,1,53,2,55,259.25
2026-09-25,rayquaza_ex_97,2,18,3,21,90.0
2026-09-25,rayquaza_ex_97,3,29,3,32,100.0
2026-09-25,rayquaza_ex_97,4,52,11,63,168.0
2026-09-25,rayquaza_ex_97,5,92,21,113,197.75
2026-09-25,rayquaza_ex_97,6,142,28,170,414.1
2026-09-25,rayquaza_ex_97,7,155,35,190,518.75
2026-09-25,rayquaza_ex_97,8,281,71,352,826.62
2026-09-25,rayquaza_ex_97,9,274,38,312,2652.75
2026-09-25,rayquaza_ex_97,10,63,11,74,14656.5
2026-09-25,rayquaza_gx_160,2,1,,1,18.0
2026-09-25,rayquaza_gx_160,3,1,,1,20.0
2026-09-25,rayquaza_gx_160,4,6,1.0,7,29.0
2026-09-25,rayquaza_gx_160,5,7,3.0,10,34.0
2026-09-25,rayquaza_gx_160,6,20,3.0,23,43.0
2026-09-25,rayquaza_gx_160,7,23,13.0,36,53.77
2026-09-25,rayquaza_gx_160,8,156,40.0,196,125.94
2026-09-25,rayquaza_gx_160,9,470,56.0,526,235.0
2026-09-25,rayquaza_gx_160,10,547,32.0,579,1227.25
2026-09-25,rayquaza_gx_177,1,2,,2,149.99
2026-09-25,rayquaza_gx_177,2,3,,3,37.0
2026-09-25,rayquaza_gx_177,3,2,1.0,3,41.0
2026-09-25,rayquaza_gx_177,4,4,1.0,5,48.0
2026-09-25,rayquaza_gx_177,5,20,2.0,22,57.0
2026-09-25,rayquaza_gx_177,6,21,5.0,26,106.0
2026-09-25,rayquaza_gx_177,7,47,11.0,58,132.28
2026-09-25,rayquaza_gx_177,8,231,47.0,278,290.0
2026-09-25,rayquaza_gx_177,9,605,42.0,647,374.05
2026-09-25,rayquaza_gx_177,10,539,17.0,556,2550.0
2026-09-25,rayquaza_v_194,1,15,,15,399.99
2026-09-25,rayquaza_v_194,2,10,,10,92.0
2026-09-25,rayquaza_v_194,3,15,,15,102.0
2026-09-25,rayquaza_v_194,4,29,3.0,32,119.99
2026-09-25,rayquaza_v_194,5,78,8.0,86,173.3
2026-09-25,rayquaza_v_194,6,297,19.0,316,275.0
2026-09-25,rayquaza_v_194,7,471,50.0,521,308.0
2026-09-25,rayquaza_v_194,8,1790,317.0,2107,385.25
2026-09-25,rayquaza_v_194,9,6033,796.0,6829,477.5
2026-09-25,rayquaza_v_194,10,9219,841.0,10060,1243.52
2026-09-25,rayquaza_vmax_217,2,3,1.0,4,8.0
2026-09-25,rayquaza_vmax_217,3,3,,3,9.0
2026-09-25,rayquaza_vmax_217,4,12,1.0,13,10.0
2026-09-25,rayquaza_vmax_217,5,19,5.0,24,11.5
2026-09-25,rayquaza_vmax_217,6,57,8.0,65,27.24
2026-09-25,rayquaza_vmax_217,7,73,8.0,81,39.05
2026-09-25,rayquaza_vmax_217,8,234,84.0,318,71.88
2026-09-25,rayquaza_vmax_217,9,1065,231.0,1296,111.25
2026-09-25,rayquaza_vmax_217,10,4334,469.0,4803,313.49
2026-09-25,rayquaza_vmax_218,1,20,,20,739.66
2026-09-25,rayquaza_vmax_218,2,13,,13,162.0
2026-09-25,rayquaza_vmax_218,3,27,,27,180.0
2026-09-25,rayquaza_vmax_218,4,61,5.0,66,212.0
2026-09-25,rayquaza_vmax_218,5,124,11.0,135,249.0
2026-09-25,rayquaza_vmax_218,6,203,24.0,227,638.76
2026-09-25,rayquaza_vmax_218,7,320,46.0,366,860.0
2026-09-25,rayquaza_vmax_218,8,1166,231.0,1397,874.5
2026-09-25,rayquaza_vmax_218,9,4634,582.0,5216,1118.49
2026-09-25,rayquaza_vmax_218,10,14492,1164.0,15656,2297.78
2026-09-25,react_energy_82,9,3,5,8,26.74
2026-09-25,react_energy_82,10,5,19,24,76.0
2026-09-25,recycle_61,1,,,,21.49
2026-09-25,recycle_61,2,,2.0,2.0,6.0
2026-09-25,recycle_61,3,,5.0,5.0,6.72
2026-09-25,recycle_61,4,,7.0,7.0,7.0
2026-09-25,recycle_61,5,,38.0,38.0,8.0
2026-09-25,recycle_61,6,,68.0,68.0,9.99
2026-09-25,recycle_61,7,,129.0,129.0,14.0
2026-09-25,recycle_61,8,4.0,250.0,254.0,16.22
2026-09-25,recycle_61,9,15.0,129.0,144.0,18.0
2026-09-25,recycle_61,10,7.0,64.0,71.0,70.5
2026-09-25,red_blue_234,2,1,,1,32.0
2026-09-25,red_blue_234,3,3,,3,35.0
2026-09-25,red_blue_234,4,8,2.0,10,41.0
2026-09-25,red_blue_234,5,16,3.0,19,48.0
2026-09-25,red_blue_234,6,35,5.0,40,60.0
2026-09-25,red_blue_234,7,51,11.0,62,62.7
2026-09-25,red_blue_234,8,216,76.0,292,151.14
2026-09-25,red_blue_234,9,862,120.0,982,228.07
2026-09-25,red_blue_234,10,1176,77.0,1253,529.0
2026-09-25,regice_24,2,,,,1.0
2026-09-25,regice_24,3,,,,1.0
2026-09-25,regice_24,4,,,,1.0
2026-09-25,regice_24,5,,1.0,1.0,1.0
2026-09-25,regice_24,6,,1.0,1.0,1.0
2026-09-25,regice_24,7,1.0,3.0,4.0,0.82
2026-09-25,regice_24,8,1.0,8.0,9.0,20.12
2026-09-25,regice_24,9,5.0,13.0,18.0,22.0
2026-09-25,regice_24,10,1.0,3.0,4.0,26.61
2026-09-25,regice_ex_98,1,12,,12,129.62
2026-09-25,regice_ex_98,2,2,,2,23.0
2026-09-25,regice_ex_98,3,5,2.0,7,26.0
2026-09-25,regice_ex_98,4,11,2.0,13,31.0
2026-09-25,regice_ex_98,5,26,3.0,29,96.0
2026-09-25,regice_ex_98,6,35,8.0,43,119.7
2026-09-25,regice_ex_98,7,72,14.0,86,169.98
2026-09-25,regice_ex_98,8,130,35.0,165,299.99
2026-09-25,regice_ex_98,9,164,27.0,191,509.57
2026-09-25,regice_ex_98,10,29,9.0,38,2851.04
2026-09-25,regirock_ex_99,1,6,1,7,115.5
2026-09-25,regirock_ex_99,2,4,1,5,23.0
2026-09-25,regirock_ex_99,3,2,1,3,26.0
2026-09-25,regirock_ex_99,4,9,1,10,31.04
2026-09-25,regirock_ex_99,5,20,7,27,79.49
2026-09-25,regirock_ex_99,6,35,7,42,119.97
2026-09-25,regirock_ex_99,7,44,10,54,160.0
2026-09-25,regirock_ex_99,8,112,36,148,300.0
2026-09-25,regirock_ex_99,9,143,36,179,454.98
2026-09-25,regirock_ex_99,10,31,9,40,1828.83
2026-09-25,registeel_ex_100,1,9,,9,129.47
2026-09-25,registeel_ex_100,2,3,,3,25.34
2026-09-25,registeel_ex_100,3,3,1.0,4,56.0
2026-09-25,registeel_ex_100,4,17,2.0,19,66.0
2026-09-25,registeel_ex_100,5,28,5.0,33,69.0
2026-09-25,registeel_ex_100,6,54,4.0,58,86.6
2026-09-25,registeel_ex_100,7,67,15.0,82,160.09
2026-09-25,registeel_ex_100,8,145,38.0,183,235.77
2026-09-25,registeel_ex_100,9,134,24.0,158,435.0
2026-09-25,registeel_ex_100,10,27,11.0,38,3289.01
2026-09-25,reshiram_RC22,1,,1,1,119.0
2026-09-25,reshiram_RC22,2,,3,3,57.0
2026-09-25,reshiram_RC22,3,,5,5,63.0
2026-09-25,reshiram_RC22,4,,15,15,74.09
2026-09-25,reshiram_RC22,5,,35,35,83.04
2026-09-25,reshiram_RC22,6,,63,63,85.02
2026-09-25,reshiram_RC22,7,,139,139,151.25
2026-09-25,reshiram_RC22,8,,442,442,211.97
2026-09-25,reshiram_RC22,9,,192,192,673.0
2026-09-25,reshiram_RC22,10,,22,22,11290.96
2026-09-25,reshiram_charizard_gx_194,1,1.0,,1.0,145.5
2026-09-25,reshiram_charizard_gx_194,2,,,,23.0
2026-09-25,reshiram_charizard_gx_194,3,3.0,,3.0,26.0
2026-09-25,reshiram_charizard_gx_194,4,11.0,4.0,15.0,31.0
2026-09-25,reshiram_charizard_gx_194,5,26.0,7.0,33.0,37.0
2026-09-25,reshiram_charizard_gx_194,6,76.0,10.0,86.0,46.0
2026-09-25,reshiram_charizard_gx_194,7,173.0,19.0,192.0,54.2
2026-09-25,reshiram_charizard_gx_194,8,440.0,120.0,560.0,77.11
2026-09-25,reshiram_charizard_gx_194,9,1289.0,163.0,1452.0,127.43
2026-09-25,reshiram_charizard_gx_194,10,1526.0,113.0,1639.0,506.66
2026-09-25,reshiram_charizard_gx_217,2,3,,3,32.0
2026-09-25,reshiram_charizard_gx_217,3,9,2.0,11,35.0
2026-09-25,reshiram_charizard_gx_217,4,8,2.0,10,41.0
2026-09-25,reshiram_charizard_gx_217,5,24,3.0,27,48.0
2026-09-25,reshiram_charizard_gx_217,6,45,9.0,54,60.5
2026-09-25,reshiram_charizard_gx_217,7,114,16.0,130,112.5
2026-09-25,reshiram_charizard_gx_217,8,619,98.0,717,156.99
2026-09-25,reshiram_charizard_gx_217,9,1556,180.0,1736,204.44
2026-09-25,reshiram_charizard_gx_217,10,1612,73.0,1685,674.09
2026-09-25,reshiram_zekrom_gx_157,1,11,1.0,12,104.46
2026-09-25,reshiram_zekrom_gx_157,2,5,,5,16.0
2026-09-25,reshiram_zekrom_gx_157,3,12,,12,18.0
2026-09-25,reshiram_zekrom_gx_157,4,21,2.0,23,21.0
2026-09-25,reshiram_zekrom_gx_157,5,47,4.0,51,25.26
2026-09-25,reshiram_zekrom_gx_157,6,138,11.0,149,47.0
2026-09-25,reshiram_zekrom_gx_157,7,242,37.0,279,59.0
2026-09-25,reshiram_zekrom_gx_157,8,1077,212.0,1289,73.4
2026-09-25,reshiram_zekrom_gx_157,9,2430,301.0,2731,124.08
2026-09-25,reshiram_zekrom_gx_157,10,1876,147.0,2023,746.96
2026-09-25,reshiram_zekrom_gx_222,1,10,,10,224.99
2026-09-25,reshiram_zekrom_gx_222,2,3,,3,124.0
2026-09-25,reshiram_zekrom_gx_222,3,6,1.0,7,138.0
2026-09-25,reshiram_zekrom_gx_222,4,19,,19,162.0
2026-09-25,reshiram_zekrom_gx_222,5,31,2.0,33,191.0
2026-09-25,reshiram_zekrom_gx_222,6,52,8.0,60,239.0
2026-09-25,reshiram_zekrom_gx_222,7,125,14.0,139,299.0
2026-09-25,reshiram_zekrom_gx_222,8,682,92.0,774,334.94
2026-09-25,reshiram_zekrom_gx_222,9,1629,163.0,1792,489.89
2026-09-25,reshiram_zekrom_gx_222,10,1164,70.0,1234,2606.11
2026-09-25,rhydon_H27,1,6,,6,129.0
2026-09-25,rhydon_H27,2,1,,1,25.77
2026-09-25,rhydon_H27,3,6,1.0,7,66.32
2026-09-25,rhydon_H27,4,8,3.0,11,106.42
2026-09-25,rhydon_H27,5,23,4.0,27,147.5
2026-09-25,rhydon_H27,6,34,3.0,37,275.0
2026-09-25,rhydon_H27,7,55,6.0,61,323.0
2026-09-25,rhydon_H27,8,122,20.0,142,406.53
2026-09-25,rhydon_H27,9,229,17.0,246,569.31
2026-09-25,rhydon_H27,10,181,46.0,227,1953.22
2026-09-25,rosa_236,2,1,,1,74.0
2026-09-25,rosa_236,3,3,,3,82.0
2026-09-25,rosa_236,4,9,2.0,11,97.0
2026-09-25,rosa_236,5,20,1.0,21,114.0
2026-09-25,rosa_236,6,30,3.0,33,143.0
2026-09-25,rosa_236,7,67,10.0,77,179.0
2026-09-25,rosa_236,8,308,103.0,411,223.66
2026-09-25,rosa_236,9,992,151.0,1143,239.13
2026-09-25,rosa_236,10,1435,119.0,1554,472.5
2026-09-25,rowlet_17,9,,,,13.94
2026-09-25,rowlet_17,10,,1.0,1.0,36.55
2026-09-25,rowlet_alolan_exeggutor_gx_214,2,1.0,,1.0,4.0
2026-09-25,rowlet_alolan_exeggutor_gx_214,3,,,,4.0
2026-09-25,rowlet_alolan_exeggutor_gx_214,4,1.0,,1.0,5.0
2026-09-25,rowlet_alolan_exeggutor_gx_214,5,4.0,,4.0,6.0
2026-09-25,rowlet_alolan_exeggutor_gx_214,6,4.0,2.0,6.0,8.0
2026-09-25,rowlet_alolan_exeggutor_gx_214,7,13.0,3.0,16.0,10.0
2026-09-25,rowlet_alolan_exeggutor_gx_214,8,47.0,24.0,71.0,19.8
2026-09-25,rowlet_alolan_exeggutor_gx_214,9,189.0,34.0,223.0,49.99
2026-09-25,rowlet_alolan_exeggutor_gx_214,10,229.0,17.0,246.0,193.59
2026-09-25,rowlet_alolan_exeggutor_gx_215,1,4.0,,4.0,99.99
2026-09-25,rowlet_alolan_exeggutor_gx_215,2,,,,23.0
2026-09-25,rowlet_alolan_exeggutor_gx_215,3,,,,26.0
2026-09-25,rowlet_alolan_exeggutor_gx_215,4,3.0,,3.0,30.0
2026-09-25,rowlet_alolan_exeggutor_gx_215,5,12.0,,12.0,35.0
2026-09-25,rowlet_alolan_exeggutor_gx_215,6,15.0,1.0,16.0,71.01
2026-09-25,rowlet_alolan_exeggutor_gx_215,7,32.0,10.0,42.0,81.0
2026-09-25,rowlet_alolan_exeggutor_gx_215,8,249.0,56.0,305.0,115.34
2026-09-25,rowlet_alolan_exeggutor_gx_215,9,958.0,79.0,1037.0,145.39
2026-09-25,rowlet_alolan_exeggutor_gx_215,10,852.0,77.0,929.0,872.12
2026-09-25,rufflet_92,9,,,,11.27
2026-09-25,rufflet_92,10,,1.0,1.0,32.32
2026-09-25,sabrina_20,1,5,,5,75.0
2026-09-25,sabrina_20,2,4,,4,20.0
2026-09-25,sabrina_20,3,4,2.0,6,22.0
2026-09-25,sabrina_20,4,21,7.0,28,25.95
2026-09-25,sabrina_20,5,82,21.0,103,45.98
2026-09-25,sabrina_20,6,103,28.0,131,51.35
2026-09-25,sabrina_20,7,158,58.0,216,76.5
2026-09-25,sabrina_20,8,389,157.0,546,84.48
2026-09-25,sabrina_20,9,555,94.0,649,106.13
2026-09-25,sabrina_20,10,138,60.0,198,461.77
2026-09-25,salamence_ex_103,1,20,1,21,83.31
2026-09-25,salamence_ex_103,2,8,2,10,30.0
2026-09-25,salamence_ex_103,3,17,5,22,33.0
2026-09-25,salamence_ex_103,4,19,1,20,93.01
2026-09-25,salamence_ex_103,5,40,10,50,130.4
2026-09-25,salamence_ex_103,6,60,13,73,205.0
2026-09-25,salamence_ex_103,7,106,23,129,214.79
2026-09-25,salamence_ex_103,8,158,54,212,439.66
2026-09-25,salamence_ex_103,9,175,19,194,1044.05
2026-09-25,salamence_ex_103,10,41,10,51,10200.0
2026-09-25,salamence_ex_187,1,1,,1,74.13
2026-09-25,salamence_ex_187,2,2,,2,21.0
2026-09-25,salamence_ex_187,3,1,,1,23.0
2026-09-25,salamence_ex_187,4,12,1.0,13,27.0
2026-09-25,salamence_ex_187,5,21,3.0,24,32.0
2026-09-25,salamence_ex_187,6,77,5.0,82,40.0
2026-09-25,salamence_ex_187,7,240,10.0,250,50.64
2026-09-25,salamence_ex_187,8,1460,90.0,1550,56.86
2026-09-25,salamence_ex_187,9,6501,200.0,6701,63.0
2026-09-25,salamence_ex_187,10,3883,367.0,4250,240.0
2026-09-25,salamence_ex_96,1,49,,49,115.0
2026-09-25,salamence_ex_96,2,7,4.0,11,51.0
2026-09-25,salamence_ex_96,3,30,,30,77.0
2026-09-25,salamence_ex_96,4,51,12.0,63,95.5
2026-09-25,salamence_ex_96,5,82,15.0,97,103.5
2026-09-25,salamence_ex_96,6,117,24.0,141,134.5
2026-09-25,salamence_ex_96,7,207,40.0,247,250.0
2026-09-25,salamence_ex_96,8,320,83.0,403,274.22
2026-09-25,salamence_ex_96,9,357,51.0,408,570.14
2026-09-25,salamence_ex_96,10,81,18.0,99,5647.5
2026-09-25,salamence_ex_98,1,37,2,39,128.83
2026-09-25,salamence_ex_98,2,11,2,13,54.99
2026-09-25,salamence_ex_98,3,21,3,24,100.2
2026-09-25,salamence_ex_98,4,28,11,39,115.0
2026-09-25,salamence_ex_98,5,67,18,85,185.0
2026-09-25,salamence_ex_98,6,102,19,121,212.5
2026-09-25,salamence_ex_98,7,163,30,193,299.99
2026-09-25,salamence_ex_98,8,242,55,297,375.0
2026-09-25,salamence_ex_98,9,196,40,236,1056.18
2026-09-25,salamence_ex_98,10,41,12,53,7378.88
2026-09-25,sandshrew_27,9,3,2,5,10.44
2026-09-25,sandshrew_27,10,3,4,7,30.97
2026-09-25,sandslash_42,9,3.0,2.0,5.0,16.5
2026-09-25,sandslash_42,10,,,,81.6
2026-09-25,sawsbuck_16,9,5,6,11,9.99
2026-09-25,sawsbuck_16,10,2,1,3,38.99
2026-09-25,sceptile_ex_96,1,17,1.0,18,146.35
2026-09-25,sceptile_ex_96,2,4,,4,34.0
2026-09-25,sceptile_ex_96,3,6,1.0,7,38.0
2026-09-25,sceptile_ex_96,4,19,5.0,24,45.0
2026-09-25,sceptile_ex_96,5,38,10.0,48,139.16
2026-09-25,sceptile_ex_96,6,57,18.0,75,139.99
2026-09-25,sceptile_ex_96,7,96,23.0,119,204.62
2026-09-25,sceptile_ex_96,8,155,48.0,203,330.46
2026-09-25,sceptile_ex_96,9,142,22.0,164,555.39
2026-09-25,sceptile_ex_96,10,33,10.0,43,4057.0
2026-09-25,scizor_32,2,,,,9.0
2026-09-25,scizor_32,3,,,,10.0
2026-09-25,scizor_32,4,2.0,1.0,3.0,11.98
2026-09-25,scizor_32,5,5.0,,5.0,24.99
2026-09-25,scizor_32,6,6.0,2.0,8.0,27.99
2026-09-25,scizor_32,7,6.0,5.0,11.0,38.0
2026-09-25,scizor_32,8,22.0,16.0,38.0,47.9
2026-09-25,scizor_32,9,52.0,14.0,66.0,81.0
2026-09-25,scizor_32,10,46.0,17.0,63.0,433.74
2026-09-25,scizor_94,2,,,,18.0
2026-09-25,scizor_94,3,,,,20.0
2026-09-25,scizor_94,4,,,,23.0
2026-09-25,scizor_94,5,3.0,3.0,6.0,27.0
2026-09-25,scizor_94,6,4.0,3.0,7.0,34.33
2026-09-25,scizor_94,7,4.0,6.0,10.0,34.64
2026-09-25,scizor_94,8,20.0,10.0,30.0,40.0
2026-09-25,scizor_94,9,42.0,8.0,50.0,72.96
2026-09-25,scizor_94,10,10.0,6.0,16.0,667.52
2026-09-25,scizor_H21,1,13,,13,150.0
2026-09-25,scizor_H21,2,4,1.0,5,63.0
2026-09-25,scizor_H21,3,9,2.0,11,70.0
2026-09-25,scizor_H21,4,17,2.0,19,90.0
2026-09-25,scizor_H21,5,39,6.0,45,105.5
2026-09-25,scizor_H21,6,76,19.0,95,299.99
2026-09-25,scizor_H21,7,110,25.0,135,328.15
2026-09-25,scizor_H21,8,241,61.0,302,469.5
2026-09-25,scizor_H21,9,297,37.0,334,724.95
2026-09-25,scizor_H21,10,97,24.0,121,8797.14
2026-09-25,scizor_ex_108,1,13.0,1.0,14,127.5
2026-09-25,scizor_ex_108,2,,1.0,1,74.0
2026-09-25,scizor_ex_108,3,8.0,,8,82.5
2026-09-25,scizor_ex_108,4,15.0,5.0,20,119.0
2026-09-25,scizor_ex_108,5,26.0,11.0,37,140.52
2026-09-25,scizor_ex_108,6,53.0,9.0,62,217.11
2026-09-25,scizor_ex_108,7,81.0,10.0,91,255.0
2026-09-25,scizor_ex_108,8,137.0,46.0,183,356.9
2026-09-25,scizor_ex_108,9,184.0,28.0,212,687.84
2026-09-25,scizor_ex_108,10,36.0,10.0,46,7994.0
2026-09-25,scrafty_59,8,,,,5.0
2026-09-25,scrafty_59,9,,,,11.0
2026-09-25,scrafty_59,10,,,,40.97
2026-09-25,scrafty_68,9,,,,12.76
2026-09-25,scrafty_68,10,,,,36.29
2026-09-25,scraggy_85,8,,3.0,3.0,3.25
2026-09-25,scraggy_85,9,,1.0,1.0,7.5
2026-09-25,scraggy_85,10,,,,35.27
2026-09-25,scramble_switch_129,8,22,10.0,32,13.54
2026-09-25,scramble_switch_129,9,15,3.0,18,22.26
2026-09-25,scramble_switch_129,10,4,,4,95.82
2026-09-25,scream_tail_65_promo,2,,,,5.0
2026-09-25,scream_tail_65_promo,3,3.0,,3.0,5.0
2026-09-25,scream_tail_65_promo,4,6.0,,6.0,6.0
2026-09-25,scream_tail_65_promo,5,13.0,,13.0,7.0
2026-09-25,scream_tail_65_promo,6,18.0,,18.0,9.0
2026-09-25,scream_tail_65_promo,7,14.0,,14.0,10.79
2026-09-25,scream_tail_65_promo,8,127.0,,127.0,14.01
2026-09-25,scream_tail_65_promo,9,778.0,,778.0,19.65
2026-09-25,scream_tail_65_promo,10,526.0,,526.0,120.0
2026-09-25,scyther_45_promo,2,1.0,,1.0,12.0
2026-09-25,scyther_45_promo,3,,,,13.0
2026-09-25,scyther_45_promo,4,1.0,,1.0,15.0
2026-09-25,scyther_45_promo,5,5.0,,5.0,18.0
2026-09-25,scyther_45_promo,6,20.0,,20.0,23.0
2026-09-25,scyther_45_promo,7,32.0,,32.0,28.25
2026-09-25,scyther_45_promo,8,130.0,,130.0,42.0
2026-09-25,scyther_45_promo,9,412.0,,412.0,75.18
2026-09-25,scyther_45_promo,10,440.0,,440.0,293.13
2026-09-25,seaking_24,8,2,31,33,39.7
2026-09-25,seaking_24,9,9,44,53,44.0
2026-09-25,seaking_24,10,4,33,37,45.86
2026-09-25,sentret_62,2,,,,8.0
2026-09-25,sentret_62,3,,,,9.0
2026-09-25,sentret_62,4,,1.0,1.0,10.0
2026-09-25,sentret_62,5,,1.0,1.0,12.0
2026-09-25,sentret_62,6,,5.0,5.0,15.0
2026-09-25,sentret_62,7,,5.0,5.0,19.0
2026-09-25,sentret_62,8,1.0,21.0,22.0,23.99
2026-09-25,sentret_62,9,6.0,40.0,46.0,66.25
2026-09-25,sentret_62,10,9.0,103.0,112.0,80.0
2026-09-25,seviper_102,9,,1,1,10.38
2026-09-25,seviper_102,10,,3,3,50.0
2026-09-25,shadow_rider_calyrex_vmax_205,2,3,,3,8.0
2026-09-25,shadow_rider_calyrex_vmax_205,3,1,,1,9.0
2026-09-25,shadow_rider_calyrex_vmax_205,4,10,1.0,11,11.0
2026-09-25,shadow_rider_calyrex_vmax_205,5,22,2.0,24,13.03
2026-09-25,shadow_rider_calyrex_vmax_205,6,43,7.0,50,32.0
2026-09-25,shadow_rider_calyrex_vmax_205,7,57,11.0,68,39.65
2026-09-25,shadow_rider_calyrex_vmax_205,8,169,61.0,230,48.47
2026-09-25,shadow_rider_calyrex_vmax_205,9,812,164.0,976,54.95
2026-09-25,shadow_rider_calyrex_vmax_205,10,3189,369.0,3558,134.53
2026-09-25,sharpedo_ex_104,1,9,,9,101.0
2026-09-25,sharpedo_ex_104,2,6,,6,30.0
2026-09-25,sharpedo_ex_104,3,9,1.0,10,33.0
2026-09-25,sharpedo_ex_104,4,5,3.0,8,39.0
2026-09-25,sharpedo_ex_104,5,21,8.0,29,45.45
2026-09-25,sharpedo_ex_104,6,38,10.0,48,103.88
2026-09-25,sharpedo_ex_104,7,85,21.0,106,147.73
2026-09-25,sharpedo_ex_104,8,137,49.0,186,186.11
2026-09-25,sharpedo_ex_104,9,150,24.0,174,450.0
2026-09-25,sharpedo_ex_104,10,49,10.0,59,4057.42
2026-09-25,shauna_111a,2,,,,19.0
2026-09-25,shauna_111a,3,,,,21.0
2026-09-25,shauna_111a,4,,1.0,1.0,25.0
2026-09-25,shauna_111a,5,,2.0,2.0,29.0
2026-09-25,shauna_111a,6,,4.0,4.0,36.0
2026-09-25,shauna_111a,7,,19.0,19.0,36.0
2026-09-25,shauna_111a,8,,143.0,143.0,45.35
2026-09-25,shauna_111a,9,,42.0,42.0,87.5
2026-09-25,shauna_111a,10,,5.0,5.0,1050.0
2026-09-25,shauntal_243,2,1.0,,1.0,3.0
2026-09-25,shauntal_243,3,1.0,,1.0,3.0
2026-09-25,shauntal_243,4,,,,3.0
2026-09-25,shauntal_243,5,,1.0,1.0,4.0
2026-09-25,shauntal_243,6,,5.0,5.0,4.76
2026-09-25,shauntal_243,7,5.0,3.0,8.0,6.0
2026-09-25,shauntal_243,8,39.0,14.0,53.0,7.48
2026-09-25,shauntal_243,9,150.0,39.0,189.0,8.56
2026-09-25,shauntal_243,10,121.0,82.0,203.0,42.36
2026-09-25,shaymin_13,9,1,1,2,10.34
2026-09-25,shaymin_13,10,1,2,3,30.79
2026-09-25,shaymin_ex_77a,2,,,,132.0
2026-09-25,shaymin_ex_77a,3,,,,147.0
2026-09-25,shaymin_ex_77a,4,,,,173.0
2026-09-25,shaymin_ex_77a,5,,4.0,4.0,204.0
2026-09-25,shaymin_ex_77a,6,,13.0,13.0,255.0
2026-09-25,shaymin_ex_77a,7,,18.0,18.0,290.0
2026-09-25,shaymin_ex_77a,8,,115.0,115.0,462.5
2026-09-25,shaymin_ex_77a,9,,41.0,41.0,871.63
2026-09-25,shaymin_ex_77a,10,,10.0,10.0,6267.67
2026-09-25,shaymin_ex_RC21,1,,,,90.75
2026-09-25,shaymin_ex_RC21,2,,1.0,1.0,18.0
2026-09-25,shaymin_ex_RC21,3,,1.0,1.0,20.0
2026-09-25,shaymin_ex_RC21,4,,4.0,4.0,23.0
2026-09-25,shaymin_ex_RC21,5,,19.0,19.0,27.0
2026-09-25,shaymin_ex_RC21,6,,33.0,33.0,33.59
2026-09-25,shaymin_ex_RC21,7,,77.0,77.0,62.74
2026-09-25,shaymin_ex_RC21,8,,218.0,218.0,80.02
2026-09-25,shaymin_ex_RC21,9,,93.0,93.0,181.0
2026-09-25,shaymin_ex_RC21,10,,21.0,21.0,4854.01
2026-09-25,shaymin_ex_XY148_promo,1,8,,8,92.46
2026-09-25,shaymin_ex_XY148_promo,2,4,,4,21.0
2026-09-25,shaymin_ex_XY148_promo,3,8,,8,23.0
2026-09-25,shaymin_ex_XY148_promo,4,28,,28,27.5
2026-09-25,shaymin_ex_XY148_promo,5,60,,60,41.0
2026-09-25,shaymin_ex_XY148_promo,6,169,,169,43.12
2026-09-25,shaymin_ex_XY148_promo,7,389,,389,55.0
2026-09-25,shaymin_ex_XY148_promo,8,653,,653,110.0
2026-09-25,shaymin_ex_XY148_promo,9,264,,264,306.67
2026-09-25,shaymin_ex_XY148_promo,10,38,,38,6679.36
2026-09-25,shieldon_109,2,,,,1.0
2026-09-25,shieldon_109,3,,,,1.0
2026-09-25,shieldon_109,4,,,,1.0
2026-09-25,shieldon_109,5,,,,1.0
2026-09-25,shieldon_109,6,,,,1.0
2026-09-25,shieldon_109,7,,,,1.0
2026-09-25,shieldon_109,9,1.0,3.0,4.0,10.84
2026-09-25,shieldon_109,10,,,,31.56
2026-09-25,shiftry_ex_97,1,13,,13,31.88
2026-09-25,shiftry_ex_97,2,3,1.0,4,19.0
2026-09-25,shiftry_ex_97,3,1,1.0,2,21.0
2026-09-25,shiftry_ex_97,4,7,3.0,10,24.14
2026-09-25,shiftry_ex_97,5,25,11.0,36,27.29
2026-09-25,shiftry_ex_97,6,51,12.0,63,57.37
2026-09-25,shiftry_ex_97,7,69,21.0,90,99.99
2026-09-25,shiftry_ex_97,8,131,41.0,172,102.5
2026-09-25,shiftry_ex_97,9,176,32.0,208,201.81
2026-09-25,shiftry_ex_97,10,70,18.0,88,1756.5
2026-09-25,shining_charizard_107,1,,14,14,1032.5
2026-09-25,shining_charizard_107,2,,20,20,1157.57
2026-09-25,shining_charizard_107,3,,63,63,1365.39
2026-09-25,shining_charizard_107,4,,99,99,1596.0
2026-09-25,shining_charizard_107,5,,133,133,1825.0
2026-09-25,shining_charizard_107,6,1.0,88,89,2225.0
2026-09-25,shining_charizard_107,7,,152,152,3025.0
2026-09-25,shining_charizard_107,8,,180,180,3850.0
2026-09-25,shining_charizard_107,9,,73,73,5500.0
2026-09-25,shining_charizard_107,10,,40,40,21181.89
2026-09-25,shining_gyarados_65,1,234,5,239,616.76
2026-09-25,shining_gyarados_65,2,189,18,207,479.0
2026-09-25,shining_gyarados_65,3,293,45,338,616.69
2026-09-25,shining_gyarados_65,4,413,89,502,700.0
2026-09-25,shining_gyarados_65,5,733,141,874,849.99
2026-09-25,shining_gyarados_65,6,912,162,1074,1000.0
2026-09-25,shining_gyarados_65,7,968,222,1190,1439.29
2026-09-25,shining_gyarados_65,8,1289,318,1607,1862.5
2026-09-25,shining_gyarados_65,9,989,81,1070,2813.5
2026-09-25,shining_gyarados_65,10,120,19,139,21608.0
2026-09-25,shining_kabutops_108,1,110,2,112,326.0
2026-09-25,shining_kabutops_108,2,91,10,101,225.0
2026-09-25,shining_kabutops_108,3,133,5,138,250.0
2026-09-25,shining_kabutops_108,4,223,36,259,296.46
2026-09-25,shining_kabutops_108,5,328,63,391,392.5
2026-09-25,shining_kabutops_108,6,359,64,423,442.38
2026-09-25,shining_kabutops_108,7,428,94,522,646.71
2026-09-25,shining_kabutops_108,8,644,135,779,829.75
2026-09-25,shining_kabutops_108,9,809,74,883,938.86
2026-09-25,shining_kabutops_108,10,328,26,354,3710.0
2026-09-25,shining_magikarp_66,1,197,5,202,412.83
2026-09-25,shining_magikarp_66,2,113,6,119,251.0
2026-09-25,shining_magikarp_66,3,249,16,265,279.0
2026-09-25,shining_magikarp_66,4,344,48,392,328.78
2026-09-25,shining_magikarp_66,5,762,100,862,432.84
2026-09-25,shining_magikarp_66,6,1064,165,1229,487.5
2026-09-25,shining_magikarp_66,7,1238,206,1444,657.5
2026-09-25,shining_magikarp_66,8,1437,299,1736,871.29
2026-09-25,shining_magikarp_66,9,872,92,964,1489.83
2026-09-25,shining_magikarp_66,10,67,31,98,6202.18
2026-09-25,shining_mewtwo_109,1,228,2,230,925.0
2026-09-25,shining_mewtwo_109,2,166,9,175,540.0
2026-09-25,shining_mewtwo_109,3,225,27,252,711.8
2026-09-25,shining_mewtwo_109,4,365,48,413,799.0
2026-09-25,shining_mewtwo_109,5,492,100,592,1050.7
2026-09-25,shining_mewtwo_109,6,615,87,702,1119.7
2026-09-25,shining_mewtwo_109,7,592,115,707,1600.0
2026-09-25,shining_mewtwo_109,8,761,164,925,2331.76
2026-09-25,shining_mewtwo_109,9,861,77,938,4118.2
2026-09-25,shining_mewtwo_109,10,299,30,329,15000.0
2026-09-25,shining_noctowl_110,1,99,3,102,255.75
2026-09-25,shining_noctowl_110,2,77,2,79,199.01
2026-09-25,shining_noctowl_110,3,134,11,145,221.0
2026-09-25,shining_noctowl_110,4,202,37,239,250.0
2026-09-25,shining_noctowl_110,5,333,65,398,300.0
2026-09-25,shining_noctowl_110,6,409,68,477,300.0
2026-09-25,shining_noctowl_110,7,456,95,551,385.0
2026-09-25,shining_noctowl_110,8,684,172,856,447.5
2026-09-25,shining_noctowl_110,9,766,82,848,765.89
2026-09-25,shining_noctowl_110,10,275,20,295,2737.5
2026-09-25,shining_raichu_111,1,159,1,160,392.0
2026-09-25,shining_raichu_111,2,105,12,117,288.0
2026-09-25,shining_raichu_111,3,143,10,153,320.0
2026-09-25,shining_raichu_111,4,239,38,277,413.44
2026-09-25,shining_raichu_111,5,400,66,466,425.0
2026-09-25,shining_raichu_111,6,479,81,560,566.61
2026-09-25,shining_raichu_111,7,569,105,674,762.16
2026-09-25,shining_raichu_111,8,773,179,952,987.5
2026-09-25,shining_raichu_111,9,860,73,933,1580.6
2026-09-25,shining_raichu_111,10,292,31,323,5201.99
2026-09-25,shining_steelix_112,1,130,1,131,255.0
2026-09-25,shining_steelix_112,2,74,7,81,225.99
2026-09-25,shining_steelix_112,3,141,24,165,244.79
2026-09-25,shining_steelix_112,4,214,31,245,285.0
2026-09-25,shining_steelix_112,5,319,66,385,329.3
2026-09-25,shining_steelix_112,6,351,72,423,387.24
2026-09-25,shining_steelix_112,7,377,97,474,535.0
2026-09-25,shining_steelix_112,8,606,121,727,705.67
2026-09-25,shining_steelix_112,9,696,79,775,844.93
2026-09-25,shining_steelix_112,10,312,21,333,2600.0
2026-09-25,shining_tyranitar_113,1,237,4,241,509.28
2026-09-25,shining_tyranitar_113,2,147,9,156,468.95
2026-09-25,shining_tyranitar_113,3,204,18,222,577.31
2026-09-25,shining_tyranitar_113,4,318,47,365,579.25
2026-09-25,shining_tyranitar_113,5,489,90,579,810.0
2026-09-25,shining_tyranitar_113,6,546,82,628,930.0
2026-09-25,shining_tyranitar_113,7,601,99,700,1379.68
2026-09-25,shining_tyranitar_113,8,787,169,956,1950.0
2026-09-25,shining_tyranitar_113,9,835,67,902,2500.0
2026-09-25,shining_tyranitar_113,10,262,26,288,11292.83
2026-09-25,shinx_32,8,,4.0,4.0,4.33
2026-09-25,shinx_32,9,2.0,,2.0,11.39
2026-09-25,shinx_32,10,,,,32.88
2026-09-25,shuckle_1,9,,2,2,12.98
2026-09-25,shuckle_1,10,,1,1,35.5
2026-09-25,silvally_gx_227,2,,,,7.0
2026-09-25,silvally_gx_227,3,2.0,,2.0,8.0
2026-09-25,silvally_gx_227,4,,,,9.0
2026-09-25,silvally_gx_227,5,6.0,3.0,9.0,10.0
2026-09-25,silvally_gx_227,6,9.0,4.0,13.0,12.16
2026-09-25,silvally_gx_227,7,18.0,7.0,25.0,16.89
2026-09-25,silvally_gx_227,8,103.0,33.0,136.0,39.88
2026-09-25,silvally_gx_227,9,295.0,47.0,342.0,60.0
2026-09-25,silvally_gx_227,10,318.0,40.0,358.0,211.21
2026-09-25,skiddo_17,9,1,4,5,10.14
2026-09-25,skiddo_17,10,1,2,3,30.24
2026-09-25,skyla_122,1,7,,7,50.0
2026-09-25,skyla_122,2,4,,4,20.0
2026-09-25,skyla_122,3,8,3.0,11,22.0
2026-09-25,skyla_122,4,15,4.0,19,26.0
2026-09-25,skyla_122,5,60,12.0,72,27.74
2026-09-25,skyla_122,6,147,19.0,166,36.0
2026-09-25,skyla_122,7,302,80.0,382,45.5
2026-09-25,skyla_122,8,646,284.0,930,55.0
2026-09-25,skyla_122,9,1280,206.0,1486,86.45
2026-09-25,skyla_122,10,896,69.0,965,424.99
2026-09-25,sleep_79,2,1,1,2,3.0
2026-09-25,sleep_79,3,2,1,3,3.0
2026-09-25,sleep_79,4,3,5,8,3.0
2026-09-25,sleep_79,5,11,16,27,4.0
2026-09-25,sleep_79,6,6,57,63,5.0
2026-09-25,sleep_79,7,20,73,93,13.0
2026-09-25,sleep_79,8,40,126,166,15.84
2026-09-25,sleep_79,9,70,66,136,19.48
2026-09-25,sleep_79,10,17,25,42,37.22
2026-09-25,slowbro_43,2,,,,5.0
2026-09-25,slowbro_43,3,,3.0,3.0,5.0
2026-09-25,slowbro_43,4,,10.0,10.0,6.0
2026-09-25,slowbro_43,5,,24.0,24.0,7.0
2026-09-25,slowbro_43,6,,48.0,48.0,8.96
2026-09-25,slowbro_43,7,1.0,97.0,98.0,12.81
2026-09-25,slowbro_43,8,1.0,207.0,208.0,32.32
2026-09-25,slowbro_43,9,6.0,136.0,142.0,36.0
2026-09-25,slowbro_43,10,5.0,39.0,44.0,202.59
2026-09-25,slowking_14,2,1.0,,1,14.0
2026-09-25,slowking_14,3,2.0,,2,15.0
2026-09-25,slowking_14,4,,1.0,1,18.0
2026-09-25,slowking_14,5,5.0,1.0,6,21.0
2026-09-25,slowking_14,6,17.0,6.0,23,26.0
2026-09-25,slowking_14,7,27.0,16.0,43,32.36
2026-09-25,slowking_14,8,81.0,35.0,116,194.68
2026-09-25,slowking_14,9,89.0,44.0,133,245.0
2026-09-25,slowking_14,10,19.0,18.0,37,937.5
2026-09-25,slowking_H22,1,12,,12,188.42
2026-09-25,slowking_H22,2,2,1.0,3,104.0
2026-09-25,slowking_H22,3,3,4.0,7,116.0
2026-09-25,slowking_H22,4,19,6.0,25,137.0
2026-09-25,slowking_H22,5,63,12.0,75,160.81
2026-09-25,slowking_H22,6,82,22.0,104,429.0
2026-09-25,slowking_H22,7,108,19.0,127,550.0
2026-09-25,slowking_H22,8,179,57.0,236,917.5
2026-09-25,slowking_H22,9,206,29.0,235,1741.75
2026-09-25,slowking_H22,10,54,20.0,74,2453.82
2026-09-25,slowpoke_70,8,4,7,11,13.5
2026-09-25,slowpoke_70,9,3,5,8,18.03
2026-09-25,slowpoke_70,10,1,2,3,49.53
2026-09-25,slowpoke_76,2,,,,14.0
2026-09-25,slowpoke_76,3,,,,15.0
2026-09-25,slowpoke_76,4,,,,18.0
2026-09-25,slowpoke_76,5,1.0,,1.0,21.0
2026-09-25,slowpoke_76,6,,1.0,1.0,26.0
2026-09-25,slowpoke_76,7,5.0,14.0,19.0,32.6
2026-09-25,slowpoke_76,8,7.0,55.0,62.0,34.91
2026-09-25,slowpoke_76,9,35.0,65.0,100.0,38.0
2026-09-25,slowpoke_76,10,20.0,55.0,75.0,273.75
2026-09-25,slowpoke_82,8,5.0,10,15,19.99
2026-09-25,slowpoke_82,9,,20,20,20.0
2026-09-25,slowpoke_82,10,2.0,15,17,143.81
2026-09-25,slowpoke_psyduck_gx_239,2,,,,10.0
2026-09-25,slowpoke_psyduck_gx_239,3,1.0,,1.0,11.0
2026-09-25,slowpoke_psyduck_gx_239,4,3.0,,3.0,13.0
2026-09-25,slowpoke_psyduck_gx_239,5,8.0,,8.0,14.99
2026-09-25,slowpoke_psyduck_gx_239,6,4.0,,4.0,91.0
2026-09-25,slowpoke_psyduck_gx_239,7,20.0,2.0,22.0,113.87
2026-09-25,slowpoke_psyduck_gx_239,8,145.0,51.0,196.0,150.0
2026-09-25,slowpoke_psyduck_gx_239,9,431.0,66.0,497.0,247.08
2026-09-25,slowpoke_psyduck_gx_239,10,366.0,37.0,403.0,1222.59
2026-09-25,slowpoke_psyduck_gx_35,1,1,,1,250.0
2026-09-25,slowpoke_psyduck_gx_35,2,3,,3,13.0
2026-09-25,slowpoke_psyduck_gx_35,3,3,2.0,5,14.0
2026-09-25,slowpoke_psyduck_gx_35,4,12,2.0,14,17.0
2026-09-25,slowpoke_psyduck_gx_35,5,26,2.0,28,20.0
2026-09-25,slowpoke_psyduck_gx_35,6,72,4.0,76,70.13
2026-09-25,slowpoke_psyduck_gx_35,7,122,26.0,148,93.0
2026-09-25,slowpoke_psyduck_gx_35,8,438,107.0,545,129.32
2026-09-25,slowpoke_psyduck_gx_35,9,1535,177.0,1712,193.75
2026-09-25,slowpoke_psyduck_gx_35,10,1457,114.0,1571,738.26
2026-09-25,smeargle_109,9,39,22,61,29.99
2026-09-25,smeargle_109,10,35,43,78,351.41
2026-09-25,snorlax_11,1,139,2,141,130.0
2026-09-25,snorlax_11,2,67,7,74,40.0
2026-09-25,snorlax_11,3,174,43,217,44.01
2026-09-25,snorlax_11,4,472,87,559,56.5
2026-09-25,snorlax_11,5,1271,222,1493,82.5
2026-09-25,snorlax_11,6,1686,361,2047,97.0
2026-09-25,snorlax_11,7,2081,525,2606,137.44
2026-09-25,snorlax_11,8,2216,821,3037,280.01
2026-09-25,snorlax_11,9,817,337,1154,690.34
2026-09-25,snorlax_11,10,39,60,99,4508.48
2026-09-25,snorlax_224,2,2,,2,32.0
2026-09-25,snorlax_224,3,1,,1,36.0
2026-09-25,snorlax_224,4,6,,6,42.0
2026-09-25,snorlax_224,5,21,4.0,25,49.99
2026-09-25,snorlax_224,6,40,3.0,43,67.75
2026-09-25,snorlax_224,7,61,11.0,72,68.76
2026-09-25,snorlax_224,8,243,101.0,344,96.01
2026-09-25,snorlax_224,9,1993,318.0,2311,139.83
2026-09-25,snorlax_224,10,6021,698.0,6719,311.0
2026-09-25,snorlax_49_promo,1,6,,6,50.0
2026-09-25,snorlax_49_promo,2,12,,12,9.0
2026-09-25,snorlax_49_promo,3,51,,51,10.0
2026-09-25,snorlax_49_promo,4,171,,171,12.0
2026-09-25,snorlax_49_promo,5,298,,298,14.0
2026-09-25,snorlax_49_promo,6,575,,575,17.0
2026-09-25,snorlax_49_promo,7,694,,694,21.63
2026-09-25,snorlax_49_promo,8,4321,,4321,33.99
2026-09-25,snorlax_49_promo,9,19123,,19123,41.5
2026-09-25,snorlax_49_promo,10,10997,,10997,252.0
2026-09-25,snorlax_lvx_111,1,16,1.0,17,384.76
2026-09-25,snorlax_lvx_111,2,11,1.0,12,210.0
2026-09-25,snorlax_lvx_111,3,16,,16,233.0
2026-09-25,snorlax_lvx_111,4,28,9.0,37,274.61
2026-09-25,snorlax_lvx_111,5,64,15.0,79,589.0
2026-09-25,snorlax_lvx_111,6,116,12.0,128,675.0
2026-09-25,snorlax_lvx_111,7,153,22.0,175,934.0
2026-09-25,snorlax_lvx_111,8,222,70.0,292,1023.69
2026-09-25,snorlax_lvx_111,9,159,7.0,166,3199.75
2026-09-25,snorlax_lvx_111,10,25,,25,81046.67
2026-09-25,snover_25,9,,1.0,1.0,11.64
2026-09-25,snover_25,10,,,,33.51
2026-09-25,sobble_39,9,,1,1,26.99
2026-09-25,sobble_39,10,,1,1,31.12
2026-09-25,solgaleo_gx_173,1,,,,9.99
2026-09-25,solgaleo_gx_173,2,,,,7.0
2026-09-25,solgaleo_gx_173,3,2.0,,2.0,8.0
2026-09-25,solgaleo_gx_173,4,,,,9.0
2026-09-25,solgaleo_gx_173,5,5.0,,5.0,10.0
2026-09-25,solgaleo_gx_173,6,7.0,3.0,10.0,13.0
2026-09-25,solgaleo_gx_173,7,16.0,1.0,17.0,16.5
2026-09-25,solgaleo_gx_173,8,159.0,28.0,187.0,56.77
2026-09-25,solgaleo_gx_173,9,365.0,35.0,400.0,88.5
2026-09-25,solgaleo_gx_173,10,317.0,12.0,329.0,285.8
2026-09-25,solgaleo_lunala_gx_216,1,15,,15,299.95
2026-09-25,solgaleo_lunala_gx_216,2,4,,4,79.0
2026-09-25,solgaleo_lunala_gx_216,3,5,1.0,6,88.0
2026-09-25,solgaleo_lunala_gx_216,4,18,1.0,19,103.97
2026-09-25,solgaleo_lunala_gx_216,5,23,2.0,25,173.67
2026-09-25,solgaleo_lunala_gx_216,6,61,10.0,71,227.75
2026-09-25,solgaleo_lunala_gx_216,7,138,13.0,151,239.26
2026-09-25,solgaleo_lunala_gx_216,8,687,111.0,798,319.99
2026-09-25,solgaleo_lunala_gx_216,9,1787,195.0,1982,350.0
2026-09-25,solgaleo_lunala_gx_216,10,1262,91.0,1353,2073.88
2026-09-25,spikemuth_gym_169,9,,,,10.44
2026-09-25,spikemuth_gym_169,10,,,,31.3
2026-09-25,splash_energy_113,8,1.0,3.0,4.0,12.5
2026-09-25,splash_energy_113,9,2.0,1.0,3.0,14.0
2026-09-25,splash_energy_113,10,,,,37.24
2026-09-25,spritzee_92,8,,4.0,4,3.29
2026-09-25,spritzee_92,9,1.0,1.0,2,11.31
2026-09-25,spritzee_92,10,1.0,,1,32.72
2026-09-25,squirtle_148,2,5,,5,24.0
2026-09-25,squirtle_148,3,11,,11,27.0
2026-09-25,squirtle_148,4,36,1.0,37,32.0
2026-09-25,squirtle_148,5,66,2.0,68,38.0
2026-09-25,squirtle_148,6,142,7.0,149,47.5
2026-09-25,squirtle_148,7,263,14.0,277,100.0
2026-09-25,squirtle_148,8,2909,103.0,3012,102.5
2026-09-25,squirtle_148,9,18694,411.0,19105,113.64
2026-09-25,squirtle_148,10,13737,1166.0,14903,392.5
2026-09-25,squirtle_170,2,1,,1,41.0
2026-09-25,squirtle_170,3,8,,8,46.0
2026-09-25,squirtle_170,4,18,,18,54.0
2026-09-25,squirtle_170,5,47,1.0,48,63.47
2026-09-25,squirtle_170,6,173,3.0,176,70.0
2026-09-25,squirtle_170,7,590,23.0,613,70.57
2026-09-25,squirtle_170,8,4910,270.0,5180,87.1
2026-09-25,squirtle_170,9,18435,688.0,19123,104.49
2026-09-25,squirtle_170,10,8964,860.0,9824,474.83
2026-09-25,starmie_121,8,13,6,19,9.95
2026-09-25,starmie_121,9,55,12,67,14.99
2026-09-25,starmie_121,10,40,22,62,59.79
2026-09-25,starmie_H28,1,7,,7,117.5
2026-09-25,starmie_H28,2,3,,3,31.0
2026-09-25,starmie_H28,3,4,1.0,5,34.0
2026-09-25,starmie_H28,4,8,1.0,9,40.0
2026-09-25,starmie_H28,5,23,8.0,31,114.33
2026-09-25,starmie_H28,6,40,3.0,43,163.0
2026-09-25,starmie_H28,7,75,9.0,84,203.5
2026-09-25,starmie_H28,8,139,21.0,160,648.46
2026-09-25,starmie_H28,9,283,35.0,318,884.33
2026-09-25,starmie_H28,10,134,42.0,176,2985.08
2026-09-25,staryu_52,9,,,,10.24
2026-09-25,staryu_52,10,,,,74.99
2026-09-25,steelix_79,9,4.0,2.0,6.0,29.99
2026-09-25,steelix_79,10,,,,69.06
2026-09-25,steelix_H23,1,14,1,15,129.99
2026-09-25,steelix_H23,2,8,1,9,82.0
2026-09-25,steelix_H23,3,16,1,17,91.0
2026-09-25,steelix_H23,4,21,2,23,107.01
2026-09-25,steelix_H23,5,41,7,48,178.84
2026-09-25,steelix_H23,6,89,15,104,242.5
2026-09-25,steelix_H23,7,104,15,119,468.87
2026-09-25,steelix_H23,8,195,56,251,581.12
2026-09-25,steelix_H23,9,193,24,217,1005.0
2026-09-25,steelix_H23,10,72,9,81,3879.63
2026-09-25,steelix_H29,2,1,,1,49.0
2026-09-25,steelix_H29,3,2,,2,54.0
2026-09-25,steelix_H29,4,6,2.0,8,64.0
2026-09-25,steelix_H29,5,15,6.0,21,75.0
2026-09-25,steelix_H29,6,35,4.0,39,93.9
2026-09-25,steelix_H29,7,43,7.0,50,525.0
2026-09-25,steelix_H29,8,114,27.0,141,551.01
2026-09-25,steelix_H29,9,244,27.0,271,742.18
2026-09-25,steelix_H29,10,157,33.0,190,3347.34
2026-09-25,steelix_ex_109,1,18,,18,178.75
2026-09-25,steelix_ex_109,2,6,,6,37.0
2026-09-25,steelix_ex_109,3,9,,9,41.38
2026-09-25,steelix_ex_109,4,8,9.0,17,82.0
2026-09-25,steelix_ex_109,5,33,6.0,39,96.0
2026-09-25,steelix_ex_109,6,63,12.0,75,119.99
2026-09-25,steelix_ex_109,7,94,24.0,118,161.25
2026-09-25,steelix_ex_109,8,162,40.0,202,479.36
2026-09-25,steelix_ex_109,9,140,26.0,166,875.0
2026-09-25,steelix_ex_109,10,25,13.0,38,3926.91
2026-09-25,steenee_18,9,,,,10.77
2026-09-25,steenee_18,10,,,,13.0
2026-09-25,stunfisk_RC12,2,,,,8.0
2026-09-25,stunfisk_RC12,3,,,,9.0
2026-09-25,stunfisk_RC12,4,,,,11.0
2026-09-25,stunfisk_RC12,5,,3.0,3.0,13.0
2026-09-25,stunfisk_RC12,6,,7.0,7.0,16.0
2026-09-25,stunfisk_RC12,7,,19.0,19.0,20.0
2026-09-25,stunfisk_RC12,8,,69.0,69.0,25.0
2026-09-25,stunfisk_RC12,9,,33.0,33.0,32.63
2026-09-25,stunfisk_RC12,10,,9.0,9.0,52.99
2026-09-25,sudowoodo_H24,1,5,,5,104.14
2026-09-25,sudowoodo_H24,2,3,,3,28.0
2026-09-25,sudowoodo_H24,3,4,2.0,6,31.0
2026-09-25,sudowoodo_H24,4,8,3.0,11,72.0
2026-09-25,sudowoodo_H24,5,25,6.0,31,85.0
2026-09-25,sudowoodo_H24,6,54,7.0,61,194.56
2026-09-25,sudowoodo_H24,7,76,13.0,89,222.74
2026-09-25,sudowoodo_H24,8,157,35.0,192,549.0
2026-09-25,sudowoodo_H24,9,197,37.0,234,1053.74
2026-09-25,sudowoodo_H24,10,39,19.0,58,5111.1
2026-09-25,suicune_14,1,29,1,30,94.96
2026-09-25,suicune_14,2,21,2,23,55.5
2026-09-25,suicune_14,3,43,8,51,75.09
2026-09-25,suicune_14,4,111,17,128,91.0
2026-09-25,suicune_14,5,271,48,319,111.32
2026-09-25,suicune_14,6,377,81,458,132.6
2026-09-25,suicune_14,7,501,128,629,219.92
2026-09-25,suicune_14,8,701,203,904,380.0
2026-09-25,suicune_14,9,310,77,387,710.0
2026-09-25,suicune_14,10,16,17,33,3737.5
2026-09-25,suicune_19,1,4,,4,64.99
2026-09-25,suicune_19,2,1,,1,10.0
2026-09-25,suicune_19,3,4,3.0,7,11.0
2026-09-25,suicune_19,4,5,3.0,8,13.5
2026-09-25,suicune_19,5,21,13.0,34,23.07
2026-09-25,suicune_19,6,65,17.0,82,47.21
2026-09-25,suicune_19,7,76,33.0,109,60.0
2026-09-25,suicune_19,8,130,75.0,205,75.0
2026-09-25,suicune_19,9,126,27.0,153,138.94
2026-09-25,suicune_19,10,29,8.0,37,14799.0
2026-09-25,suicune_53_promo,1,21,,21,60.03
2026-09-25,suicune_53_promo,2,17,,17,26.0
2026-09-25,suicune_53_promo,3,24,,24,28.5
2026-09-25,suicune_53_promo,4,36,,36,29.0
2026-09-25,suicune_53_promo,5,84,,84,32.0
2026-09-25,suicune_53_promo,6,75,,75,40.0
2026-09-25,suicune_53_promo,7,93,,93,50.09
2026-09-25,suicune_53_promo,8,154,,154,100.0
2026-09-25,suicune_53_promo,9,242,,242,219.83
2026-09-25,suicune_53_promo,10,132,,132,1037.0
2026-09-25,suicune_H25,1,26,2.0,28,141.56
2026-09-25,suicune_H25,2,8,,8,99.99
2026-09-25,suicune_H25,3,15,5.0,20,133.0
2026-09-25,suicune_H25,4,26,7.0,33,156.49
2026-09-25,suicune_H25,5,75,15.0,90,190.42
2026-09-25,suicune_H25,6,133,17.0,150,300.0
2026-09-25,suicune_H25,7,133,27.0,160,498.44
2026-09-25,suicune_H25,8,254,53.0,307,808.34
2026-09-25,suicune_H25,9,226,28.0,254,1580.33
2026-09-25,suicune_H25,10,70,12.0,82,8805.58
2026-09-25,suicune_gx_220,2,,,,28.0
2026-09-25,suicune_gx_220,3,,,,31.0
2026-09-25,suicune_gx_220,4,2.0,,2.0,36.0
2026-09-25,suicune_gx_220,5,1.0,3.0,4.0,42.0
2026-09-25,suicune_gx_220,6,8.0,1.0,9.0,56.0
2026-09-25,suicune_gx_220,7,19.0,5.0,24.0,69.82
2026-09-25,suicune_gx_220,8,123.0,39.0,162.0,79.99
2026-09-25,suicune_gx_220,9,319.0,31.0,350.0,102.88
2026-09-25,suicune_gx_220,10,166.0,20.0,186.0,794.98
2026-09-25,super_scoop_up_100,9,3,2,5,23.28
2026-09-25,super_scoop_up_100,10,2,12,14,46.51
2026-09-25,surfing_pikachu_114,2,2,,2,48.0
2026-09-25,surfing_pikachu_114,3,5,,5,53.0
2026-09-25,surfing_pikachu_114,4,17,1.0,18,62.0
2026-09-25,surfing_pikachu_114,5,47,7.0,54,173.41
2026-09-25,surfing_pikachu_114,6,93,10.0,103,252.51
2026-09-25,surfing_pikachu_114,7,130,27.0,157,371.6
2026-09-25,surfing_pikachu_114,8,171,70.0,241,699.0
2026-09-25,surfing_pikachu_114,9,92,16.0,108,1213.44
2026-09-25,surfing_pikachu_114,10,12,3.0,15,2867.38
2026-09-25,surfing_pikachu_28_promo,1,12,,12,169.99
2026-09-25,surfing_pikachu_28_promo,2,7,,7,10.52
2026-09-25,surfing_pikachu_28_promo,3,14,,14,18.0
2026-09-25,surfing_pikachu_28_promo,4,40,,40,21.45
2026-09-25,surfing_pikachu_28_promo,5,102,,102,24.01
2026-09-25,surfing_pikachu_28_promo,6,205,,205,41.12
2026-09-25,surfing_pikachu_28_promo,7,445,,445,48.0
2026-09-25,surfing_pikachu_28_promo,8,1281,,1281,83.0
2026-09-25,surfing_pikachu_28_promo,9,2699,,2699,170.25
2026-09-25,surfing_pikachu_28_promo,10,1217,,1217,1322.91
2026-09-25,surfing_pikachu_v_8,2,,,,6.0
2026-09-25,surfing_pikachu_v_8,3,,,,7.0
2026-09-25,surfing_pikachu_v_8,4,,,,8.0
2026-09-25,surfing_pikachu_v_8,5,,,,9.75
2026-09-25,surfing_pikachu_v_8,6,,,,11.76
2026-09-25,surfing_pikachu_v_8,7,,,,13.68
2026-09-25,surfing_pikachu_v_8,8,,,,24.25
2026-09-25,surfing_pikachu_v_8,9,,2.0,2.0,31.73
2026-09-25,surfing_pikachu_v_8,10,,,,171.88
2026-09-25,swablu_103,2,,,,2.0
2026-09-25,swablu_103,3,,,,2.0
2026-09-25,swablu_103,4,,,,2.0
2026-09-25,swablu_103,5,,,,2.0
2026-09-25,swablu_103,6,,1.0,1.0,3.0
2026-09-25,swablu_103,7,1.0,2.0,3.0,4.27
2026-09-25,swablu_103,9,2.0,4.0,6.0,17.11
2026-09-25,swablu_103,10,,,,44.97
2026-09-25,swampert_ex_98,1,32,,32,145.0
2026-09-25,swampert_ex_98,2,9,1.0,10,33.99
2026-09-25,swampert_ex_98,3,8,2.0,10,60.29
2026-09-25,swampert_ex_98,4,29,8.0,37,65.01
2026-09-25,swampert_ex_98,5,65,11.0,76,161.53
2026-09-25,swampert_ex_98,6,117,15.0,132,212.25
2026-09-25,swampert_ex_98,7,124,34.0,158,326.56
2026-09-25,swampert_ex_98,8,244,71.0,315,460.0
2026-09-25,swampert_ex_98,9,270,24.0,294,907.01
2026-09-25,swampert_ex_98,10,74,20.0,94,4550.62
2026-09-25,swanna_43,9,,1.0,1.0,12.3
2026-09-25,swanna_43,10,,,,35.12
2026-09-25,swellow_157,9,,,,10.28
2026-09-25,swellow_157,10,,,,30.82
2026-09-25,sylveon_gx_158,2,,,,10.0
2026-09-25,sylveon_gx_158,3,3.0,,3.0,11.0
2026-09-25,sylveon_gx_158,4,7.0,1.0,8.0,12.81
2026-09-25,sylveon_gx_158,5,16.0,2.0,18.0,21.26
2026-09-25,sylveon_gx_158,6,45.0,4.0,49.0,69.0
2026-09-25,sylveon_gx_158,7,66.0,9.0,75.0,86.74
2026-09-25,sylveon_gx_158,8,172.0,71.0,243.0,91.17
2026-09-25,sylveon_gx_158,9,383.0,68.0,451.0,197.5
2026-09-25,sylveon_gx_158,10,397.0,18.0,415.0,1150.0
2026-09-25,sylveon_v_184,2,,,,26.0
2026-09-25,sylveon_v_184,3,,,,29.0
2026-09-25,sylveon_v_184,4,,,,34.0
2026-09-25,sylveon_v_184,5,,8.0,8.0,40.0
2026-09-25,sylveon_v_184,6,1.0,7.0,8.0,50.0
2026-09-25,sylveon_v_184,7,,16.0,16.0,62.07
2026-09-25,sylveon_v_184,8,,180.0,180.0,155.92
2026-09-25,sylveon_v_184,9,4.0,613.0,617.0,175.25
2026-09-25,sylveon_v_184,10,1.0,688.0,689.0,397.01
2026-09-25,sylveon_vmax_211,2,,,,9.0
2026-09-25,sylveon_vmax_211,3,1.0,,1.0,10.0
2026-09-25,sylveon_vmax_211,4,9.0,,9.0,12.0
2026-09-25,sylveon_vmax_211,5,16.0,1.0,17.0,14.0
2026-09-25,sylveon_vmax_211,6,24.0,4.0,28.0,18.0
2026-09-25,sylveon_vmax_211,7,46.0,8.0,54.0,22.67
2026-09-25,sylveon_vmax_211,8,134.0,42.0,176.0,26.02
2026-09-25,sylveon_vmax_211,9,706.0,207.0,913.0,64.0
2026-09-25,sylveon_vmax_211,10,2229.0,284.0,2513.0,136.48
2026-09-25,sylveon_vmax_212,1,14,,14,247.84
2026-09-25,sylveon_vmax_212,2,1,,1,162.0
2026-09-25,sylveon_vmax_212,3,11,,11,180.0
2026-09-25,sylveon_vmax_212,4,28,1.0,29,200.0
2026-09-25,sylveon_vmax_212,5,67,6.0,73,227.5
2026-09-25,sylveon_vmax_212,6,134,9.0,143,252.22
2026-09-25,sylveon_vmax_212,7,222,26.0,248,305.25
2026-09-25,sylveon_vmax_212,8,722,180.0,902,309.06
2026-09-25,sylveon_vmax_212,9,3992,569.0,4561,371.91
2026-09-25,sylveon_vmax_212,10,13647,1143.0,14790,625.0
2026-09-25,tangela_6,9,,,,19.0
2026-09-25,tangela_6,10,,,,96.63
2026-09-25,tapu_koko_gx_153,2,,,,1.0
2026-09-25,tapu_koko_gx_153,3,1.0,1.0,2.0,1.0
2026-09-25,tapu_koko_gx_153,4,2.0,1.0,3.0,1.0
2026-09-25,tapu_koko_gx_153,5,6.0,,6.0,1.0
2026-09-25,tapu_koko_gx_153,6,6.0,3.0,9.0,1.25
2026-09-25,tapu_koko_gx_153,7,7.0,5.0,12.0,15.82
2026-09-25,tapu_koko_gx_153,8,24.0,15.0,39.0,26.65
2026-09-25,tapu_koko_gx_153,9,108.0,22.0,130.0,39.75
2026-09-25,tapu_koko_gx_153,10,139.0,5.0,144.0,122.27
2026-09-25,tate_liza_166,2,,,,8.0
2026-09-25,tate_liza_166,3,,,,9.0
2026-09-25,tate_liza_166,4,,,,10.0
2026-09-25,tate_liza_166,5,,1.0,1.0,12.0
2026-09-25,tate_liza_166,6,2.0,2.0,4.0,14.99
2026-09-25,tate_liza_166,7,9.0,5.0,14.0,15.5
2026-09-25,tate_liza_166,8,37.0,20.0,57.0,21.5
2026-09-25,tate_liza_166,9,96.0,20.0,116.0,53.38
2026-09-25,tate_liza_166,10,203.0,15.0,218.0,80.5
2026-09-25,teal_mask_ogerpon_24,8,9,3,12,6.86
2026-09-25,teal_mask_ogerpon_24,9,35,16,51,7.69
2026-09-25,teal_mask_ogerpon_24,10,27,34,61,32.5
2026-09-25,team_plasma_badge_104,9,,,,12.4
2026-09-25,team_plasma_badge_104,10,,,,35.2
2026-09-25,team_yell_towel_63,9,3,7,10,10.09
2026-09-25,team_yell_towel_63,10,2,3,5,13.0
2026-09-25,teddiursa_121,9,,,,12.99
2026-09-25,teddiursa_121,10,,,,35.67
2026-09-25,tepig_24,9,,1.0,1.0,15.45
2026-09-25,tepig_24,10,,,,42.12
2026-09-25,terapagos_ex_170,2,1,,1,11.0
2026-09-25,terapagos_ex_170,3,4,,4,12.0
2026-09-25,terapagos_ex_170,4,7,1.0,8,14.0
2026-09-25,terapagos_ex_170,5,25,1.0,26,16.0
2026-09-25,terapagos_ex_170,6,48,4.0,52,20.0
2026-09-25,terapagos_ex_170,7,123,18.0,141,22.65
2026-09-25,terapagos_ex_170,8,996,61.0,1057,36.0
2026-09-25,terapagos_ex_170,9,5961,213.0,6174,46.69
2026-09-25,terapagos_ex_170,10,5132,405.0,5537,207.5
2026-09-25,thievul_90,9,2.0,,2.0,10.11
2026-09-25,thievul_90,10,,,,40.0
2026-09-25,tinkatink_25_promo,9,,,,14.68
2026-09-25,tinkatink_25_promo,10,,,,166.75
2026-09-25,toedscool_16,9,,,,10.38
2026-09-25,toedscool_16,10,,,,30.86
2026-09-25,togepi_51,2,,,,4.0
2026-09-25,togepi_51,3,1.0,,1.0,4.0
2026-09-25,togepi_51,4,3.0,2.0,5.0,5.0
2026-09-25,togepi_51,5,7.0,7.0,14.0,6.0
2026-09-25,togepi_51,6,22.0,9.0,31.0,7.99
2026-09-25,togepi_51,7,26.0,22.0,48.0,16.24
2026-09-25,togepi_51,8,130.0,51.0,181.0,53.0
2026-09-25,togepi_51,9,267.0,43.0,310.0,58.0
2026-09-25,togepi_51,10,84.0,22.0,106.0,177.43
2026-09-25,togepi_cleffa_igglybuff_gx_143a,2,6,,6,15.0
2026-09-25,togepi_cleffa_igglybuff_gx_143a,3,10,,10,17.0
2026-09-25,togepi_cleffa_igglybuff_gx_143a,4,18,2.0,20,20.0
2026-09-25,togepi_cleffa_igglybuff_gx_143a,5,43,3.0,46,24.0
2026-09-25,togepi_cleffa_igglybuff_gx_143a,6,104,5.0,109,30.0
2026-09-25,togepi_cleffa_igglybuff_gx_143a,7,104,8.0,112,38.0
2026-09-25,togepi_cleffa_igglybuff_gx_143a,8,579,114.0,693,215.0
2026-09-25,togepi_cleffa_igglybuff_gx_143a,9,3069,419.0,3488,317.0
2026-09-25,togepi_cleffa_igglybuff_gx_143a,10,5547,475.0,6022,1056.95
2026-09-25,togetic_H27,1,6,,6,121.25
2026-09-25,togetic_H27,2,4,,4,11.0
2026-09-25,togetic_H27,3,8,,8,12.5
2026-09-25,togetic_H27,4,19,2.0,21,33.42
2026-09-25,togetic_H27,5,57,3.0,60,156.0
2026-09-25,togetic_H27,6,63,12.0,75,185.5
2026-09-25,togetic_H27,7,101,17.0,118,222.33
2026-09-25,togetic_H27,8,191,59.0,250,400.0
2026-09-25,togetic_H27,9,210,25.0,235,838.07
2026-09-25,togetic_H27,10,62,17.0,79,7355.5
2026-09-25,torchic_69,2,,,,13.0
2026-09-25,torchic_69,3,,,,14.0
2026-09-25,torchic_69,4,,,,17.0
2026-09-25,torchic_69,5,1.0,1.0,2.0,19.99
2026-09-25,torchic_69,6,2.0,1.0,3.0,135.0
2026-09-25,torchic_69,7,16.0,4.0,20.0,169.0
2026-09-25,torchic_69,8,21.0,32.0,53.0,308.84
2026-09-25,torchic_69,9,19.0,48.0,67.0,340.0
2026-09-25,torchic_69,10,5.0,126.0,131.0,408.0
2026-09-25,torkoal_23,9,,1,1,10.36
2026-09-25,torkoal_23,10,,4,4,30.65
2026-09-25,tornadus_v_185,2,1,,1,7.0
2026-09-25,tornadus_v_185,3,1,,1,8.0
2026-09-25,tornadus_v_185,4,1,2.0,3,9.0
2026-09-25,tornadus_v_185,5,9,2.0,11,11.0
2026-09-25,tornadus_v_185,6,11,2.0,13,14.0
2026-09-25,tornadus_v_185,7,23,8.0,31,18.0
2026-09-25,tornadus_v_185,8,128,58.0,186,22.22
2026-09-25,tornadus_v_185,9,871,181.0,1052,32.42
2026-09-25,tornadus_v_185,10,1961,289.0,2250,115.0
2026-09-25,torterra_11,2,,,,7.0
2026-09-25,torterra_11,3,,,,8.0
2026-09-25,torterra_11,4,1.0,,1.0,9.0
2026-09-25,torterra_11,5,,3.0,3.0,10.0
2026-09-25,torterra_11,6,5.0,9.0,14.0,12.0
2026-09-25,torterra_11,7,23.0,13.0,36.0,14.88
2026-09-25,torterra_11,8,41.0,34.0,75.0,46.0
2026-09-25,torterra_11,9,59.0,13.0,72.0,162.36
2026-09-25,torterra_11,10,3.0,9.0,12.0,249.39
2026-09-25,torterra_ex_12,8,11,89,100,14.0
2026-09-25,torterra_ex_12,9,49,83,132,19.99
2026-09-25,torterra_ex_12,10,52,151,203,23.25
2026-09-25,treecko_8,8,,,,300.0
2026-09-25,treecko_8,9,,4.0,4.0,330.0
2026-09-25,treecko_8,10,1.0,2.0,3.0,396.0
2026-09-25,tropical_beach_BW28_promo,2,,,,27.0
2026-09-25,tropical_beach_BW28_promo,3,,,,29.99
2026-09-25,tropical_beach_BW28_promo,4,,,,30.0
2026-09-25,tropical_beach_BW28_promo,5,,,,35.5
2026-09-25,tropical_beach_BW28_promo,6,,,,455.91
2026-09-25,tropical_beach_BW28_promo,7,,,,899.99
2026-09-25,tropical_beach_BW28_promo,8,,,,1505.15
2026-09-25,tropical_beach_BW28_promo,9,,,,1656.0
2026-09-25,tropical_beach_BW28_promo,10,,,,1987.0
2026-09-25,tropical_tidal_wave_27_promo,8,,,,612.94
2026-09-25,tropical_tidal_wave_27_promo,9,,,,674.0
2026-09-25,tropical_tidal_wave_27_promo,10,,,,9587.61
2026-09-25,tropical_wind_26_promo,8,,,,2000.0
2026-09-25,tropical_wind_26_promo,9,,,,2264.18
2026-09-25,tropical_wind_26_promo,10,,,,3100.0
2026-09-25,tynamo_31,9,,1.0,1.0,11.22
2026-09-25,tynamo_31,10,,,,32.61
2026-09-25,tyranitar_222,2,1,,1,18.0
2026-09-25,tyranitar_222,3,1,,1,20.0
2026-09-25,tyranitar_222,4,8,1.0,9,23.0
2026-09-25,tyranitar_222,5,30,1.0,31,27.0
2026-09-25,tyranitar_222,6,119,10.0,129,34.0
2026-09-25,tyranitar_222,7,415,29.0,444,43.0
2026-09-25,tyranitar_222,8,2367,183.0,2550,54.0
2026-09-25,tyranitar_222,9,4778,303.0,5081,87.5
2026-09-25,tyranitar_222,10,1705,172.0,1877,738.75
2026-09-25,tyranitar_40,2,2,,2,11.0
2026-09-25,tyranitar_40,3,3,,3,12.0
2026-09-25,tyranitar_40,4,10,1.0,11,13.87
2026-09-25,tyranitar_40,5,12,7.0,19,41.0
2026-09-25,tyranitar_40,6,15,6.0,21,51.14
2026-09-25,tyranitar_40,7,23,8.0,31,90.04
2026-09-25,tyranitar_40,8,44,25.0,69,143.52
2026-09-25,tyranitar_40,9,126,29.0,155,250.0
2026-09-25,tyranitar_40,10,79,22.0,101,780.0
2026-09-25,tyranitar_H28,1,59,,59,520.17
2026-09-25,tyranitar_H28,2,22,1.0,23,192.0
2026-09-25,tyranitar_H28,3,29,1.0,30,213.62
2026-09-25,tyranitar_H28,4,57,6.0,63,599.38
2026-09-25,tyranitar_H28,5,105,23.0,128,910.0
2026-09-25,tyranitar_H28,6,166,13.0,179,1107.28
2026-09-25,tyranitar_H28,7,204,33.0,237,1487.98
2026-09-25,tyranitar_H28,8,300,62.0,362,2060.0
2026-09-25,tyranitar_H28,9,306,24.0,330,3235.27
2026-09-25,tyranitar_H28,10,116,16.0,132,13405.35
2026-09-25,tyranitar_ex_111,1,56,,56,174.75
2026-09-25,tyranitar_ex_111,2,8,2.0,10,109.89
2026-09-25,tyranitar_ex_111,3,16,2.0,18,156.25
2026-09-25,tyranitar_ex_111,4,34,8.0,42,200.0
2026-09-25,tyranitar_ex_111,5,70,19.0,89,295.0
2026-09-25,tyranitar_ex_111,6,126,14.0,140,328.81
2026-09-25,tyranitar_ex_111,7,193,28.0,221,599.0
2026-09-25,tyranitar_ex_111,8,233,58.0,291,1119.99
2026-09-25,tyranitar_ex_111,9,252,22.0,274,2008.6
2026-09-25,tyranitar_ex_111,10,49,13.0,62,5761.36
2026-09-25,tyranitar_ex_91,1,,1.0,1.0,139.99
2026-09-25,tyranitar_ex_91,2,,,,27.0
2026-09-25,tyranitar_ex_91,3,,1.0,1.0,29.99
2026-09-25,tyranitar_ex_91,4,,,,59.0
2026-09-25,tyranitar_ex_91,5,,6.0,6.0,69.99
2026-09-25,tyranitar_ex_91,6,,8.0,8.0,79.33
2026-09-25,tyranitar_ex_91,7,,16.0,16.0,92.02
2026-09-25,tyranitar_ex_91,8,,120.0,120.0,124.12
2026-09-25,tyranitar_ex_91,9,1.0,38.0,39.0,241.07
2026-09-25,tyranitar_ex_91,10,,14.0,14.0,1886.7
2026-09-25,tyranitar_ex_99,1,44,3,47,116.5
2026-09-25,tyranitar_ex_99,2,9,6,15,37.7
2026-09-25,tyranitar_ex_99,3,21,4,25,58.54
2026-09-25,tyranitar_ex_99,4,30,11,41,108.32
2026-09-25,tyranitar_ex_99,5,74,15,89,174.85
2026-09-25,tyranitar_ex_99,6,98,17,115,182.5
2026-09-25,tyranitar_ex_99,7,142,35,177,212.5
2026-09-25,tyranitar_ex_99,8,243,62,305,382.3
2026-09-25,tyranitar_ex_99,9,203,37,240,400.0
2026-09-25,tyranitar_ex_99,10,20,9,29,1847.59
2026-09-25,tyranitar_v_155,1,17,,17,203.51
2026-09-25,tyranitar_v_155,2,5,1.0,6,68.0
2026-09-25,tyranitar_v_155,3,13,1.0,14,75.0
2026-09-25,tyranitar_v_155,4,40,3.0,43,88.0
2026-09-25,tyranitar_v_155,5,63,7.0,70,103.0
2026-09-25,tyranitar_v_155,6,104,14.0,118,128.88
2026-09-25,tyranitar_v_155,7,193,39.0,232,150.37
2026-09-25,tyranitar_v_155,8,1204,312.0,1516,220.0
2026-09-25,tyranitar_v_155,9,5431,1015.0,6446,245.0
2026-09-25,tyranitar_v_155,10,6948,804.0,7752,677.0
2026-09-25,tyrogue_33,2,,,,2.0
2026-09-25,tyrogue_33,3,,,,2.0
2026-09-25,tyrogue_33,4,,,,2.0
2026-09-25,tyrogue_33,5,,,,2.0
2026-09-25,tyrogue_33,6,1.0,,1.0,2.0
2026-09-25,tyrogue_33,7,,3.0,3.0,3.0
2026-09-25,tyrogue_33,8,3.0,31.0,34.0,4.25
2026-09-25,tyrogue_33,9,5.0,51.0,56.0,7.75
2026-09-25,tyrogue_33,10,16.0,23.0,39.0,54.28
2026-09-25,ultra_space_115,9,,1,1,11.08
2026-09-25,ultra_space_115,10,,1,1,31.83
2026-09-25,umbreon_130,2,1.0,,1.0,7.0
2026-09-25,umbreon_130,3,2.0,,2.0,8.0
2026-09-25,umbreon_130,4,,,,9.0
2026-09-25,umbreon_130,5,2.0,,2.0,10.0
2026-09-25,umbreon_130,6,8.0,,8.0,12.5
2026-09-25,umbreon_130,7,7.0,6.0,13.0,16.0
2026-09-25,umbreon_130,8,66.0,51.0,117.0,19.99
2026-09-25,umbreon_130,9,400.0,90.0,490.0,34.07
2026-09-25,umbreon_130,10,314.0,102.0,416.0,94.78
2026-09-25,umbreon_17,1,46,1,47,199.0
2026-09-25,umbreon_17,2,20,1,21,106.6
2026-09-25,umbreon_17,3,34,5,39,135.5
2026-09-25,umbreon_17,4,47,11,58,160.0
2026-09-25,umbreon_17,5,101,21,122,182.5
2026-09-25,umbreon_17,6,163,18,181,247.9
2026-09-25,umbreon_17,7,231,47,278,390.0
2026-09-25,umbreon_17,8,357,99,456,503.75
2026-09-25,umbreon_17,9,308,58,366,677.82
2026-09-25,umbreon_17,10,117,18,135,6750.0
2026-09-25,umbreon_32,1,3,,3,74.99
2026-09-25,umbreon_32,2,1,,1,50.0
2026-09-25,umbreon_32,3,7,1.0,8,56.0
2026-09-25,umbreon_32,4,14,1.0,15,66.0
2026-09-25,umbreon_32,5,24,6.0,30,78.0
2026-09-25,umbreon_32,6,45,5.0,50,97.0
2026-09-25,umbreon_32,7,63,8.0,71,121.25
2026-09-25,umbreon_32,8,125,31.0,156,420.21
2026-09-25,umbreon_32,9,237,37.0,274,650.0
2026-09-25,umbreon_32,10,191,39.0,230,2136.0
2026-09-25,umbreon_41,1,7,,7,211.9
2026-09-25,umbreon_41,2,1,,1,36.0
2026-09-25,umbreon_41,3,14,2.0,16,40.0
2026-09-25,umbreon_41,4,10,3.0,13,47.0
2026-09-25,umbreon_41,5,31,9.0,40,55.67
2026-09-25,umbreon_41,6,40,10.0,50,190.0
2026-09-25,umbreon_41,7,81,20.0,101,213.91
2026-09-25,umbreon_41,8,181,41.0,222,290.66
2026-09-25,umbreon_41,9,223,40.0,263,515.78
2026-09-25,umbreon_41,10,145,40.0,185,2114.89
2026-09-25,umbreon_H29,1,50,,50,560.41
2026-09-25,umbreon_H29,2,29,3.0,32,390.0
2026-09-25,umbreon_H29,3,57,10.0,67,586.0
2026-09-25,umbreon_H29,4,115,13.0,128,689.62
2026-09-25,umbreon_H29,5,273,31.0,304,1324.64
2026-09-25,umbreon_H29,6,244,52.0,296,1503.0
2026-09-25,umbreon_H29,7,236,43.0,279,1675.0
2026-09-25,umbreon_H29,8,272,53.0,325,2849.5
2026-09-25,umbreon_H29,9,298,30.0,328,5894.44
2026-09-25,umbreon_H29,10,91,8.0,99,24218.1
2026-09-25,umbreon_H30,1,39,,39,1650.0
2026-09-25,umbreon_H30,2,25,,25,1749.5
2026-09-25,umbreon_H30,3,32,4.0,36,1787.5
2026-09-25,umbreon_H30,4,58,8.0,66,1842.0
2026-09-25,umbreon_H30,5,125,11.0,136,2425.0
2026-09-25,umbreon_H30,6,139,14.0,153,2511.48
2026-09-25,umbreon_H30,7,192,21.0,213,3595.26
2026-09-25,umbreon_H30,8,293,39.0,332,5719.71
2026-09-25,umbreon_H30,9,392,40.0,432,9985.0
2026-09-25,umbreon_H30,10,129,54.0,183,59040.52
2026-09-25,umbreon_darkrai_gx_125,1,14,,14,95.99
2026-09-25,umbreon_darkrai_gx_125,2,2,,2,28.0
2026-09-25,umbreon_darkrai_gx_125,3,9,,9,31.0
2026-09-25,umbreon_darkrai_gx_125,4,19,1.0,20,36.0
2026-09-25,umbreon_darkrai_gx_125,5,41,5.0,46,42.0
2026-09-25,umbreon_darkrai_gx_125,6,117,7.0,124,53.02
2026-09-25,umbreon_darkrai_gx_125,7,194,26.0,220,61.0
2026-09-25,umbreon_darkrai_gx_125,8,590,156.0,746,76.54
2026-09-25,umbreon_darkrai_gx_125,9,2215,254.0,2469,125.0
2026-09-25,umbreon_darkrai_gx_125,10,2624,192.0,2816,619.75
2026-09-25,umbreon_ex_112,1,128,2,130,380.54
2026-09-25,umbreon_ex_112,2,46,4,50,366.92
2026-09-25,umbreon_ex_112,3,49,5,54,419.18
2026-09-25,umbreon_ex_112,4,104,19,123,630.0
2026-09-25,umbreon_ex_112,5,151,22,173,874.5
2026-09-25,umbreon_ex_112,6,252,30,282,999.0
2026-09-25,umbreon_ex_112,7,287,52,339,1622.83
2026-09-25,umbreon_ex_112,8,368,77,445,3150.0
2026-09-25,umbreon_ex_112,9,258,34,292,3497.81
2026-09-25,umbreon_ex_112,10,46,22,68,78318.72
2026-09-25,umbreon_ex_119,1,72,,72,152.25
2026-09-25,umbreon_ex_119,2,18,3.0,21,43.0
2026-09-25,umbreon_ex_119,3,37,2.0,39,48.0
2026-09-25,umbreon_ex_119,4,76,11.0,87,56.0
2026-09-25,umbreon_ex_119,5,155,23.0,178,66.0
2026-09-25,umbreon_ex_119,6,385,51.0,436,82.05
2026-09-25,umbreon_ex_119,7,636,104.0,740,135.0
2026-09-25,umbreon_ex_119,8,1173,347.0,1520,165.02
2026-09-25,umbreon_ex_119,9,1636,160.0,1796,382.67
2026-09-25,umbreon_ex_119,10,694,61.0,755,4700.0
2026-09-25,umbreon_ex_55,1,17,,17,55.0
2026-09-25,umbreon_ex_55,2,5,,5,16.0
2026-09-25,umbreon_ex_55,3,11,4.0,15,18.0
2026-09-25,umbreon_ex_55,4,20,4.0,24,21.0
2026-09-25,umbreon_ex_55,5,57,9.0,66,24.51
2026-09-25,umbreon_ex_55,6,121,15.0,136,28.0
2026-09-25,umbreon_ex_55,7,224,57.0,281,40.6
2026-09-25,umbreon_ex_55,8,560,221.0,781,75.5
2026-09-25,umbreon_ex_55,9,1009,145.0,1154,164.11
2026-09-25,umbreon_ex_55,10,532,42.0,574,1347.43
2026-09-25,umbreon_v_189,1,14,,14,257.25
2026-09-25,umbreon_v_189,2,3,,3,149.0
2026-09-25,umbreon_v_189,3,12,,12,165.0
2026-09-25,umbreon_v_189,4,37,1.0,38,194.0
2026-09-25,umbreon_v_189,5,79,9.0,88,227.75
2026-09-25,umbreon_v_189,6,255,20.0,275,250.0
2026-09-25,umbreon_v_189,7,371,35.0,406,265.51
2026-09-25,umbreon_v_189,8,1990,284.0,2274,324.74
2026-09-25,umbreon_v_189,9,7635,895.0,8530,348.73
2026-09-25,umbreon_v_189,10,8211,819.0,9030,1052.44
2026-09-25,umbreon_vmax_214,2,,,,8.0
2026-09-25,umbreon_vmax_214,3,5.0,1.0,6.0,9.0
2026-09-25,umbreon_vmax_214,4,6.0,1.0,7.0,11.0
2026-09-25,umbreon_vmax_214,5,14.0,3.0,17.0,13.0
2026-09-25,umbreon_vmax_214,6,38.0,2.0,40.0,16.0
2026-09-25,umbreon_vmax_214,7,73.0,16.0,89.0,58.85
2026-09-25,umbreon_vmax_214,8,221.0,81.0,302.0,59.99
2026-09-25,umbreon_vmax_214,9,1069.0,222.0,1291.0,72.72
2026-09-25,umbreon_vmax_214,10,4017.0,473.0,4490.0,196.25
2026-09-25,umbreon_vmax_215,1,62,,62,1422.5
2026-09-25,umbreon_vmax_215,2,34,,34,764.0
2026-09-25,umbreon_vmax_215,3,59,3.0,62,849.0
2026-09-25,umbreon_vmax_215,4,116,7.0,123,999.0
2026-09-25,umbreon_vmax_215,5,182,15.0,197,1175.0
2026-09-25,umbreon_vmax_215,6,360,23.0,383,1519.94
2026-09-25,umbreon_vmax_215,7,493,70.0,563,1677.7
2026-09-25,umbreon_vmax_215,8,1508,276.0,1784,1875.0
2026-09-25,umbreon_vmax_215,9,6104,829.0,6933,2098.1
2026-09-25,umbreon_vmax_215,10,20819,1723.0,22542,4125.0
2026-09-25,unown_O,2,,,,9.0
2026-09-25,unown_O,3,,,,10.0
2026-09-25,unown_O,4,,,,12.0
2026-09-25,unown_O,5,,,,14.27
2026-09-25,unown_O,6,,,,15.0
2026-09-25,unown_O,7,,,,18.75
2026-09-25,unown_O,8,,,,22.22
2026-09-25,unown_O,9,,,,39.99
2026-09-25,unown_O,10,,,,128.1
2026-09-25,unown_p_58,2,,,,3.0
2026-09-25,unown_p_58,3,1.0,,1.0,3.0
2026-09-25,unown_p_58,4,,1.0,1.0,3.0
2026-09-25,unown_p_58,5,,1.0,1.0,4.0
2026-09-25,unown_p_58,6,,4.0,4.0,5.2
2026-09-25,unown_p_58,7,2.0,13.0,15.0,15.0
2026-09-25,unown_p_58,8,5.0,45.0,50.0,18.32
2026-09-25,unown_p_58,9,12.0,32.0,44.0,20.0
2026-09-25,unown_p_58,10,10.0,12.0,22.0,630.0
2026-09-25,unown_s_39,9,,8,8,32.62
2026-09-25,unown_s_39,10,,1,1,93.67
2026-09-25,vanilluxe_29,9,,1,1,14.76
2026-09-25,vanilluxe_29,10,,1,1,40.31
2026-09-25,vaporeon_18,1,17,1,18,92.0
2026-09-25,vaporeon_18,2,3,1,4,30.0
2026-09-25,vaporeon_18,3,13,4,17,33.39
2026-09-25,vaporeon_18,4,20,8,28,58.0
2026-09-25,vaporeon_18,5,32,12,44,68.0
2026-09-25,vaporeon_18,6,84,14,98,85.0
2026-09-25,vaporeon_18,7,122,31,153,119.99
2026-09-25,vaporeon_18,8,199,61,260,255.0
2026-09-25,vaporeon_18,9,240,56,296,415.0
2026-09-25,vaporeon_18,10,119,15,134,2200.0
2026-09-25,vaporeon_34,2,,,,5.0
2026-09-25,vaporeon_34,3,,,,5.0
2026-09-25,vaporeon_34,4,,,,6.0
2026-09-25,vaporeon_34,5,,1.0,1.0,7.0
2026-09-25,vaporeon_34,6,,,,9.0
2026-09-25,vaporeon_34,7,2.0,2.0,4.0,10.67
2026-09-25,vaporeon_34,8,14.0,9.0,23.0,25.65
2026-09-25,vaporeon_34,9,9.0,11.0,20.0,25.69
2026-09-25,vaporeon_34,10,4.0,3.0,7.0,50.35
2026-09-25,vaporeon_H31,2,6,1,7,140.73
2026-09-25,vaporeon_H31,3,11,1,12,261.0
2026-09-25,vaporeon_H31,4,27,4,31,306.54
2026-09-25,vaporeon_H31,5,75,7,82,660.0
2026-09-25,vaporeon_H31,6,118,6,124,790.0
2026-09-25,vaporeon_H31,7,147,16,163,1045.9
2026-09-25,vaporeon_H31,8,193,38,231,1431.0
2026-09-25,vaporeon_H31,9,337,30,367,1823.5
2026-09-25,vaporeon_H31,10,113,40,153,18472.0
2026-09-25,vaporeon_ex_110,1,38,1,39,149.99
2026-09-25,vaporeon_ex_110,2,12,1,13,92.0
2026-09-25,vaporeon_ex_110,3,14,1,15,102.0
2026-09-25,vaporeon_ex_110,4,39,8,47,120.0
2026-09-25,vaporeon_ex_110,5,105,14,119,165.33
2026-09-25,vaporeon_ex_110,6,126,22,148,204.96
2026-09-25,vaporeon_ex_110,7,143,37,180,319.99
2026-09-25,vaporeon_ex_110,8,227,59,286,469.07
2026-09-25,vaporeon_ex_110,9,208,38,246,2003.8
2026-09-25,vaporeon_ex_110,10,39,12,51,7400.0
2026-09-25,venusaur_13_promo,1,86,,86,173.5
2026-09-25,venusaur_13_promo,2,17,,17,73.0
2026-09-25,venusaur_13_promo,3,43,,43,96.0
2026-09-25,venusaur_13_promo,4,123,,123,136.36
2026-09-25,venusaur_13_promo,5,424,,424,155.32
2026-09-25,venusaur_13_promo,6,917,,917,168.67
2026-09-25,venusaur_13_promo,7,1065,,1065,241.33
2026-09-25,venusaur_13_promo,8,924,,924,415.5
2026-09-25,venusaur_13_promo,9,411,,411,792.48
2026-09-25,venusaur_13_promo,10,66,,66,7738.17
2026-09-25,venusaur_18,1,213,7,220,100.0
2026-09-25,venusaur_18,2,168,12,180,43.0
2026-09-25,venusaur_18,3,271,46,317,48.0
2026-09-25,venusaur_18,4,585,120,705,56.5
2026-09-25,venusaur_18,5,1232,258,1490,75.36
2026-09-25,venusaur_18,6,1612,335,1947,96.53
2026-09-25,venusaur_18,7,1806,524,2330,117.0
2026-09-25,venusaur_18,8,2337,714,3051,187.09
2026-09-25,venusaur_18,9,1331,216,1547,332.17
2026-09-25,venusaur_18,10,107,28,135,2425.63
2026-09-25,venusaur_18_legendary_collection,1,18,2,20,107.5
2026-09-25,venusaur_18_legendary_collection,2,19,3,22,41.0
2026-09-25,venusaur_18_legendary_collection,3,27,7,34,45.0
2026-09-25,venusaur_18_legendary_collection,4,48,13,61,52.49
2026-09-25,venusaur_18_legendary_collection,5,118,25,143,59.99
2026-09-25,venusaur_18_legendary_collection,6,168,32,200,76.0
2026-09-25,venusaur_18_legendary_collection,7,221,59,280,95.0
2026-09-25,venusaur_18_legendary_collection,8,350,109,459,138.5
2026-09-25,venusaur_18_legendary_collection,9,308,46,354,350.5
2026-09-25,venusaur_18_legendary_collection,10,30,18,48,2199.99
2026-09-25,venusaur_ex_141,1,,,,81.0
2026-09-25,venusaur_ex_141,2,,,,16.0
2026-09-25,venusaur_ex_141,3,,,,18.0
2026-09-25,venusaur_ex_141,4,,5.0,5.0,21.5
2026-09-25,venusaur_ex_141,5,,3.0,3.0,50.0
2026-09-25,venusaur_ex_141,6,,25.0,25.0,62.81
2026-09-25,venusaur_ex_141,7,1.0,27.0,28.0,115.0
2026-09-25,venusaur_ex_141,8,1.0,88.0,89.0,205.11
2026-09-25,venusaur_ex_141,9,,10.0,10.0,380.0
2026-09-25,venusaur_ex_141,10,,,,3544.65
2026-09-25,venusaur_ex_198,2,4,,4,30.99
2026-09-25,venusaur_ex_198,3,10,,10,34.0
2026-09-25,venusaur_ex_198,4,38,2.0,40,40.5
2026-09-25,venusaur_ex_198,5,80,3.0,83,70.0
2026-09-25,venusaur_ex_198,6,284,12.0,296,88.0
2026-09-25,venusaur_ex_198,7,1286,76.0,1362,95.1
2026-09-25,venusaur_ex_198,8,8640,528.0,9168,96.99
2026-09-25,venusaur_ex_198,9,26807,1125.0,27932,119.49
2026-09-25,venusaur_ex_198,10,15735,1403.0,17138,435.05
2026-09-25,victini_ex_131,1,8,1.0,9,204.0
2026-09-25,victini_ex_131,2,2,,2,73.0
2026-09-25,victini_ex_131,3,1,,1,81.0
2026-09-25,victini_ex_131,4,6,,6,95.0
2026-09-25,victini_ex_131,5,15,3.0,18,112.0
2026-09-25,victini_ex_131,6,36,3.0,39,140.0
2026-09-25,victini_ex_131,7,111,6.0,117,169.98
2026-09-25,victini_ex_131,8,156,27.0,183,272.5
2026-09-25,victini_ex_131,9,71,7.0,78,1194.3
2026-09-25,victini_ex_131,10,4,,4,1912.65
2026-09-25,victory_cup_BW29_promo,2,,,,84.0
2026-09-25,victory_cup_BW29_promo,3,,,,93.0
2026-09-25,victory_cup_BW29_promo,4,,,,109.0
2026-09-25,victory_cup_BW29_promo,5,,,,128.0
2026-09-25,victory_cup_BW29_promo,6,,,,160.0
2026-09-25,victory_cup_BW29_promo,7,,,,200.0
2026-09-25,victory_cup_BW29_promo,8,,,,365.19
2026-09-25,victory_cup_BW29_promo,9,,,,525.0
2026-09-25,victory_cup_BW29_promo,10,,,,1009.42
2026-09-25,victreebel_H30,1,3.0,,3.0,72.5
2026-09-25,victreebel_H30,2,,,,22.0
2026-09-25,victreebel_H30,3,1.0,1.0,2.0,24.0
2026-09-25,victreebel_H30,4,8.0,2.0,10.0,28.0
2026-09-25,victreebel_H30,5,19.0,12.0,31.0,47.5
2026-09-25,victreebel_H30,6,46.0,9.0,55.0,81.75
2026-09-25,victreebel_H30,7,82.0,23.0,105.0,136.76
2026-09-25,victreebel_H30,8,158.0,46.0,204.0,156.92
2026-09-25,victreebel_H30,9,242.0,37.0,279.0,349.45
2026-09-25,victreebel_H30,10,83.0,18.0,101.0,2067.14
2026-09-25,vileplume_H31,1,2,,2,67.66
2026-09-25,vileplume_H31,2,1,,1,19.0
2026-09-25,vileplume_H31,3,3,1.0,4,21.0
2026-09-25,vileplume_H31,4,7,2.0,9,24.98
2026-09-25,vileplume_H31,5,26,5.0,31,61.0
2026-09-25,vileplume_H31,6,51,6.0,57,76.83
2026-09-25,vileplume_H31,7,102,10.0,112,116.6
2026-09-25,vileplume_H31,8,144,36.0,180,183.53
2026-09-25,vileplume_H31,9,164,30.0,194,445.98
2026-09-25,vileplume_H31,10,41,14.0,55,2800.0
2026-09-25,vileplume_gx_211,2,,,,32.0
2026-09-25,vileplume_gx_211,3,2.0,1.0,3.0,35.0
2026-09-25,vileplume_gx_211,4,7.0,1.0,8.0,41.0
2026-09-25,vileplume_gx_211,5,3.0,2.0,5.0,48.0
2026-09-25,vileplume_gx_211,6,22.0,3.0,25.0,60.0
2026-09-25,vileplume_gx_211,7,34.0,5.0,39.0,75.0
2026-09-25,vileplume_gx_211,8,238.0,60.0,298.0,93.91
2026-09-25,vileplume_gx_211,9,754.0,90.0,844.0,179.01
2026-09-25,vileplume_gx_211,10,683.0,74.0,757.0,699.99
2026-09-25,virizion_103,1,1,,1,115.5
2026-09-25,virizion_103,2,1,,1,29.0
2026-09-25,virizion_103,3,3,,3,32.0
2026-09-25,virizion_103,4,5,1.0,6,38.0
2026-09-25,virizion_103,5,11,3.0,14,45.0
2026-09-25,virizion_103,6,39,4.0,43,56.0
2026-09-25,virizion_103,7,57,12.0,69,172.5
2026-09-25,virizion_103,8,110,36.0,146,250.0
2026-09-25,virizion_103,9,157,10.0,167,406.18
2026-09-25,virizion_103,10,54,1.0,55,3050.0
2026-09-25,volbeat_8,9,,,,12.44
2026-09-25,volbeat_8,10,,,,35.06
2026-09-25,volcanion_ex_26,1,2,,2,64.99
2026-09-25,volcanion_ex_26,2,2,,2,5.0
2026-09-25,volcanion_ex_26,3,3,,3,5.0
2026-09-25,volcanion_ex_26,4,5,,5,6.0
2026-09-25,volcanion_ex_26,5,2,1.0,3,7.0
2026-09-25,volcanion_ex_26,6,15,14.0,29,8.83
2026-09-25,volcanion_ex_26,7,8,19.0,27,10.43
2026-09-25,volcanion_ex_26,8,43,58.0,101,13.75
2026-09-25,volcanion_ex_26,9,102,35.0,137,20.07
2026-09-25,volcanion_ex_26,10,128,24.0,152,90.89
2026-09-25,wailord_14,2,1,,1,3.0
2026-09-25,wailord_14,3,3,,3,3.0
2026-09-25,wailord_14,4,3,1.0,4,3.44
2026-09-25,wailord_14,5,4,3.0,7,29.0
2026-09-25,wailord_14,6,22,5.0,27,35.77
2026-09-25,wailord_14,7,31,9.0,40,39.5
2026-09-25,wailord_14,8,85,23.0,108,53.1
2026-09-25,wailord_14,9,83,40.0,123,168.13
2026-09-25,wailord_14,10,17,18.0,35,1284.38
2026-09-25,wailord_40,9,2,,2,9.01
2026-09-25,wailord_40,10,1,,1,38.75
2026-09-25,walking_wake_ex_205,2,,,,8.0
2026-09-25,walking_wake_ex_205,3,,,,9.0
2026-09-25,walking_wake_ex_205,4,5.0,1.0,6.0,11.0
2026-09-25,walking_wake_ex_205,5,17.0,1.0,18.0,13.5
2026-09-25,walking_wake_ex_205,6,29.0,,29.0,32.52
2026-09-25,walking_wake_ex_205,7,45.0,6.0,51.0,34.0
2026-09-25,walking_wake_ex_205,8,370.0,28.0,398.0,37.5
2026-09-25,walking_wake_ex_205,9,2446.0,76.0,2522.0,52.5
2026-09-25,walking_wake_ex_205,10,2543.0,219.0,2762.0,158.18
2026-09-25,walrein_39,9,1.0,2,3,10.56
2026-09-25,walrein_39,10,,1,1,30.98
2026-09-25,wattrel_75,9,,2,2,10.28
2026-09-25,wattrel_75,10,,3,3,30.68
2026-09-25,weezing_58,8,12,28,40,15.25
2026-09-25,weezing_58,9,28,6,34,34.0
2026-09-25,weezing_58,10,5,1,6,375.0
2026-09-25,whiscash_109,8,,,,9.95
2026-09-25,whiscash_109,9,1.0,1.0,2.0,10.5
2026-09-25,whiscash_109,10,,1.0,1.0,49.99
2026-09-25,whismur_148,9,,2.0,2,10.17
2026-09-25,whismur_148,10,2.0,,2,30.39
2026-09-25,whismur_73,2,,,,5.0
2026-09-25,whismur_73,3,,,,6.0
2026-09-25,whismur_73,4,,,,7.0
2026-09-25,whismur_73,5,2.0,1.0,3.0,8.0
2026-09-25,whismur_73,6,2.0,,2.0,9.71
2026-09-25,whismur_73,7,2.0,3.0,5.0,10.52
2026-09-25,whismur_73,8,8.0,7.0,15.0,13.5
2026-09-25,whismur_73,9,22.0,24.0,46.0,15.12
2026-09-25,whismur_73,10,10.0,105.0,115.0,108.44
2026-09-25,white_kyurem_XY128_promo,2,3,,3,19.0
2026-09-25,white_kyurem_XY128_promo,3,1,,1,21.0
2026-09-25,white_kyurem_XY128_promo,4,6,,6,25.0
2026-09-25,white_kyurem_XY128_promo,5,8,,8,29.81
2026-09-25,white_kyurem_XY128_promo,6,57,,57,36.0
2026-09-25,white_kyurem_XY128_promo,7,229,,229,59.0
2026-09-25,white_kyurem_XY128_promo,8,366,,366,112.0
2026-09-25,white_kyurem_XY128_promo,9,71,,71,992.27
2026-09-25,white_kyurem_XY128_promo,10,3,,3,1191.0
2026-09-25,whitney_214,2,1.0,,1.0,18.0
2026-09-25,whitney_214,3,,,,20.0
2026-09-25,whitney_214,4,1.0,2.0,3.0,23.0
2026-09-25,whitney_214,5,5.0,3.0,8.0,27.0
2026-09-25,whitney_214,6,16.0,6.0,22.0,34.0
2026-09-25,whitney_214,7,36.0,9.0,45.0,55.75
2026-09-25,whitney_214,8,180.0,75.0,255.0,79.99
2026-09-25,whitney_214,9,622.0,97.0,719.0,82.6
2026-09-25,whitney_214,10,436.0,33.0,469.0,299.75
2026-09-25,wingull_38,9,,,,10.12
2026-09-25,wingull_38,10,,5.0,5.0,30.34
2026-09-25,winona_108,2,1,2,3,13.0
2026-09-25,winona_108,3,1,1,2,14.0
2026-09-25,winona_108,4,11,1,12,17.0
2026-09-25,winona_108,5,32,5,37,20.0
2026-09-25,winona_108,6,86,12,98,24.75
2026-09-25,winona_108,7,188,41,229,27.5
2026-09-25,winona_108,8,239,108,347,37.12
2026-09-25,winona_108,9,209,16,225,105.42
2026-09-25,winona_108,10,22,1,23,1882.42
2026-09-25,wormadam_10,8,,,,12.99
2026-09-25,wormadam_10,9,,1.0,1.0,14.0
2026-09-25,wormadam_10,10,,,,33.4
2026-09-25,xatu_88,9,,,,11.18
2026-09-25,xatu_88,10,,,,31.97
2026-09-25,xatu_H32,1,3,,3,162.0
2026-09-25,xatu_H32,2,1,,1,94.0
2026-09-25,xatu_H32,3,1,1.0,2,104.0
2026-09-25,xatu_H32,4,4,3.0,7,122.0
2026-09-25,xatu_H32,5,8,3.0,11,144.0
2026-09-25,xatu_H32,6,30,2.0,32,180.45
2026-09-25,xatu_H32,7,59,7.0,66,183.4
2026-09-25,xatu_H32,8,142,18.0,160,247.48
2026-09-25,xatu_H32,9,255,25.0,280,882.43
2026-09-25,xatu_H32,10,105,39.0,144,2594.88
2026-09-25,yveltal_ex_XY150a_promo,1,6,,6,142.5
2026-09-25,yveltal_ex_XY150a_promo,2,2,,2,102.0
2026-09-25,yveltal_ex_XY150a_promo,3,5,,5,113.0
2026-09-25,yveltal_ex_XY150a_promo,4,11,,11,133.0
2026-09-25,yveltal_ex_XY150a_promo,5,22,,22,156.87
2026-09-25,yveltal_ex_XY150a_promo,6,107,,107,203.71
2026-09-25,yveltal_ex_XY150a_promo,7,269,,269,260.0
2026-09-25,yveltal_ex_XY150a_promo,8,587,,587,356.8
2026-09-25,yveltal_ex_XY150a_promo,9,435,,435,871.73
2026-09-25,yveltal_ex_XY150a_promo,10,113,,113,3262.5
2026-09-25,zapdos_24,2,,,,4.0
2026-09-25,zapdos_24,3,,,,4.0
2026-09-25,zapdos_24,4,,1.0,1.0,5.0
2026-09-25,zapdos_24,5,1.0,2.0,3.0,6.0
2026-09-25,zapdos_24,6,,1.0,1.0,7.0
2026-09-25,zapdos_24,7,12.0,4.0,16.0,8.5
2026-09-25,zapdos_24,8,57.0,112.0,169.0,18.89
2026-09-25,zapdos_24,9,563.0,273.0,836.0,21.0
2026-09-25,zapdos_24,10,622.0,97.0,719.0,55.07
2026-09-25,zapdos_H32,1,23,,23,186.13
2026-09-25,zapdos_H32,2,3,3.0,6,46.0
2026-09-25,zapdos_H32,3,11,2.0,13,51.0
2026-09-25,zapdos_H32,4,15,2.0,17,60.5
2026-09-25,zapdos_H32,5,45,8.0,53,342.63
2026-09-25,zapdos_H32,6,79,17.0,96,354.01
2026-09-25,zapdos_H32,7,121,31.0,152,600.0
2026-09-25,zapdos_H32,8,196,49.0,245,856.08
2026-09-25,zapdos_H32,9,258,35.0,293,1202.0
2026-09-25,zapdos_H32,10,111,14.0,125,7439.23
2026-09-25,zapdos_ex_202,1,5,,5,85.0
2026-09-25,zapdos_ex_202,2,1,,1,33.0
2026-09-25,zapdos_ex_202,3,8,,8,37.0
2026-09-25,zapdos_ex_202,4,29,2.0,31,43.0
2026-09-25,zapdos_ex_202,5,65,9.0,74,51.0
2026-09-25,zapdos_ex_202,6,296,17.0,313,64.0
2026-09-25,zapdos_ex_202,7,1001,44.0,1045,80.0
2026-09-25,zapdos_ex_202,8,7300,466.0,7766,86.5
2026-09-25,zapdos_ex_202,9,22084,1006.0,23090,100.0
2026-09-25,zapdos_ex_202,10,13145,1276.0,14421,400.0
2026-09-25,zapdos_ex_33_promo,2,,,,4.0
2026-09-25,zapdos_ex_33_promo,3,,,,4.0
2026-09-25,zapdos_ex_33_promo,4,,,,5.0
2026-09-25,zapdos_ex_33_promo,5,3.0,,3.0,6.0
2026-09-25,zapdos_ex_33_promo,6,4.0,,4.0,7.0
2026-09-25,zapdos_ex_33_promo,7,10.0,,10.0,8.52
2026-09-25,zapdos_ex_33_promo,8,77.0,,77.0,14.0
2026-09-25,zapdos_ex_33_promo,9,230.0,,230.0,17.4
2026-09-25,zapdos_ex_33_promo,10,262.0,,262.0,79.81
2026-09-25,zekrom_115,1,31,,31,144.95
2026-09-25,zekrom_115,2,22,,22,71.0
2026-09-25,zekrom_115,3,33,2.0,35,79.0
2026-09-25,zekrom_115,4,43,4.0,47,134.0
2026-09-25,zekrom_115,5,129,13.0,142,158.17
2026-09-25,zekrom_115,6,218,25.0,243,238.93
2026-09-25,zekrom_115,7,395,51.0,446,304.0
2026-09-25,zekrom_115,8,508,106.0,614,393.5
2026-09-25,zekrom_115,9,359,13.0,372,710.0
2026-09-25,zekrom_115,10,39,2.0,41,9049.99
2026-09-25,zekrom_XY76_promo,1,6,,6,122.5
2026-09-25,zekrom_XY76_promo,2,1,,1,23.0
2026-09-25,zekrom_XY76_promo,3,2,,2,26.0
2026-09-25,zekrom_XY76_promo,4,15,,15,31.0
2026-09-25,zekrom_XY76_promo,5,33,,33,36.0
2026-09-25,zekrom_XY76_promo,6,101,,101,72.63
2026-09-25,zekrom_XY76_promo,7,248,,248,132.5
2026-09-25,zekrom_XY76_promo,8,426,,426,137.25
2026-09-25,zekrom_XY76_promo,9,150,,150,568.82
2026-09-25,zekrom_XY76_promo,10,7,,7,1763.72
2026-09-25,zekrom_ex_52,2,,,,11.0
2026-09-25,zekrom_ex_52,3,,1.0,1.0,12.0
2026-09-25,zekrom_ex_52,4,2.0,1.0,3.0,14.0
2026-09-25,zekrom_ex_52,5,6.0,1.0,7.0,16.0
2026-09-25,zekrom_ex_52,6,12.0,5.0,17.0,20.5
2026-09-25,zekrom_ex_52,7,23.0,15.0,38.0,31.45
2026-09-25,zekrom_ex_52,8,52.0,21.0,73.0,33.41
2026-09-25,zekrom_ex_52,9,66.0,6.0,72.0,70.52
2026-09-25,zekrom_ex_52,10,14.0,2.0,16.0,549.0
2026-09-25,zekrom_ex_97,1,23,,23,231.76
2026-09-25,zekrom_ex_97,2,5,,5,124.99
2026-09-25,zekrom_ex_97,3,13,1.0,14,144.99
2026-09-25,zekrom_ex_97,4,13,3.0,16,145.94
2026-09-25,zekrom_ex_97,5,38,6.0,44,165.0
2026-09-25,zekrom_ex_97,6,86,11.0,97,223.5
2026-09-25,zekrom_ex_97,7,139,11.0,150,305.0
2026-09-25,zekrom_ex_97,8,151,44.0,195,474.54
2026-09-25,zekrom_ex_97,9,77,11.0,88,1630.15
2026-09-25,zekrom_ex_97,10,10,,10,2250.47
2026-09-25,zeraora_57,9,4,1,5,10.7
2026-09-25,zeraora_57,10,2,2,4,32.95
2026-09-25,zeraora_gx_221,2,,,,14.0
2026-09-25,zeraora_gx_221,3,,1.0,1.0,15.0
2026-09-25,zeraora_gx_221,4,2.0,1.0,3.0,18.0
2026-09-25,zeraora_gx_221,5,2.0,,2.0,21.0
2026-09-25,zeraora_gx_221,6,7.0,1.0,8.0,26.0
2026-09-25,zeraora_gx_221,7,9.0,5.0,14.0,32.0
2026-09-25,zeraora_gx_221,8,33.0,32.0,65.0,40.14
2026-09-25,zeraora_gx_221,9,164.0,28.0,192.0,118.06
2026-09-25,zeraora_gx_221,10,157.0,15.0,172.0,382.75
2026-09-25,zeraora_v_166,2,1,,1,15.0
2026-09-25,zeraora_v_166,3,2,,2,17.0
2026-09-25,zeraora_v_166,4,10,,10,20.0
2026-09-25,zeraora_v_166,5,16,2.0,18,23.0
2026-09-25,zeraora_v_166,6,33,8.0,41,29.33
2026-09-25,zeraora_v_166,7,76,18.0,94,33.67
2026-09-25,zeraora_v_166,8,326,99.0,425,59.15
2026-09-25,zeraora_v_166,9,1703,319.0,2022,90.0
2026-09-25,zeraora_v_166,10,3378,336.0,3714,230.81
2026-09-25,zoroark_102,1,1,,1,71.0
2026-09-25,zoroark_102,2,1,,1,73.0
2026-09-25,zoroark_102,3,2,,2,81.0
2026-09-25,zoroark_102,4,1,2.0,3,95.5
2026-09-25,zoroark_102,5,3,2.0,5,162.5
2026-09-25,zoroark_102,6,13,9.0,22,200.0
2026-09-25,zoroark_102,7,46,5.0,51,300.0
2026-09-25,zoroark_102,8,81,17.0,98,403.06
2026-09-25,zoroark_102,9,126,2.0,128,894.83
2026-09-25,zoroark_102,10,11,,11,2128.91
2026-09-25,zorua_72,9,,,,11.81
2026-09-25,zorua_72,10,,,,33.75
2026-09-25,zorua_BW12_promo,8,,,,20.0
2026-09-25,zorua_BW12_promo,9,,,,32.0
2026-09-25,zorua_BW12_promo,10,,,,42.22
2026-09-25,zubat_133,2,,,,4.0
2026-09-25,zubat_133,3,,,,4.0
2026-09-25,zubat_133,4,,,,5.0
2026-09-25,zubat_133,5,,,,6.0
2026-09-25,zubat_133,6,,,,7.88
2026-09-25,zubat_133,7,1.0,2.0,3.0,10.5
2026-09-25,zubat_133,8,1.0,4.0,5.0,12.01
2026-09-25,zubat_133,9,3.0,8.0,11.0,12.56
2026-09-25,zubat_133,10,1.0,1.0,2.0,36.66
2026-09-25,zubat_57,2,,1,1,3.0
2026-09-25,zubat_57,3,,6,6,3.0
2026-09-25,zubat_57,4,,21,21,3.4
2026-09-25,zubat_57,5,,53,53,6.0
2026-09-25,zubat_57,6,,124,124,8.0
2026-09-25,zubat_57,7,,211,211,9.86
2026-09-25,zubat_57,8,,488,488,19.99
2026-09-25,zubat_57,9,12.0,299,311,21.72
2026-09-25,zubat_57,10,8.0,130,138,128.25
2026-09-25,zubat_88,1,,,,45.0
2026-09-25,zubat_88,8,4.0,24.0,28.0,30.49
2026-09-25,zubat_88,9,9.0,18.0,27.0,34.0
2026-09-25,zubat_88,10,4.0,85.0,89.0,85.0
2026-09-25,zygarde_ex_54a,1,,,,75.0
2026-09-25,zygarde_ex_54a,2,,,,19.0
2026-09-25,zygarde_ex_54a,3,,,,21.0
2026-09-25,zygarde_ex_54a,4,,4.0,4.0,25.0
2026-09-25,zygarde_ex_54a,5,,9.0,9.0,29.0
2026-09-25,zygarde_ex_54a,6,,11.0,11.0,36.06
2026-09-25,zygarde_ex_54a,7,,18.0,18.0,37.0
2026-09-25,zygarde_ex_54a,8,,100.0,100.0,46.0
2026-09-25,zygarde_ex_54a,9,,90.0,90.0,59.88
2026-09-25,zygarde_ex_54a,10,,51.0,51.0,612.5
